# Telegram Play 12.10.3 (70892), base APK SHA-256 6b3565f20af6681172b49cf84915818fb575ace8295cd1de08c4b9a2b3985f5e
C	androidx.recyclerview.widget.ChildHelper	l.g3
C	androidx.recyclerview.widget.DefaultItemAnimator$ChangeInfo	n4.i
C	androidx.recyclerview.widget.DefaultItemAnimator	n4.k
C	androidx.recyclerview.widget.DiffUtil$DiffResult	n4.l
C	androidx.recyclerview.widget.GridLayoutManagerFixed	org.telegram.ui.jk
C	androidx.recyclerview.widget.ItemTouchHelper$Callback	n4.b0
C	androidx.recyclerview.widget.ItemTouchHelper$RecoverAnimation	n4.z
C	androidx.recyclerview.widget.ItemTouchHelper	n4.e0
C	androidx.recyclerview.widget.LinearLayoutManager$LayoutState	n4.g0
C	androidx.recyclerview.widget.LinearLayoutManager	n4.i0
C	androidx.recyclerview.widget.OrientationHelper	androidx.emoji2.text.g
C	androidx.recyclerview.widget.RecyclerView$Adapter	n4.o0
C	androidx.recyclerview.widget.RecyclerView$AdapterDataObservable	n4.p0
C	androidx.recyclerview.widget.RecyclerView$AdapterDataObserver	n4.q0
C	androidx.recyclerview.widget.RecyclerView$EdgeEffectFactory	n4.s0
C	androidx.recyclerview.widget.RecyclerView$ItemAnimator	n4.t0
C	androidx.recyclerview.widget.RecyclerView$ItemDecoration	n4.u0
C	androidx.recyclerview.widget.RecyclerView$LayoutManager	n4.v0
C	androidx.recyclerview.widget.RecyclerView$LayoutParams	n4.w0
C	androidx.recyclerview.widget.RecyclerView$OnScrollListener	n4.z0
C	androidx.recyclerview.widget.RecyclerView$RecycledViewPool	n4.b1
C	androidx.recyclerview.widget.RecyclerView$Recycler	ge.f
C	androidx.recyclerview.widget.RecyclerView$State	n4.h1
C	androidx.recyclerview.widget.RecyclerView$ViewHolder	n4.k1
C	androidx.recyclerview.widget.SimpleItemAnimator	n4.n1
C	org.telegram.DispatchQueuePriority	xd.c
C	org.telegram.PhoneFormat.PhoneFormat	yd.b
C	org.telegram.messenger.BillingController$$ExternalSyntheticLambda2	org.telegram.messenger.c0
C	org.telegram.messenger.ChatThemeController$$ExternalSyntheticLambda8	org.telegram.messenger.e1
C	org.telegram.messenger.FilesMigrationService$$ExternalSyntheticAPIConversion0	org.telegram.messenger.b
C	org.telegram.messenger.ImageReceiver$ImageReceiverDelegate$-CC	org.telegram.messenger.n5
C	org.telegram.messenger.MessagesController$$ExternalSyntheticLambda102	org.telegram.messenger.ye
C	org.telegram.messenger.audioinfo.AudioInfo	be.a
C	org.telegram.messenger.audioinfo.OtherAudioInfo	be.c
C	org.telegram.messenger.browser.Browser$Progress	fe.e
C	org.telegram.messenger.browser.Browser	fe.f
C	org.telegram.messenger.camera.CameraView$CameraGLThread$$ExternalSyntheticLambda6	org.telegram.messenger.camera.q
C	org.telegram.messenger.chromecast.ChromecastFileServer	ge.e
C	org.telegram.messenger.chromecast.ChromecastMedia	ge.g
C	org.telegram.messenger.chromecast.ChromecastMediaVariations	ge.h
C	org.telegram.messenger.pip.PipSource$Builder	he.e
C	org.telegram.messenger.pip.PipSource	he.f
C	org.telegram.messenger.pip.source.IPipSourceDelegate	je.a
C	org.telegram.messenger.pip.utils.PipSourceParams	ke.b
C	org.telegram.messenger.pip.utils.PipUtils	ke.c
C	org.telegram.messenger.ringtone.RingtoneDataStore$CachedTone	le.b
C	org.telegram.messenger.ringtone.RingtoneDataStore	le.c
C	org.telegram.messenger.support.customtabs.CustomTabsServiceConnection	ne.a
C	org.telegram.messenger.utils.BillingUtilities$TL_savedPurpose	oe.a
C	org.telegram.messenger.utils.BillingUtilities	oe.l0
C	org.telegram.messenger.utils.BitmapsCache$CacheOptions	bg.i
C	org.telegram.messenger.utils.Choreographer60FpsContent$FrameCallback	oe.i
C	org.telegram.messenger.utils.Choreographer60FpsContent	oe.j
C	org.telegram.messenger.utils.DrawableUtils	oe.r
C	org.telegram.messenger.utils.EphemeralMessagesHelper$EphemeralUpdates	oe.u
C	org.telegram.messenger.utils.EphemeralMessagesHelper$WelcomeAnchorsState	oe.v
C	org.telegram.messenger.utils.EphemeralMessagesHelper	oe.w
C	org.telegram.messenger.utils.ImmutableByteArrayOutputStream	oe.c0
C	org.telegram.messenger.utils.RenderNodeEffects	oe.m0
C	org.telegram.messenger.utils.WindowVisibilityManager$Controller	oe.r0
C	org.telegram.messenger.utils.WindowVisibilityManager	oe.t0
C	org.telegram.messenger.utils.tlutils.AmountUtils$Amount	pe.a
C	org.telegram.messenger.utils.tlutils.AmountUtils$Currency	pe.b
C	org.telegram.messenger.utils.tlutils.TLKeyboardHelper	pe.c
C	org.telegram.messenger.video.audio_input.AudioInput	qe.a
C	org.telegram.messenger.video.audio_input.BlankAudioInput	qe.b
C	org.telegram.messenger.video.remix.AudioRemixer	re.a
C	org.telegram.messenger.video.resample.AudioResampler	se.a
C	org.telegram.messenger.voip.VoIPServiceState$-CC	org.telegram.messenger.voip.y0
C	org.telegram.messenger.wallpaper.WallpaperBitmapHolder	te.a
C	org.telegram.messenger.wallpaper.WallpaperGiftPatternPosition	te.c
C	org.telegram.tgnet.ConnectionsManager$RequestCallbacks	org.telegram.tgnet.ConnectionsManager$RequestCallbacks
C	org.telegram.tgnet.InputSerializedData	org.telegram.tgnet.InputSerializedData
C	org.telegram.tgnet.OutputSerializedData	org.telegram.tgnet.OutputSerializedData
C	org.telegram.tgnet.QuickAckDelegate	org.telegram.tgnet.QuickAckDelegate
C	org.telegram.tgnet.RequestDelegateTimestamp	org.telegram.tgnet.RequestDelegateTimestamp
C	org.telegram.tgnet.ResultCallback	org.telegram.tgnet.ResultCallback
C	org.telegram.tgnet.SerializedData	org.telegram.tgnet.SerializedData
C	org.telegram.tgnet.TLDataSourceType	org.telegram.tgnet.TLDataSourceType
C	org.telegram.tgnet.TLMethod	org.telegram.tgnet.TLMethod
C	org.telegram.tgnet.TLObject	org.telegram.tgnet.TLObject
C	org.telegram.tgnet.TLParseException	org.telegram.tgnet.TLParseException
C	org.telegram.tgnet.TLRPC$AttachMenuPeerType	org.telegram.tgnet.TLRPC$AttachMenuPeerType
C	org.telegram.tgnet.TLRPC$Audio	org.telegram.tgnet.TLRPC$Audio
C	org.telegram.tgnet.TLRPC$BaseTheme	org.telegram.tgnet.TLRPC$BaseTheme
C	org.telegram.tgnet.TLRPC$Bool	org.telegram.tgnet.TLRPC$Bool
C	org.telegram.tgnet.TLRPC$BotInlineMessage	org.telegram.tgnet.TLRPC$BotInlineMessage
C	org.telegram.tgnet.TLRPC$BotInlineResult	org.telegram.tgnet.TLRPC$BotInlineResult
C	org.telegram.tgnet.TLRPC$ChannelAdminLogEventAction	org.telegram.tgnet.TLRPC$ChannelAdminLogEventAction
C	org.telegram.tgnet.TLRPC$ChannelLocation	org.telegram.tgnet.TLRPC$ChannelLocation
C	org.telegram.tgnet.TLRPC$ChannelParticipant	org.telegram.tgnet.TLRPC$ChannelParticipant
C	org.telegram.tgnet.TLRPC$ChannelParticipantsFilter	org.telegram.tgnet.TLRPC$ChannelParticipantsFilter
C	org.telegram.tgnet.TLRPC$Chat	org.telegram.tgnet.TLRPC$Chat
C	org.telegram.tgnet.TLRPC$ChatFull	org.telegram.tgnet.TLRPC$ChatFull
C	org.telegram.tgnet.TLRPC$ChatInvite	org.telegram.tgnet.TLRPC$ChatInvite
C	org.telegram.tgnet.TLRPC$ChatParticipant	org.telegram.tgnet.TLRPC$ChatParticipant
C	org.telegram.tgnet.TLRPC$ChatParticipants	org.telegram.tgnet.TLRPC$ChatParticipants
C	org.telegram.tgnet.TLRPC$ChatPhoto	org.telegram.tgnet.TLRPC$ChatPhoto
C	org.telegram.tgnet.TLRPC$ChatReactions	org.telegram.tgnet.TLRPC$ChatReactions
C	org.telegram.tgnet.TLRPC$ChatTheme	org.telegram.tgnet.TLRPC$ChatTheme
C	org.telegram.tgnet.TLRPC$DecryptedMessage	org.telegram.tgnet.TLRPC$DecryptedMessage
C	org.telegram.tgnet.TLRPC$DecryptedMessageAction	org.telegram.tgnet.TLRPC$DecryptedMessageAction
C	org.telegram.tgnet.TLRPC$DecryptedMessageMedia	org.telegram.tgnet.TLRPC$DecryptedMessageMedia
C	org.telegram.tgnet.TLRPC$Dialog	org.telegram.tgnet.TLRPC$Dialog
C	org.telegram.tgnet.TLRPC$DialogFilter	org.telegram.tgnet.TLRPC$DialogFilter
C	org.telegram.tgnet.TLRPC$DialogPeer	org.telegram.tgnet.TLRPC$DialogPeer
C	org.telegram.tgnet.TLRPC$DisallowedGiftsSettings	org.telegram.tgnet.TLRPC$DisallowedGiftsSettings
C	org.telegram.tgnet.TLRPC$Document	org.telegram.tgnet.TLRPC$Document
C	org.telegram.tgnet.TLRPC$DocumentAttribute	org.telegram.tgnet.TLRPC$DocumentAttribute
C	org.telegram.tgnet.TLRPC$DraftMessage	org.telegram.tgnet.TLRPC$DraftMessage
C	org.telegram.tgnet.TLRPC$EmojiGameInfo	org.telegram.tgnet.TLRPC$EmojiGameInfo
C	org.telegram.tgnet.TLRPC$EmojiGroup	org.telegram.tgnet.TLRPC$EmojiGroup
C	org.telegram.tgnet.TLRPC$EmojiList	org.telegram.tgnet.TLRPC$EmojiList
C	org.telegram.tgnet.TLRPC$EmojiStatus	org.telegram.tgnet.TLRPC$EmojiStatus
C	org.telegram.tgnet.TLRPC$EncryptedChat	org.telegram.tgnet.TLRPC$EncryptedChat
C	org.telegram.tgnet.TLRPC$EncryptedFile	org.telegram.tgnet.TLRPC$EncryptedFile
C	org.telegram.tgnet.TLRPC$EncryptedMessage	org.telegram.tgnet.TLRPC$EncryptedMessage
C	org.telegram.tgnet.TLRPC$FileLocation	org.telegram.tgnet.TLRPC$FileLocation
C	org.telegram.tgnet.TLRPC$GeoPoint	org.telegram.tgnet.TLRPC$GeoPoint
C	org.telegram.tgnet.TLRPC$GlobalPrivacySettings	org.telegram.tgnet.TLRPC$GlobalPrivacySettings
C	org.telegram.tgnet.TLRPC$GroupCall	org.telegram.tgnet.TLRPC$GroupCall
C	org.telegram.tgnet.TLRPC$GroupCallMessage	org.telegram.tgnet.TLRPC$GroupCallMessage
C	org.telegram.tgnet.TLRPC$GroupCallParticipant	org.telegram.tgnet.TLRPC$GroupCallParticipant
C	org.telegram.tgnet.TLRPC$InlineQueryPeerType	org.telegram.tgnet.TLRPC$InlineQueryPeerType
C	org.telegram.tgnet.TLRPC$InputChannel	org.telegram.tgnet.TLRPC$InputChannel
C	org.telegram.tgnet.TLRPC$InputCheckPasswordSRP	org.telegram.tgnet.TLRPC$InputCheckPasswordSRP
C	org.telegram.tgnet.TLRPC$InputDocument	org.telegram.tgnet.TLRPC$InputDocument
C	org.telegram.tgnet.TLRPC$InputEncryptedFile	org.telegram.tgnet.TLRPC$InputEncryptedFile
C	org.telegram.tgnet.TLRPC$InputFile	org.telegram.tgnet.TLRPC$InputFile
C	org.telegram.tgnet.TLRPC$InputFileLocation	org.telegram.tgnet.TLRPC$InputFileLocation
C	org.telegram.tgnet.TLRPC$InputGeoPoint	org.telegram.tgnet.TLRPC$InputGeoPoint
C	org.telegram.tgnet.TLRPC$InputGroupCall	org.telegram.tgnet.TLRPC$InputGroupCall
C	org.telegram.tgnet.TLRPC$InputMedia	org.telegram.tgnet.TLRPC$InputMedia
C	org.telegram.tgnet.TLRPC$InputPeer	org.telegram.tgnet.TLRPC$InputPeer
C	org.telegram.tgnet.TLRPC$InputPhoto	org.telegram.tgnet.TLRPC$InputPhoto
C	org.telegram.tgnet.TLRPC$InputQuickReplyShortcut	org.telegram.tgnet.tl.TL_aicompose$InputAiComposeTone
C	org.telegram.tgnet.TLRPC$InputReplyTo	org.telegram.tgnet.TLRPC$InputReplyTo
C	org.telegram.tgnet.TLRPC$InputSecureFile	org.telegram.tgnet.TLRPC$InputSecureFile
C	org.telegram.tgnet.TLRPC$InputStickerSet	org.telegram.tgnet.TLRPC$InputStickerSet
C	org.telegram.tgnet.TLRPC$InputStorePaymentPurpose	org.telegram.tgnet.TLRPC$InputStorePaymentPurpose
C	org.telegram.tgnet.TLRPC$InputUser	org.telegram.tgnet.TLRPC$InputUser
C	org.telegram.tgnet.TLRPC$InputWallPaper	org.telegram.tgnet.TLRPC$InputWallPaper
C	org.telegram.tgnet.TLRPC$InputWebFileLocation	org.telegram.tgnet.TLRPC$InputWebFileLocation
C	org.telegram.tgnet.TLRPC$JSONValue	org.telegram.tgnet.TLRPC$JSONValue
C	org.telegram.tgnet.TLRPC$JoinChatBotResult	org.telegram.tgnet.TLRPC$JoinChatBotResult
C	org.telegram.tgnet.TLRPC$LangPackString	org.telegram.tgnet.TLRPC$LangPackString
C	org.telegram.tgnet.TLRPC$Message	org.telegram.tgnet.TLRPC$Message
C	org.telegram.tgnet.TLRPC$MessageAction	org.telegram.tgnet.TLRPC$MessageAction
C	org.telegram.tgnet.TLRPC$MessageEntity	org.telegram.tgnet.TLRPC$MessageEntity
C	org.telegram.tgnet.TLRPC$MessageExtendedMedia	org.telegram.tgnet.TLRPC$MessageExtendedMedia
C	org.telegram.tgnet.TLRPC$MessageFwdHeader	org.telegram.tgnet.TLRPC$MessageFwdHeader
C	org.telegram.tgnet.TLRPC$MessageMedia	org.telegram.tgnet.TLRPC$MessageMedia
C	org.telegram.tgnet.TLRPC$MessagePeerReaction	org.telegram.tgnet.TLRPC$MessagePeerReaction
C	org.telegram.tgnet.TLRPC$MessagePeerVote	org.telegram.tgnet.TLRPC$MessagePeerVote
C	org.telegram.tgnet.TLRPC$MessageReactions	org.telegram.tgnet.TLRPC$MessageReactions
C	org.telegram.tgnet.TLRPC$MessageReactor	org.telegram.tgnet.TLRPC$TL_messageReactor
C	org.telegram.tgnet.TLRPC$MessageReplyHeader	org.telegram.tgnet.TLRPC$MessageReplyHeader
C	org.telegram.tgnet.TLRPC$MessagesFilter	org.telegram.tgnet.TLRPC$MessagesFilter
C	org.telegram.tgnet.TLRPC$NotificationSound	org.telegram.tgnet.TLRPC$NotificationSound
C	org.telegram.tgnet.TLRPC$NotifyPeer	org.telegram.tgnet.TLRPC$NotifyPeer
C	org.telegram.tgnet.TLRPC$PasswordKdfAlgo	org.telegram.tgnet.TLRPC$PasswordKdfAlgo
C	org.telegram.tgnet.TLRPC$PaymentForm	org.telegram.tgnet.TLRPC$PaymentForm
C	org.telegram.tgnet.TLRPC$PaymentReceipt	org.telegram.tgnet.TLRPC$PaymentReceipt
C	org.telegram.tgnet.TLRPC$Peer	org.telegram.tgnet.TLRPC$Peer
C	org.telegram.tgnet.TLRPC$PeerColor	org.telegram.tgnet.TLRPC$PeerColor
C	org.telegram.tgnet.TLRPC$PeerLocated	org.telegram.tgnet.TLRPC$PeerLocated
C	org.telegram.tgnet.TLRPC$PeerNotifySettings	org.telegram.tgnet.TLRPC$PeerNotifySettings
C	org.telegram.tgnet.TLRPC$PeerSettings	org.telegram.tgnet.TLRPC$PeerSettings
C	org.telegram.tgnet.TLRPC$PhoneCallDiscardReason	org.telegram.tgnet.TLRPC$PhoneCallDiscardReason
C	org.telegram.tgnet.TLRPC$PhoneConnection	org.telegram.tgnet.TLRPC$PhoneConnection
C	org.telegram.tgnet.TLRPC$Photo	org.telegram.tgnet.TLRPC$Photo
C	org.telegram.tgnet.TLRPC$PhotoSize	org.telegram.tgnet.TLRPC$PhotoSize
C	org.telegram.tgnet.TLRPC$Poll	org.telegram.tgnet.TLRPC$Poll
C	org.telegram.tgnet.TLRPC$PollAnswer	org.telegram.tgnet.TLRPC$PollAnswer
C	org.telegram.tgnet.TLRPC$PollAnswerVoters	org.telegram.tgnet.TLRPC$PollAnswerVoters
C	org.telegram.tgnet.TLRPC$PollResults	org.telegram.tgnet.TLRPC$PollResults
C	org.telegram.tgnet.TLRPC$PrivacyKey	org.telegram.tgnet.TLRPC$PrivacyKey
C	org.telegram.tgnet.TLRPC$PrivacyRule	org.telegram.tgnet.TLRPC$PrivacyRule
C	org.telegram.tgnet.TLRPC$ProfileTab	org.telegram.tgnet.TLRPC$ProfileTab
C	org.telegram.tgnet.TLRPC$Reaction	org.telegram.tgnet.TLRPC$Reaction
C	org.telegram.tgnet.TLRPC$RecentMeUrl	org.telegram.tgnet.TLRPC$RecentMeUrl
C	org.telegram.tgnet.TLRPC$ReplyMarkup	org.telegram.tgnet.TLRPC$ReplyMarkup
C	org.telegram.tgnet.TLRPC$RequestPeerType	org.telegram.tgnet.TLRPC$RequestPeerType
C	org.telegram.tgnet.TLRPC$RestrictionReason	org.telegram.tgnet.TLRPC$RestrictionReason
C	org.telegram.tgnet.TLRPC$SavedMusic	org.telegram.tgnet.TLRPC$SavedMusic
C	org.telegram.tgnet.TLRPC$SearchPostsFlood	org.telegram.tgnet.TLRPC$SearchPostsFlood
C	org.telegram.tgnet.TLRPC$SecureFile	org.telegram.tgnet.TLRPC$SecureFile
C	org.telegram.tgnet.TLRPC$SecurePasswordKdfAlgo	org.telegram.tgnet.TLRPC$SecurePasswordKdfAlgo
C	org.telegram.tgnet.TLRPC$SecurePlainData	org.telegram.tgnet.TLRPC$SecurePlainData
C	org.telegram.tgnet.TLRPC$SecureRequiredType	org.telegram.tgnet.TLRPC$SecureRequiredType
C	org.telegram.tgnet.TLRPC$SecureValueError	org.telegram.tgnet.TLRPC$SecureValueError
C	org.telegram.tgnet.TLRPC$SecureValueType	org.telegram.tgnet.TLRPC$SecureValueType
C	org.telegram.tgnet.TLRPC$SendMessageAction	org.telegram.tgnet.TLRPC$SendMessageAction
C	org.telegram.tgnet.TLRPC$StickerSet	org.telegram.tgnet.TLRPC$StickerSet
C	org.telegram.tgnet.TLRPC$StickerSetCovered	org.telegram.tgnet.TLRPC$StickerSetCovered
C	org.telegram.tgnet.TLRPC$SuggestedPost	org.telegram.tgnet.TLRPC$SuggestedPost
C	org.telegram.tgnet.TLRPC$TL_accountDaysTTL	org.telegram.tgnet.TLRPC$TL_accountDaysTTL
C	org.telegram.tgnet.TLRPC$TL_attachMenuBot	org.telegram.tgnet.TLRPC$TL_attachMenuBot
C	org.telegram.tgnet.TLRPC$TL_attachMenuBotIcon	org.telegram.tgnet.TLRPC$TL_attachMenuBotIcon
C	org.telegram.tgnet.TLRPC$TL_attachMenuBotIconColor	org.telegram.tgnet.TLRPC$TL_attachMenuBotIconColor
C	org.telegram.tgnet.TLRPC$TL_attachMenuBot_layer140	org.telegram.tgnet.TLRPC$TL_attachMenuBot_layer140
C	org.telegram.tgnet.TLRPC$TL_attachMenuBot_layer162	org.telegram.tgnet.TLRPC$TL_attachMenuBot_layer162
C	org.telegram.tgnet.TLRPC$TL_attachMenuBots	org.telegram.tgnet.TLRPC$TL_attachMenuBots
C	org.telegram.tgnet.TLRPC$TL_attachMenuBotsBot	org.telegram.tgnet.TLRPC$TL_attachMenuBotsBot
C	org.telegram.tgnet.TLRPC$TL_attachMenuBotsNotModified	org.telegram.tgnet.TLRPC$TL_attachMenuBotsNotModified
C	org.telegram.tgnet.TLRPC$TL_attachMenuPeerTypeBotPM	org.telegram.tgnet.TLRPC$TL_attachMenuPeerTypeBotPM
C	org.telegram.tgnet.TLRPC$TL_attachMenuPeerTypeBroadcast	org.telegram.tgnet.TLRPC$TL_attachMenuPeerTypeBroadcast
C	org.telegram.tgnet.TLRPC$TL_attachMenuPeerTypeChat	org.telegram.tgnet.TLRPC$TL_attachMenuPeerTypeChat
C	org.telegram.tgnet.TLRPC$TL_attachMenuPeerTypePM	org.telegram.tgnet.TLRPC$TL_attachMenuPeerTypePM
C	org.telegram.tgnet.TLRPC$TL_attachMenuPeerTypeSameBotPM	org.telegram.tgnet.TLRPC$TL_attachMenuPeerTypeSameBotPM
C	org.telegram.tgnet.TLRPC$TL_audioEncrypted	org.telegram.tgnet.TLRPC$TL_audioEncrypted
C	org.telegram.tgnet.TLRPC$TL_auth_authorization	org.telegram.tgnet.TLRPC$TL_auth_authorization
C	org.telegram.tgnet.TLRPC$TL_auth_authorizationSignUpRequired	org.telegram.tgnet.TLRPC$TL_auth_authorizationSignUpRequired
C	org.telegram.tgnet.TLRPC$TL_auth_codeTypeCall	org.telegram.tgnet.TLRPC$TL_auth_codeTypeCall
C	org.telegram.tgnet.TLRPC$TL_auth_codeTypeFlashCall	org.telegram.tgnet.TLRPC$TL_auth_codeTypeFlashCall
C	org.telegram.tgnet.TLRPC$TL_auth_codeTypeFragmentSms	org.telegram.tgnet.TLRPC$TL_auth_codeTypeFragmentSms
C	org.telegram.tgnet.TLRPC$TL_auth_codeTypeMissedCall	org.telegram.tgnet.TLRPC$TL_auth_codeTypeMissedCall
C	org.telegram.tgnet.TLRPC$TL_auth_codeTypeSms	org.telegram.tgnet.TLRPC$TL_auth_codeTypeSms
C	org.telegram.tgnet.TLRPC$TL_auth_loggedOut	org.telegram.tgnet.TLRPC$TL_auth_loggedOut
C	org.telegram.tgnet.TLRPC$TL_auth_passwordRecovery	org.telegram.tgnet.TLRPC$TL_auth_passwordRecovery
C	org.telegram.tgnet.TLRPC$TL_auth_sentCode	org.telegram.tgnet.TLRPC$TL_auth_sentCode
C	org.telegram.tgnet.TLRPC$TL_auth_sentCodePaymentRequired	org.telegram.tgnet.TLRPC$TL_auth_sentCodePaymentRequired
C	org.telegram.tgnet.TLRPC$TL_auth_sentCodeSuccess	org.telegram.tgnet.TLRPC$TL_auth_sentCodeSuccess
C	org.telegram.tgnet.TLRPC$TL_auth_sentCodeTypeApp	org.telegram.tgnet.TLRPC$TL_auth_sentCodeTypeApp
C	org.telegram.tgnet.TLRPC$TL_auth_sentCodeTypeCall	org.telegram.tgnet.TLRPC$TL_auth_sentCodeTypeCall
C	org.telegram.tgnet.TLRPC$TL_auth_sentCodeTypeEmailCode	org.telegram.tgnet.TLRPC$TL_auth_sentCodeTypeEmailCode
C	org.telegram.tgnet.TLRPC$TL_auth_sentCodeTypeFlashCall	org.telegram.tgnet.TLRPC$TL_auth_sentCodeTypeFlashCall
C	org.telegram.tgnet.TLRPC$TL_auth_sentCodeTypeFragmentSms	org.telegram.tgnet.TLRPC$TL_auth_sentCodeTypeFragmentSms
C	org.telegram.tgnet.TLRPC$TL_auth_sentCodeTypeMissedCall	org.telegram.tgnet.TLRPC$TL_auth_sentCodeTypeMissedCall
C	org.telegram.tgnet.TLRPC$TL_auth_sentCodeTypeSetUpEmailRequired	org.telegram.tgnet.TLRPC$TL_auth_sentCodeTypeSetUpEmailRequired
C	org.telegram.tgnet.TLRPC$TL_auth_sentCodeTypeSms	org.telegram.tgnet.TLRPC$TL_auth_sentCodeTypeSms
C	org.telegram.tgnet.TLRPC$TL_auth_sentCodeTypeSmsPhrase	org.telegram.tgnet.TLRPC$TL_auth_sentCodeTypeSmsPhrase
C	org.telegram.tgnet.TLRPC$TL_auth_sentCodeTypeSmsWord	org.telegram.tgnet.TLRPC$TL_auth_sentCodeTypeSmsWord
C	org.telegram.tgnet.TLRPC$TL_authorization	org.telegram.tgnet.TLRPC$TL_authorization
C	org.telegram.tgnet.TLRPC$TL_autoDownloadSettings	org.telegram.tgnet.TLRPC$TL_autoDownloadSettings
C	org.telegram.tgnet.TLRPC$TL_availableEffect	org.telegram.tgnet.TLRPC$TL_availableEffect
C	org.telegram.tgnet.TLRPC$TL_availableReaction	org.telegram.tgnet.TLRPC$TL_availableReaction
C	org.telegram.tgnet.TLRPC$TL_bankCardOpenUrl	org.telegram.tgnet.TLRPC$TL_bankCardOpenUrl
C	org.telegram.tgnet.TLRPC$TL_baseThemeArctic	org.telegram.tgnet.TLRPC$TL_baseThemeArctic
C	org.telegram.tgnet.TLRPC$TL_baseThemeClassic	org.telegram.tgnet.TLRPC$TL_baseThemeClassic
C	org.telegram.tgnet.TLRPC$TL_baseThemeDay	org.telegram.tgnet.TLRPC$TL_baseThemeDay
C	org.telegram.tgnet.TLRPC$TL_baseThemeNight	org.telegram.tgnet.TLRPC$TL_baseThemeNight
C	org.telegram.tgnet.TLRPC$TL_baseThemeTinted	org.telegram.tgnet.TLRPC$TL_baseThemeTinted
C	org.telegram.tgnet.TLRPC$TL_boolFalse	org.telegram.tgnet.TLRPC$TL_boolFalse
C	org.telegram.tgnet.TLRPC$TL_boolTrue	org.telegram.tgnet.TLRPC$TL_boolTrue
C	org.telegram.tgnet.TLRPC$TL_botAppNotModified	org.telegram.tgnet.TLRPC$BotApp
C	org.telegram.tgnet.TLRPC$TL_botCommand	org.telegram.tgnet.TLRPC$TL_botCommand
C	org.telegram.tgnet.TLRPC$TL_botCommand_layer227	org.telegram.tgnet.TLRPC$TL_botCommand_layer227
C	org.telegram.tgnet.TLRPC$TL_botInlineMediaResult	org.telegram.tgnet.TLRPC$TL_botInlineMediaResult
C	org.telegram.tgnet.TLRPC$TL_botInlineMessageMediaAuto	org.telegram.tgnet.TLRPC$TL_botInlineMessageMediaAuto
C	org.telegram.tgnet.TLRPC$TL_botInlineMessageMediaAuto_layer74	org.telegram.tgnet.TLRPC$TL_botInlineMessageMediaAuto_layer74
C	org.telegram.tgnet.TLRPC$TL_botInlineMessageMediaContact	org.telegram.tgnet.TLRPC$TL_botInlineMessageMediaContact
C	org.telegram.tgnet.TLRPC$TL_botInlineMessageMediaContact_layer81	org.telegram.tgnet.TLRPC$TL_botInlineMessageMediaContact_layer81
C	org.telegram.tgnet.TLRPC$TL_botInlineMessageMediaGeo	org.telegram.tgnet.TLRPC$TL_botInlineMessageMediaGeo
C	org.telegram.tgnet.TLRPC$TL_botInlineMessageMediaInvoice	org.telegram.tgnet.TLRPC$TL_botInlineMessageMediaInvoice
C	org.telegram.tgnet.TLRPC$TL_botInlineMessageMediaVenue	org.telegram.tgnet.TLRPC$TL_botInlineMessageMediaVenue
C	org.telegram.tgnet.TLRPC$TL_botInlineMessageMediaVenue_layer77	org.telegram.tgnet.TLRPC$TL_botInlineMessageMediaVenue_layer77
C	org.telegram.tgnet.TLRPC$TL_botInlineMessageMediaWebPage	org.telegram.tgnet.TLRPC$TL_botInlineMessageMediaWebPage
C	org.telegram.tgnet.TLRPC$TL_botInlineMessageRichMessage	org.telegram.tgnet.TLRPC$TL_botInlineMessageRichMessage
C	org.telegram.tgnet.TLRPC$TL_botInlineMessageText	org.telegram.tgnet.TLRPC$TL_botInlineMessageText
C	org.telegram.tgnet.TLRPC$TL_botInlineResult	org.telegram.tgnet.TLRPC$TL_botInlineResult
C	org.telegram.tgnet.TLRPC$TL_businessLocation	org.telegram.tgnet.TLRPC$TL_businessLocation
C	org.telegram.tgnet.TLRPC$TL_channel	org.telegram.tgnet.TLRPC$TL_channel
C	org.telegram.tgnet.TLRPC$TL_channelAdminLogEvent	org.telegram.tgnet.TLRPC$TL_channelAdminLogEvent
C	org.telegram.tgnet.TLRPC$TL_channelAdminLogEventActionChangeAbout	org.telegram.tgnet.TLRPC$TL_channelAdminLogEventActionChangeAbout
C	org.telegram.tgnet.TLRPC$TL_channelAdminLogEventActionChangeAvailableReactions	org.telegram.tgnet.TLRPC$TL_channelAdminLogEventActionChangeAvailableReactions
C	org.telegram.tgnet.TLRPC$TL_channelAdminLogEventActionChangeBackgroundEmoji	org.telegram.tgnet.TLRPC$TL_channelAdminLogEventActionChangeBackgroundEmoji
C	org.telegram.tgnet.TLRPC$TL_channelAdminLogEventActionChangeColor	org.telegram.tgnet.TLRPC$TL_channelAdminLogEventActionChangeColor
C	org.telegram.tgnet.TLRPC$TL_channelAdminLogEventActionChangeEmojiStatus	org.telegram.tgnet.TLRPC$TL_channelAdminLogEventActionChangeEmojiStatus
C	org.telegram.tgnet.TLRPC$TL_channelAdminLogEventActionChangeEmojiStickerSet	org.telegram.tgnet.TLRPC$TL_channelAdminLogEventActionChangeEmojiStickerSet
C	org.telegram.tgnet.TLRPC$TL_channelAdminLogEventActionChangeHistoryTTL	org.telegram.tgnet.TLRPC$TL_channelAdminLogEventActionChangeHistoryTTL
C	org.telegram.tgnet.TLRPC$TL_channelAdminLogEventActionChangeLinkedChat	org.telegram.tgnet.TLRPC$TL_channelAdminLogEventActionChangeLinkedChat
C	org.telegram.tgnet.TLRPC$TL_channelAdminLogEventActionChangeLocation	org.telegram.tgnet.TLRPC$TL_channelAdminLogEventActionChangeLocation
C	org.telegram.tgnet.TLRPC$TL_channelAdminLogEventActionChangePeerColor	org.telegram.tgnet.TLRPC$TL_channelAdminLogEventActionChangePeerColor
C	org.telegram.tgnet.TLRPC$TL_channelAdminLogEventActionChangePhoto	org.telegram.tgnet.TLRPC$TL_channelAdminLogEventActionChangePhoto
C	org.telegram.tgnet.TLRPC$TL_channelAdminLogEventActionChangeProfilePeerColor	org.telegram.tgnet.TLRPC$TL_channelAdminLogEventActionChangeProfilePeerColor
C	org.telegram.tgnet.TLRPC$TL_channelAdminLogEventActionChangeStickerSet	org.telegram.tgnet.TLRPC$TL_channelAdminLogEventActionChangeStickerSet
C	org.telegram.tgnet.TLRPC$TL_channelAdminLogEventActionChangeTheme	org.telegram.tgnet.TLRPC$TL_channelAdminLogEventActionChangeTheme
C	org.telegram.tgnet.TLRPC$TL_channelAdminLogEventActionChangeTitle	org.telegram.tgnet.TLRPC$TL_channelAdminLogEventActionChangeTitle
C	org.telegram.tgnet.TLRPC$TL_channelAdminLogEventActionChangeUsername	org.telegram.tgnet.TLRPC$TL_channelAdminLogEventActionChangeUsername
C	org.telegram.tgnet.TLRPC$TL_channelAdminLogEventActionChangeUsernames	org.telegram.tgnet.TLRPC$TL_channelAdminLogEventActionChangeUsernames
C	org.telegram.tgnet.TLRPC$TL_channelAdminLogEventActionChangeWallpaper	org.telegram.tgnet.TLRPC$TL_channelAdminLogEventActionChangeWallpaper
C	org.telegram.tgnet.TLRPC$TL_channelAdminLogEventActionCreateTopic	org.telegram.tgnet.TLRPC$TL_channelAdminLogEventActionCreateTopic
C	org.telegram.tgnet.TLRPC$TL_channelAdminLogEventActionDefaultBannedRights	org.telegram.tgnet.TLRPC$TL_channelAdminLogEventActionDefaultBannedRights
C	org.telegram.tgnet.TLRPC$TL_channelAdminLogEventActionDeleteMessage	org.telegram.tgnet.TLRPC$TL_channelAdminLogEventActionDeleteMessage
C	org.telegram.tgnet.TLRPC$TL_channelAdminLogEventActionDeleteTopic	org.telegram.tgnet.TLRPC$TL_channelAdminLogEventActionDeleteTopic
C	org.telegram.tgnet.TLRPC$TL_channelAdminLogEventActionDiscardGroupCall	org.telegram.tgnet.TLRPC$TL_channelAdminLogEventActionDiscardGroupCall
C	org.telegram.tgnet.TLRPC$TL_channelAdminLogEventActionEditMessage	org.telegram.tgnet.TLRPC$TL_channelAdminLogEventActionEditMessage
C	org.telegram.tgnet.TLRPC$TL_channelAdminLogEventActionEditTopic	org.telegram.tgnet.TLRPC$TL_channelAdminLogEventActionEditTopic
C	org.telegram.tgnet.TLRPC$TL_channelAdminLogEventActionExportedInviteDelete	org.telegram.tgnet.TLRPC$TL_channelAdminLogEventActionExportedInviteDelete
C	org.telegram.tgnet.TLRPC$TL_channelAdminLogEventActionExportedInviteEdit	org.telegram.tgnet.TLRPC$TL_channelAdminLogEventActionExportedInviteEdit
C	org.telegram.tgnet.TLRPC$TL_channelAdminLogEventActionExportedInviteRevoke	org.telegram.tgnet.TLRPC$TL_channelAdminLogEventActionExportedInviteRevoke
C	org.telegram.tgnet.TLRPC$TL_channelAdminLogEventActionParticipantEditRank	org.telegram.tgnet.TLRPC$TL_channelAdminLogEventActionParticipantEditRank
C	org.telegram.tgnet.TLRPC$TL_channelAdminLogEventActionParticipantInvite	org.telegram.tgnet.TLRPC$TL_channelAdminLogEventActionParticipantInvite
C	org.telegram.tgnet.TLRPC$TL_channelAdminLogEventActionParticipantJoin	org.telegram.tgnet.TLRPC$TL_channelAdminLogEventActionParticipantJoin
C	org.telegram.tgnet.TLRPC$TL_channelAdminLogEventActionParticipantJoinByInvite	org.telegram.tgnet.TLRPC$TL_channelAdminLogEventActionParticipantJoinByInvite
C	org.telegram.tgnet.TLRPC$TL_channelAdminLogEventActionParticipantJoinByRequest	org.telegram.tgnet.TLRPC$TL_channelAdminLogEventActionParticipantJoinByRequest
C	org.telegram.tgnet.TLRPC$TL_channelAdminLogEventActionParticipantLeave	org.telegram.tgnet.TLRPC$TL_channelAdminLogEventActionParticipantLeave
C	org.telegram.tgnet.TLRPC$TL_channelAdminLogEventActionParticipantMute	org.telegram.tgnet.TLRPC$TL_channelAdminLogEventActionParticipantMute
C	org.telegram.tgnet.TLRPC$TL_channelAdminLogEventActionParticipantSubExtend	org.telegram.tgnet.TLRPC$TL_channelAdminLogEventActionParticipantSubExtend
C	org.telegram.tgnet.TLRPC$TL_channelAdminLogEventActionParticipantToggleAdmin	org.telegram.tgnet.TLRPC$TL_channelAdminLogEventActionParticipantToggleAdmin
C	org.telegram.tgnet.TLRPC$TL_channelAdminLogEventActionParticipantToggleBan	org.telegram.tgnet.TLRPC$TL_channelAdminLogEventActionParticipantToggleBan
C	org.telegram.tgnet.TLRPC$TL_channelAdminLogEventActionParticipantUnmute	org.telegram.tgnet.TLRPC$TL_channelAdminLogEventActionParticipantUnmute
C	org.telegram.tgnet.TLRPC$TL_channelAdminLogEventActionParticipantVolume	org.telegram.tgnet.TLRPC$TL_channelAdminLogEventActionParticipantVolume
C	org.telegram.tgnet.TLRPC$TL_channelAdminLogEventActionPinTopic	org.telegram.tgnet.TLRPC$TL_channelAdminLogEventActionPinTopic
C	org.telegram.tgnet.TLRPC$TL_channelAdminLogEventActionSendMessage	org.telegram.tgnet.TLRPC$TL_channelAdminLogEventActionSendMessage
C	org.telegram.tgnet.TLRPC$TL_channelAdminLogEventActionStartGroupCall	org.telegram.tgnet.TLRPC$TL_channelAdminLogEventActionStartGroupCall
C	org.telegram.tgnet.TLRPC$TL_channelAdminLogEventActionStopPoll	org.telegram.tgnet.TLRPC$TL_channelAdminLogEventActionStopPoll
C	org.telegram.tgnet.TLRPC$TL_channelAdminLogEventActionToggleAntiSpam	org.telegram.tgnet.TLRPC$TL_channelAdminLogEventActionToggleAntiSpam
C	org.telegram.tgnet.TLRPC$TL_channelAdminLogEventActionToggleAutotranslation	org.telegram.tgnet.TLRPC$TL_channelAdminLogEventActionToggleAutotranslation
C	org.telegram.tgnet.TLRPC$TL_channelAdminLogEventActionToggleForum	org.telegram.tgnet.TLRPC$TL_channelAdminLogEventActionToggleForum
C	org.telegram.tgnet.TLRPC$TL_channelAdminLogEventActionToggleGroupCallSetting	org.telegram.tgnet.TLRPC$TL_channelAdminLogEventActionToggleGroupCallSetting
C	org.telegram.tgnet.TLRPC$TL_channelAdminLogEventActionToggleInvites	org.telegram.tgnet.TLRPC$TL_channelAdminLogEventActionToggleInvites
C	org.telegram.tgnet.TLRPC$TL_channelAdminLogEventActionToggleNoForwards	org.telegram.tgnet.TLRPC$TL_channelAdminLogEventActionToggleNoForwards
C	org.telegram.tgnet.TLRPC$TL_channelAdminLogEventActionTogglePreHistoryHidden	org.telegram.tgnet.TLRPC$TL_channelAdminLogEventActionTogglePreHistoryHidden
C	org.telegram.tgnet.TLRPC$TL_channelAdminLogEventActionToggleSignatureProfiles	org.telegram.tgnet.TLRPC$TL_channelAdminLogEventActionToggleSignatureProfiles
C	org.telegram.tgnet.TLRPC$TL_channelAdminLogEventActionToggleSignatures	org.telegram.tgnet.TLRPC$TL_channelAdminLogEventActionToggleSignatures
C	org.telegram.tgnet.TLRPC$TL_channelAdminLogEventActionToggleSlowMode	org.telegram.tgnet.TLRPC$TL_channelAdminLogEventActionToggleSlowMode
C	org.telegram.tgnet.TLRPC$TL_channelAdminLogEventActionUpdatePinned	org.telegram.tgnet.TLRPC$TL_channelAdminLogEventActionUpdatePinned
C	org.telegram.tgnet.TLRPC$TL_channelAdminLogEventsFilter	org.telegram.tgnet.TLRPC$TL_channelAdminLogEventsFilter
C	org.telegram.tgnet.TLRPC$TL_channelAdminRights_layer92	org.telegram.tgnet.TLRPC$TL_channelAdminRights_layer92
C	org.telegram.tgnet.TLRPC$TL_channelBannedRights_layer92	org.telegram.tgnet.TLRPC$TL_channelBannedRights_layer92
C	org.telegram.tgnet.TLRPC$TL_channelForbidden	org.telegram.tgnet.TLRPC$TL_channelForbidden
C	org.telegram.tgnet.TLRPC$TL_channelLocation	org.telegram.tgnet.TLRPC$TL_channelLocation
C	org.telegram.tgnet.TLRPC$TL_channelLocationEmpty	org.telegram.tgnet.TLRPC$TL_channelLocationEmpty
C	org.telegram.tgnet.TLRPC$TL_channelParticipant	org.telegram.tgnet.TLRPC$TL_channelParticipant
C	org.telegram.tgnet.TLRPC$TL_channelParticipantAdmin	org.telegram.tgnet.TLRPC$TL_channelParticipantAdmin
C	org.telegram.tgnet.TLRPC$TL_channelParticipantBanned	org.telegram.tgnet.TLRPC$TL_channelParticipantBanned
C	org.telegram.tgnet.TLRPC$TL_channelParticipantCreator	org.telegram.tgnet.TLRPC$TL_channelParticipantCreator
C	org.telegram.tgnet.TLRPC$TL_channelParticipantLeft_layer125	org.telegram.tgnet.TLRPC$TL_channelParticipantLeft_layer125
C	org.telegram.tgnet.TLRPC$TL_channelParticipantSelf	org.telegram.tgnet.TLRPC$TL_channelParticipantSelf
C	org.telegram.tgnet.TLRPC$TL_channelParticipantsBots	org.telegram.tgnet.TLRPC$TL_channelParticipantsBots
C	org.telegram.tgnet.TLRPC$TL_channelParticipantsContacts	org.telegram.tgnet.TLRPC$TL_channelParticipantsContacts
C	org.telegram.tgnet.TLRPC$TL_channelParticipantsMentions	org.telegram.tgnet.TLRPC$TL_channelParticipantsMentions
C	org.telegram.tgnet.TLRPC$TL_channelParticipantsSearch	org.telegram.tgnet.TLRPC$TL_channelParticipantsSearch
C	org.telegram.tgnet.TLRPC$TL_channel_layer67	org.telegram.tgnet.TLRPC$TL_channel_layer67
C	org.telegram.tgnet.TLRPC$TL_channel_layer72	org.telegram.tgnet.TLRPC$TL_channel_layer72
C	org.telegram.tgnet.TLRPC$TL_channel_layer77	org.telegram.tgnet.TLRPC$TL_channel_layer77
C	org.telegram.tgnet.TLRPC$TL_channel_layer92	org.telegram.tgnet.TLRPC$TL_channel_layer92
C	org.telegram.tgnet.TLRPC$TL_channel_old	org.telegram.tgnet.TLRPC$TL_channel_old
C	org.telegram.tgnet.TLRPC$TL_channels_adminLogResults	org.telegram.tgnet.TLRPC$TL_channels_adminLogResults
C	org.telegram.tgnet.TLRPC$TL_channels_channelParticipant	org.telegram.tgnet.TLRPC$TL_channels_channelParticipant
C	org.telegram.tgnet.TLRPC$TL_channels_channelParticipants	org.telegram.tgnet.TLRPC$TL_channels_channelParticipants
C	org.telegram.tgnet.TLRPC$TL_channels_channelParticipantsNotModified	org.telegram.tgnet.TLRPC$TL_channels_channelParticipantsNotModified
C	org.telegram.tgnet.TLRPC$TL_channels_convertToGigagroup	org.telegram.tgnet.TLRPC$TL_channels_convertToGigagroup
C	org.telegram.tgnet.TLRPC$TL_channels_createChannel	org.telegram.tgnet.TLRPC$TL_channels_createChannel
C	org.telegram.tgnet.TLRPC$TL_channels_deleteMessages	org.telegram.tgnet.TLRPC$TL_channels_deleteMessages
C	org.telegram.tgnet.TLRPC$TL_channels_editAdmin	org.telegram.tgnet.TLRPC$TL_channels_editAdmin
C	org.telegram.tgnet.TLRPC$TL_channels_editBanned	org.telegram.tgnet.TLRPC$TL_channels_editBanned
C	org.telegram.tgnet.TLRPC$TL_channels_editTitle	org.telegram.tgnet.TLRPC$TL_channels_checkUsername
C	org.telegram.tgnet.TLRPC$TL_channels_getMessages	org.telegram.tgnet.TLRPC$TL_channels_getMessages
C	org.telegram.tgnet.TLRPC$TL_channels_getParticipants	org.telegram.tgnet.TLRPC$channels_ChannelParticipants
C	org.telegram.tgnet.TLRPC$TL_channels_inviteToChannel	org.telegram.tgnet.TLRPC$TL_channels_inviteToChannel
C	org.telegram.tgnet.TLRPC$TL_channels_joinChannel	org.telegram.tgnet.TLRPC$TL_channels_joinChannel
C	org.telegram.tgnet.TLRPC$TL_channels_searchPosts	org.telegram.tgnet.TLRPC$TL_channels_searchPosts
C	org.telegram.tgnet.TLRPC$TL_channels_sendAsPeers	org.telegram.tgnet.TLRPC$TL_channels_sendAsPeers
C	org.telegram.tgnet.TLRPC$TL_channels_sponsoredMessageReportResultAdsHidden	org.telegram.tgnet.TLRPC$TL_channels_sponsoredMessageReportResultAdsHidden
C	org.telegram.tgnet.TLRPC$TL_channels_sponsoredMessageReportResultChooseOption	org.telegram.tgnet.TLRPC$TL_channels_sponsoredMessageReportResultChooseOption
C	org.telegram.tgnet.TLRPC$TL_channels_sponsoredMessageReportResultReported	org.telegram.tgnet.TLRPC$TL_channels_sponsoredMessageReportResultReported
C	org.telegram.tgnet.TLRPC$TL_channels_toggleForum	org.telegram.tgnet.TLRPC$TL_channels_toggleForum
C	org.telegram.tgnet.TLRPC$TL_channels_toggleJoinRequest	org.telegram.tgnet.TLRPC$TL_channels_toggleJoinRequest
C	org.telegram.tgnet.TLRPC$TL_channels_toggleViewForumAsMessages	org.telegram.tgnet.TLRPC$TL_channels_toggleAutotranslation
C	org.telegram.tgnet.TLRPC$TL_channels_updateUsername	org.telegram.tgnet.TLRPC$TL_channels_updateUsername
C	org.telegram.tgnet.TLRPC$TL_chat	org.telegram.tgnet.TLRPC$TL_chat
C	org.telegram.tgnet.TLRPC$TL_chatAdminRights	org.telegram.tgnet.TLRPC$TL_chatAdminRights
C	org.telegram.tgnet.TLRPC$TL_chatAdminWithInvites	org.telegram.tgnet.TLRPC$TL_chatAdminWithInvites
C	org.telegram.tgnet.TLRPC$TL_chatBannedRights	org.telegram.tgnet.TLRPC$TL_chatBannedRights
C	org.telegram.tgnet.TLRPC$TL_chatChannelParticipant	org.telegram.tgnet.TLRPC$TL_chatChannelParticipant
C	org.telegram.tgnet.TLRPC$TL_chatEmpty	org.telegram.tgnet.TLRPC$TL_chatEmpty
C	org.telegram.tgnet.TLRPC$TL_chatEmpty_layer131	org.telegram.tgnet.TLRPC$TL_chatEmpty_layer131
C	org.telegram.tgnet.TLRPC$TL_chatForbidden	org.telegram.tgnet.TLRPC$TL_chatForbidden
C	org.telegram.tgnet.TLRPC$TL_chatFull	org.telegram.tgnet.TLRPC$TL_chatFull
C	org.telegram.tgnet.TLRPC$TL_chatInviteExported	org.telegram.tgnet.TLRPC$TL_chatInviteExported
C	org.telegram.tgnet.TLRPC$TL_chatInviteImporter	org.telegram.tgnet.TLRPC$TL_chatInviteImporter
C	org.telegram.tgnet.TLRPC$TL_chatInviteJoinResultOk	org.telegram.tgnet.TLRPC$TL_chatInviteJoinResultOk
C	org.telegram.tgnet.TLRPC$TL_chatInviteJoinResultWebView	org.telegram.tgnet.TLRPC$TL_chatInviteJoinResultWebView
C	org.telegram.tgnet.TLRPC$TL_chatInvitePeek	org.telegram.tgnet.TLRPC$TL_chatInvitePeek
C	org.telegram.tgnet.TLRPC$TL_chatInvitePublicJoinRequests	org.telegram.tgnet.TLRPC$TL_chatInvitePublicJoinRequests
C	org.telegram.tgnet.TLRPC$TL_chatOnlines	org.telegram.tgnet.TLRPC$TL_chatOnlines
C	org.telegram.tgnet.TLRPC$TL_chatParticipant	org.telegram.tgnet.TLRPC$TL_chatParticipant
C	org.telegram.tgnet.TLRPC$TL_chatParticipantAdmin	org.telegram.tgnet.TLRPC$TL_chatParticipantAdmin
C	org.telegram.tgnet.TLRPC$TL_chatParticipantCreator	org.telegram.tgnet.TLRPC$TL_chatParticipantCreator
C	org.telegram.tgnet.TLRPC$TL_chatParticipants	org.telegram.tgnet.TLRPC$TL_chatParticipants
C	org.telegram.tgnet.TLRPC$TL_chatParticipantsForbidden	org.telegram.tgnet.TLRPC$TL_chatParticipantsForbidden
C	org.telegram.tgnet.TLRPC$TL_chatPhoto	org.telegram.tgnet.TLRPC$TL_chatPhoto
C	org.telegram.tgnet.TLRPC$TL_chatPhotoEmpty	org.telegram.tgnet.TLRPC$TL_chatPhotoEmpty
C	org.telegram.tgnet.TLRPC$TL_chatReactionsAll	org.telegram.tgnet.TLRPC$TL_chatReactionsAll
C	org.telegram.tgnet.TLRPC$TL_chatReactionsNone	org.telegram.tgnet.TLRPC$TL_chatReactionsNone
C	org.telegram.tgnet.TLRPC$TL_chatReactionsSome	org.telegram.tgnet.TLRPC$TL_chatReactionsSome
C	org.telegram.tgnet.TLRPC$TL_chatTheme	org.telegram.tgnet.TLRPC$TL_chatTheme
C	org.telegram.tgnet.TLRPC$TL_chatThemeUniqueGift	org.telegram.tgnet.TLRPC$TL_chatThemeUniqueGift
C	org.telegram.tgnet.TLRPC$TL_chat_layer131	org.telegram.tgnet.TLRPC$TL_chat_layer131
C	org.telegram.tgnet.TLRPC$TL_chat_layer92	org.telegram.tgnet.TLRPC$TL_chat_layer92
C	org.telegram.tgnet.TLRPC$TL_chat_old2	org.telegram.tgnet.TLRPC$TL_chat_old2
C	org.telegram.tgnet.TLRPC$TL_chat_old	org.telegram.tgnet.TLRPC$TL_chat_old
C	org.telegram.tgnet.TLRPC$TL_codeSettings	org.telegram.tgnet.TLRPC$TL_codeSettings
C	org.telegram.tgnet.TLRPC$TL_community	org.telegram.tgnet.TLRPC$TL_community
C	org.telegram.tgnet.TLRPC$TL_communityForbidden	org.telegram.tgnet.TLRPC$TL_communityForbidden
C	org.telegram.tgnet.TLRPC$TL_composedMessageWithAI	org.telegram.tgnet.TLRPC$TL_composedMessageWithAI
C	org.telegram.tgnet.TLRPC$TL_config	org.telegram.tgnet.TLRPC$TL_config
C	org.telegram.tgnet.TLRPC$TL_contact	org.telegram.tgnet.TLRPC$TL_contact
C	org.telegram.tgnet.TLRPC$TL_contactLinkUnknown	org.telegram.tgnet.TLRPC$ContactLink_layer101
C	org.telegram.tgnet.TLRPC$TL_contactStatus	org.telegram.tgnet.TLRPC$TL_contactStatus
C	org.telegram.tgnet.TLRPC$TL_contacts_addContact	org.telegram.tgnet.TLRPC$TL_contacts_addContact
C	org.telegram.tgnet.TLRPC$TL_contacts_blockFromReplies	org.telegram.tgnet.TLRPC$TL_contacts_blockFromReplies
C	org.telegram.tgnet.TLRPC$TL_contacts_blocked	org.telegram.tgnet.TLRPC$TL_contacts_blocked
C	org.telegram.tgnet.TLRPC$TL_contacts_blockedSlice	org.telegram.tgnet.TLRPC$TL_contacts_blockedSlice
C	org.telegram.tgnet.TLRPC$TL_contacts_contacts	org.telegram.tgnet.TLRPC$TL_contacts_contacts
C	org.telegram.tgnet.TLRPC$TL_contacts_contactsNotModified	org.telegram.tgnet.TLRPC$TL_contacts_contactsNotModified
C	org.telegram.tgnet.TLRPC$TL_contacts_found	org.telegram.tgnet.TLRPC$TL_contacts_found
C	org.telegram.tgnet.TLRPC$TL_contacts_getBlocked	org.telegram.tgnet.TLRPC$TL_contacts_getBlocked
C	org.telegram.tgnet.TLRPC$TL_contacts_importContacts	org.telegram.tgnet.TLRPC$TL_contacts_importContacts
C	org.telegram.tgnet.TLRPC$TL_contacts_importedContacts	org.telegram.tgnet.TLRPC$TL_contacts_importedContacts
C	org.telegram.tgnet.TLRPC$TL_contacts_link_layer101	org.telegram.tgnet.TLRPC$TL_contacts_link_layer101
C	org.telegram.tgnet.TLRPC$TL_contacts_resolvedPeer	org.telegram.tgnet.TLRPC$TL_contacts_resolvedPeer
C	org.telegram.tgnet.TLRPC$TL_contacts_search	org.telegram.tgnet.TLRPC$TL_contacts_search
C	org.telegram.tgnet.TLRPC$TL_contacts_setBlocked	org.telegram.tgnet.TLRPC$TL_contacts_setBlocked
C	org.telegram.tgnet.TLRPC$TL_contacts_sponsoredPeers	org.telegram.tgnet.TLRPC$TL_contacts_sponsoredPeers
C	org.telegram.tgnet.TLRPC$TL_contacts_sponsoredPeersEmpty	org.telegram.tgnet.TLRPC$TL_contacts_sponsoredPeersEmpty
C	org.telegram.tgnet.TLRPC$TL_contacts_topPeers	org.telegram.tgnet.TLRPC$TL_contacts_topPeers
C	org.telegram.tgnet.TLRPC$TL_contacts_topPeersDisabled	org.telegram.tgnet.TLRPC$TL_contacts_topPeersDisabled
C	org.telegram.tgnet.TLRPC$TL_contacts_topPeersNotModified	org.telegram.tgnet.TLRPC$TL_contacts_topPeersNotModified
C	org.telegram.tgnet.TLRPC$TL_dataJSON	org.telegram.tgnet.TLRPC$TL_dataJSON
C	org.telegram.tgnet.TLRPC$TL_dcOption	org.telegram.tgnet.TLRPC$TL_dcOption
C	org.telegram.tgnet.TLRPC$TL_decryptedMessage	org.telegram.tgnet.TLRPC$TL_decryptedMessage
C	org.telegram.tgnet.TLRPC$TL_decryptedMessageActionAbortKey	org.telegram.tgnet.TLRPC$TL_decryptedMessageActionAbortKey
C	org.telegram.tgnet.TLRPC$TL_decryptedMessageActionAcceptKey	org.telegram.tgnet.TLRPC$TL_decryptedMessageActionAcceptKey
C	org.telegram.tgnet.TLRPC$TL_decryptedMessageActionCommitKey	org.telegram.tgnet.TLRPC$TL_decryptedMessageActionCommitKey
C	org.telegram.tgnet.TLRPC$TL_decryptedMessageActionDeleteMessages	org.telegram.tgnet.TLRPC$TL_decryptedMessageActionDeleteMessages
C	org.telegram.tgnet.TLRPC$TL_decryptedMessageActionFlushHistory	org.telegram.tgnet.TLRPC$TL_decryptedMessageActionFlushHistory
C	org.telegram.tgnet.TLRPC$TL_decryptedMessageActionNoop	org.telegram.tgnet.TLRPC$TL_decryptedMessageActionNoop
C	org.telegram.tgnet.TLRPC$TL_decryptedMessageActionNotifyLayer	org.telegram.tgnet.TLRPC$TL_decryptedMessageActionNotifyLayer
C	org.telegram.tgnet.TLRPC$TL_decryptedMessageActionReadMessages	org.telegram.tgnet.TLRPC$TL_decryptedMessageActionReadMessages
C	org.telegram.tgnet.TLRPC$TL_decryptedMessageActionRequestKey	org.telegram.tgnet.TLRPC$TL_decryptedMessageActionRequestKey
C	org.telegram.tgnet.TLRPC$TL_decryptedMessageActionResend	org.telegram.tgnet.TLRPC$TL_decryptedMessageActionResend
C	org.telegram.tgnet.TLRPC$TL_decryptedMessageActionScreenshotMessages	org.telegram.tgnet.TLRPC$TL_decryptedMessageActionScreenshotMessages
C	org.telegram.tgnet.TLRPC$TL_decryptedMessageActionSetMessageTTL	org.telegram.tgnet.TLRPC$TL_decryptedMessageActionSetMessageTTL
C	org.telegram.tgnet.TLRPC$TL_decryptedMessageLayer	org.telegram.tgnet.TLRPC$TL_decryptedMessageLayer
C	org.telegram.tgnet.TLRPC$TL_decryptedMessageMediaAudio	org.telegram.tgnet.TLRPC$TL_decryptedMessageMediaAudio
C	org.telegram.tgnet.TLRPC$TL_decryptedMessageMediaAudio_layer8	org.telegram.tgnet.TLRPC$TL_decryptedMessageMediaAudio_layer8
C	org.telegram.tgnet.TLRPC$TL_decryptedMessageMediaContact	org.telegram.tgnet.TLRPC$TL_decryptedMessageMediaContact
C	org.telegram.tgnet.TLRPC$TL_decryptedMessageMediaDocument	org.telegram.tgnet.TLRPC$TL_decryptedMessageMediaDocument
C	org.telegram.tgnet.TLRPC$TL_decryptedMessageMediaDocument_layer101	org.telegram.tgnet.TLRPC$TL_decryptedMessageMediaDocument_layer101
C	org.telegram.tgnet.TLRPC$TL_decryptedMessageMediaDocument_layer8	org.telegram.tgnet.TLRPC$TL_decryptedMessageMediaDocument_layer8
C	org.telegram.tgnet.TLRPC$TL_decryptedMessageMediaEmpty	org.telegram.tgnet.TLRPC$TL_decryptedMessageMediaEmpty
C	org.telegram.tgnet.TLRPC$TL_decryptedMessageMediaExternalDocument	org.telegram.tgnet.TLRPC$TL_decryptedMessageMediaExternalDocument
C	org.telegram.tgnet.TLRPC$TL_decryptedMessageMediaGeoPoint	org.telegram.tgnet.TLRPC$TL_decryptedMessageMediaGeoPoint
C	org.telegram.tgnet.TLRPC$TL_decryptedMessageMediaPhoto	org.telegram.tgnet.TLRPC$TL_decryptedMessageMediaPhoto
C	org.telegram.tgnet.TLRPC$TL_decryptedMessageMediaPhoto_layer8	org.telegram.tgnet.TLRPC$TL_decryptedMessageMediaPhoto_layer8
C	org.telegram.tgnet.TLRPC$TL_decryptedMessageMediaVenue	org.telegram.tgnet.TLRPC$TL_decryptedMessageMediaVenue
C	org.telegram.tgnet.TLRPC$TL_decryptedMessageMediaVideo	org.telegram.tgnet.TLRPC$TL_decryptedMessageMediaVideo
C	org.telegram.tgnet.TLRPC$TL_decryptedMessageMediaWebPage	org.telegram.tgnet.TLRPC$TL_decryptedMessageMediaWebPage
C	org.telegram.tgnet.TLRPC$TL_decryptedMessageService	org.telegram.tgnet.TLRPC$TL_decryptedMessageService
C	org.telegram.tgnet.TLRPC$TL_decryptedMessageService_layer8	org.telegram.tgnet.TLRPC$TL_decryptedMessageService_layer8
C	org.telegram.tgnet.TLRPC$TL_decryptedMessage_layer8	org.telegram.tgnet.TLRPC$TL_decryptedMessage_layer8
C	org.telegram.tgnet.TLRPC$TL_defaultHistoryTTL	org.telegram.tgnet.TLRPC$TL_defaultHistoryTTL
C	org.telegram.tgnet.TLRPC$TL_dialog	org.telegram.tgnet.TLRPC$TL_dialog
C	org.telegram.tgnet.TLRPC$TL_dialogCommunity	org.telegram.tgnet.TLRPC$TL_dialogCommunity
C	org.telegram.tgnet.TLRPC$TL_dialogFilterChatlist	org.telegram.tgnet.TLRPC$TL_dialogFilterChatlist
C	org.telegram.tgnet.TLRPC$TL_dialogFilterSuggested	org.telegram.tgnet.TLRPC$TL_dialogFilterSuggested
C	org.telegram.tgnet.TLRPC$TL_dialogFolder	org.telegram.tgnet.TLRPC$TL_dialogFolder
C	org.telegram.tgnet.TLRPC$TL_dialogPeer	org.telegram.tgnet.TLRPC$TL_dialogPeer
C	org.telegram.tgnet.TLRPC$TL_dialogPeerCommunity	org.telegram.tgnet.TLRPC$TL_dialogPeerCommunity
C	org.telegram.tgnet.TLRPC$TL_dialogPeerFolder	org.telegram.tgnet.TLRPC$TL_dialogPeerFolder
C	org.telegram.tgnet.TLRPC$TL_document	org.telegram.tgnet.TLRPC$TL_document
C	org.telegram.tgnet.TLRPC$TL_documentAttributeAnimated	org.telegram.tgnet.TLRPC$TL_documentAttributeAnimated
C	org.telegram.tgnet.TLRPC$TL_documentAttributeAudio	org.telegram.tgnet.TLRPC$TL_documentAttributeAudio
C	org.telegram.tgnet.TLRPC$TL_documentAttributeCustomEmoji	org.telegram.tgnet.TLRPC$TL_documentAttributeCustomEmoji
C	org.telegram.tgnet.TLRPC$TL_documentAttributeFilename	org.telegram.tgnet.TLRPC$TL_documentAttributeFilename
C	org.telegram.tgnet.TLRPC$TL_documentAttributeHasStickers	org.telegram.tgnet.TLRPC$TL_documentAttributeHasStickers
C	org.telegram.tgnet.TLRPC$TL_documentAttributeImageSize	org.telegram.tgnet.TLRPC$TL_documentAttributeImageSize
C	org.telegram.tgnet.TLRPC$TL_documentAttributeSticker	org.telegram.tgnet.TLRPC$TL_documentAttributeSticker
C	org.telegram.tgnet.TLRPC$TL_documentAttributeSticker_layer55	org.telegram.tgnet.TLRPC$TL_documentAttributeSticker_layer55
C	org.telegram.tgnet.TLRPC$TL_documentAttributeVideo	org.telegram.tgnet.TLRPC$TL_documentAttributeVideo
C	org.telegram.tgnet.TLRPC$TL_documentEmpty	org.telegram.tgnet.TLRPC$TL_documentEmpty
C	org.telegram.tgnet.TLRPC$TL_documentEncrypted	org.telegram.tgnet.TLRPC$TL_documentEncrypted
C	org.telegram.tgnet.TLRPC$TL_draftMessage	org.telegram.tgnet.TLRPC$TL_draftMessage
C	org.telegram.tgnet.TLRPC$TL_draftMessageEmpty	org.telegram.tgnet.TLRPC$TL_draftMessageEmpty
C	org.telegram.tgnet.TLRPC$TL_draftMessageEmpty_layer81	org.telegram.tgnet.TLRPC$TL_draftMessageEmpty_layer81
C	org.telegram.tgnet.TLRPC$TL_draftMessage_layer205	org.telegram.tgnet.TLRPC$TL_draftMessage_layer205
C	org.telegram.tgnet.TLRPC$TL_emailVerifyPurposeLoginSetup	org.telegram.tgnet.TLRPC$TL_emailVerifyPurposeLoginSetup
C	org.telegram.tgnet.TLRPC$TL_emojiGameDiceInfo	org.telegram.tgnet.TLRPC$TL_emojiGameDiceInfo
C	org.telegram.tgnet.TLRPC$TL_emojiGameUnavailable	org.telegram.tgnet.TLRPC$TL_emojiGameUnavailable
C	org.telegram.tgnet.TLRPC$TL_emojiGroup	org.telegram.tgnet.TLRPC$TL_emojiGroup
C	org.telegram.tgnet.TLRPC$TL_emojiGroupGreeting	org.telegram.tgnet.TLRPC$TL_emojiGroupGreeting
C	org.telegram.tgnet.TLRPC$TL_emojiGroupPremium	org.telegram.tgnet.TLRPC$TL_emojiGroupPremium
C	org.telegram.tgnet.TLRPC$TL_emojiKeyword	org.telegram.tgnet.TLRPC$TL_emojiKeyword
C	org.telegram.tgnet.TLRPC$TL_emojiKeywordsDifference	org.telegram.tgnet.TLRPC$TL_emojiKeywordsDifference
C	org.telegram.tgnet.TLRPC$TL_emojiList	org.telegram.tgnet.TLRPC$TL_emojiList
C	org.telegram.tgnet.TLRPC$TL_emojiListNotModified	org.telegram.tgnet.TLRPC$TL_emojiListNotModified
C	org.telegram.tgnet.TLRPC$TL_emojiStatus	org.telegram.tgnet.TLRPC$TL_emojiStatus
C	org.telegram.tgnet.TLRPC$TL_emojiStatusCollectible	org.telegram.tgnet.TLRPC$TL_emojiStatusCollectible
C	org.telegram.tgnet.TLRPC$TL_emojiStatusEmpty	org.telegram.tgnet.TLRPC$TL_emojiStatusEmpty
C	org.telegram.tgnet.TLRPC$TL_emojiStatusUntil_layer197	org.telegram.tgnet.TLRPC$TL_emojiStatusUntil_layer197
C	org.telegram.tgnet.TLRPC$TL_emojiStatus_layer197	org.telegram.tgnet.TLRPC$TL_emojiStatus_layer197
C	org.telegram.tgnet.TLRPC$TL_emojiURL	org.telegram.tgnet.TLRPC$TL_emojiURL
C	org.telegram.tgnet.TLRPC$TL_encryptedChat	org.telegram.tgnet.TLRPC$TL_encryptedChat
C	org.telegram.tgnet.TLRPC$TL_encryptedChatDiscarded	org.telegram.tgnet.TLRPC$TL_encryptedChatDiscarded
C	org.telegram.tgnet.TLRPC$TL_encryptedChatDiscarded_layer122	org.telegram.tgnet.TLRPC$TL_encryptedChatDiscarded_layer122
C	org.telegram.tgnet.TLRPC$TL_encryptedChatWaiting	org.telegram.tgnet.TLRPC$TL_encryptedChatWaiting
C	org.telegram.tgnet.TLRPC$TL_encryptedChatWaiting_layer131	org.telegram.tgnet.TLRPC$TL_encryptedChatWaiting_layer131
C	org.telegram.tgnet.TLRPC$TL_encryptedFile	org.telegram.tgnet.TLRPC$TL_encryptedFile
C	org.telegram.tgnet.TLRPC$TL_error	org.telegram.tgnet.TLRPC$TL_error
C	org.telegram.tgnet.TLRPC$TL_exportedContactToken	org.telegram.tgnet.TLRPC$TL_exportedContactToken
C	org.telegram.tgnet.TLRPC$TL_exportedMessageLink	org.telegram.tgnet.TLRPC$TL_exportedMessageLink
C	org.telegram.tgnet.TLRPC$TL_factCheck	org.telegram.tgnet.TLRPC$TL_factCheck
C	org.telegram.tgnet.TLRPC$TL_fileEncryptedLocation	org.telegram.tgnet.TLRPC$TL_fileEncryptedLocation
C	org.telegram.tgnet.TLRPC$TL_fileHash	org.telegram.tgnet.TLRPC$TL_fileHash
C	org.telegram.tgnet.TLRPC$TL_fileLocationToBeDeprecated	org.telegram.tgnet.TLRPC$TL_fileLocationToBeDeprecated
C	org.telegram.tgnet.TLRPC$TL_fileLocationUnavailable	org.telegram.tgnet.TLRPC$TL_fileLocationUnavailable
C	org.telegram.tgnet.TLRPC$TL_fileLocation_layer82	org.telegram.tgnet.TLRPC$TL_fileLocation_layer82
C	org.telegram.tgnet.TLRPC$TL_fileLocation_layer97	org.telegram.tgnet.TLRPC$TL_fileLocation_layer97
C	org.telegram.tgnet.TLRPC$TL_folder	org.telegram.tgnet.TLRPC$TL_folder
C	org.telegram.tgnet.TLRPC$TL_folderPeer	org.telegram.tgnet.TLRPC$TL_folderPeer
C	org.telegram.tgnet.TLRPC$TL_forumTopic	org.telegram.tgnet.TLRPC$TL_forumTopic
C	org.telegram.tgnet.TLRPC$TL_forumTopicDeleted	org.telegram.tgnet.TLRPC$TL_forumTopicDeleted
C	org.telegram.tgnet.TLRPC$TL_game	org.telegram.tgnet.TLRPC$TL_game
C	org.telegram.tgnet.TLRPC$TL_geoPoint	org.telegram.tgnet.TLRPC$TL_geoPoint
C	org.telegram.tgnet.TLRPC$TL_geoPointEmpty	org.telegram.tgnet.TLRPC$TL_geoPointEmpty
C	org.telegram.tgnet.TLRPC$TL_getFactCheck	org.telegram.tgnet.TLRPC$TL_getFactCheck
C	org.telegram.tgnet.TLRPC$TL_globalPrivacySettings	org.telegram.tgnet.TLRPC$TL_globalPrivacySettings
C	org.telegram.tgnet.TLRPC$TL_groupCall	org.telegram.tgnet.TLRPC$TL_groupCall
C	org.telegram.tgnet.TLRPC$TL_groupCallDiscarded	org.telegram.tgnet.TLRPC$TL_groupCallDiscarded
C	org.telegram.tgnet.TLRPC$TL_groupCallParticipant	org.telegram.tgnet.TLRPC$TL_groupCallParticipant
C	org.telegram.tgnet.TLRPC$TL_groupCallParticipantVideo	org.telegram.tgnet.TLRPC$TL_groupCallParticipantVideo
C	org.telegram.tgnet.TLRPC$TL_groupCallParticipantVideoSourceGroup	org.telegram.tgnet.TLRPC$TL_groupCallParticipantVideoSourceGroup
C	org.telegram.tgnet.TLRPC$TL_groupCallParticipant_layer216	org.telegram.tgnet.TLRPC$TL_groupCallParticipant_layer216
C	org.telegram.tgnet.TLRPC$TL_help_appConfig	org.telegram.tgnet.TLRPC$TL_help_appConfig
C	org.telegram.tgnet.TLRPC$TL_help_appConfigNotModified	org.telegram.tgnet.TLRPC$TL_help_appConfigNotModified
C	org.telegram.tgnet.TLRPC$TL_help_countriesList	org.telegram.tgnet.TLRPC$TL_help_countriesList
C	org.telegram.tgnet.TLRPC$TL_help_countriesListNotModified	org.telegram.tgnet.TLRPC$TL_help_countriesListNotModified
C	org.telegram.tgnet.TLRPC$TL_help_country	org.telegram.tgnet.TLRPC$TL_help_country
C	org.telegram.tgnet.TLRPC$TL_help_countryCode	org.telegram.tgnet.TLRPC$TL_help_countryCode
C	org.telegram.tgnet.TLRPC$TL_help_deepLinkInfo	org.telegram.tgnet.TLRPC$TL_help_deepLinkInfo
C	org.telegram.tgnet.TLRPC$TL_help_deepLinkInfoEmpty	org.telegram.tgnet.TLRPC$TL_help_deepLinkInfoEmpty
C	org.telegram.tgnet.TLRPC$TL_help_inviteText	org.telegram.tgnet.TLRPC$TL_help_inviteText
C	org.telegram.tgnet.TLRPC$TL_help_noAppUpdate	org.telegram.tgnet.TLRPC$TL_help_noAppUpdate
C	org.telegram.tgnet.TLRPC$TL_help_passportConfig	org.telegram.tgnet.TLRPC$TL_help_passportConfig
C	org.telegram.tgnet.TLRPC$TL_help_passportConfigNotModified	org.telegram.tgnet.TLRPC$TL_help_passportConfigNotModified
C	org.telegram.tgnet.TLRPC$TL_help_peerColorOption	org.telegram.tgnet.TLRPC$TL_help_peerColorOption
C	org.telegram.tgnet.TLRPC$TL_help_peerColorProfileSet	org.telegram.tgnet.TLRPC$TL_help_peerColorProfileSet
C	org.telegram.tgnet.TLRPC$TL_help_peerColorSet	org.telegram.tgnet.TLRPC$TL_help_peerColorSet
C	org.telegram.tgnet.TLRPC$TL_help_peerColors	org.telegram.tgnet.TLRPC$TL_help_peerColors
C	org.telegram.tgnet.TLRPC$TL_help_peerColorsNotModified	org.telegram.tgnet.TLRPC$TL_help_peerColorsNotModified
C	org.telegram.tgnet.TLRPC$TL_help_premiumPromo	org.telegram.tgnet.TLRPC$TL_help_premiumPromo
C	org.telegram.tgnet.TLRPC$TL_help_promoData	org.telegram.tgnet.TLRPC$TL_help_promoData
C	org.telegram.tgnet.TLRPC$TL_help_promoDataEmpty	org.telegram.tgnet.TLRPC$TL_help_promoDataEmpty
C	org.telegram.tgnet.TLRPC$TL_help_promoData_layer202	org.telegram.tgnet.TLRPC$TL_help_promoData_layer202
C	org.telegram.tgnet.TLRPC$TL_help_recentMeUrls	org.telegram.tgnet.TLRPC$TL_help_recentMeUrls
C	org.telegram.tgnet.TLRPC$TL_help_support	org.telegram.tgnet.TLRPC$TL_help_support
C	org.telegram.tgnet.TLRPC$TL_help_termsOfService	org.telegram.tgnet.TLRPC$TL_help_termsOfService
C	org.telegram.tgnet.TLRPC$TL_help_termsOfServiceUpdate	org.telegram.tgnet.TLRPC$TL_help_termsOfServiceUpdate
C	org.telegram.tgnet.TLRPC$TL_help_termsOfServiceUpdateEmpty	org.telegram.tgnet.TLRPC$TL_help_termsOfServiceUpdateEmpty
C	org.telegram.tgnet.TLRPC$TL_help_timezonesList	org.telegram.tgnet.TLRPC$TL_help_timezonesList
C	org.telegram.tgnet.TLRPC$TL_help_timezonesListNotModified	org.telegram.tgnet.TLRPC$TL_help_timezonesListNotModified
C	org.telegram.tgnet.TLRPC$TL_importedContact	org.telegram.tgnet.TLRPC$TL_importedContact
C	org.telegram.tgnet.TLRPC$TL_inlineBotSwitchPM	org.telegram.tgnet.TLRPC$TL_inlineBotSwitchPM
C	org.telegram.tgnet.TLRPC$TL_inlineBotWebView	org.telegram.tgnet.TLRPC$TL_inlineBotWebView
C	org.telegram.tgnet.TLRPC$TL_inlineQueryPeerTypeBotPM	org.telegram.tgnet.TLRPC$TL_inlineQueryPeerTypeBotPM
C	org.telegram.tgnet.TLRPC$TL_inlineQueryPeerTypeBroadcast	org.telegram.tgnet.TLRPC$TL_inlineQueryPeerTypeBroadcast
C	org.telegram.tgnet.TLRPC$TL_inlineQueryPeerTypeChat	org.telegram.tgnet.TLRPC$TL_inlineQueryPeerTypeChat
C	org.telegram.tgnet.TLRPC$TL_inlineQueryPeerTypeMegagroup	org.telegram.tgnet.TLRPC$TL_inlineQueryPeerTypeMegagroup
C	org.telegram.tgnet.TLRPC$TL_inlineQueryPeerTypePM	org.telegram.tgnet.TLRPC$TL_inlineQueryPeerTypePM
C	org.telegram.tgnet.TLRPC$TL_inlineQueryPeerTypeSameBotPM	org.telegram.tgnet.TLRPC$TL_inlineQueryPeerTypeSameBotPM
C	org.telegram.tgnet.TLRPC$TL_inputAppEvent	org.telegram.tgnet.TLRPC$TL_inputAppEvent
C	org.telegram.tgnet.TLRPC$TL_inputBotAppID	org.telegram.tgnet.TLRPC$TL_inputBotAppID
C	org.telegram.tgnet.TLRPC$TL_inputBotAppShortName	org.telegram.tgnet.TLRPC$TL_inputBotAppShortName
C	org.telegram.tgnet.TLRPC$TL_inputChannel	org.telegram.tgnet.TLRPC$TL_inputChannel
C	org.telegram.tgnet.TLRPC$TL_inputChannelEmpty	org.telegram.tgnet.TLRPC$TL_inputChannelEmpty
C	org.telegram.tgnet.TLRPC$TL_inputChannelFromMessage	org.telegram.tgnet.TLRPC$TL_inputChannelFromMessage
C	org.telegram.tgnet.TLRPC$TL_inputChannelFromMessage_layer131	org.telegram.tgnet.TLRPC$TL_inputChannelFromMessage_layer131
C	org.telegram.tgnet.TLRPC$TL_inputChannel_layer131	org.telegram.tgnet.TLRPC$TL_inputChannel_layer131
C	org.telegram.tgnet.TLRPC$TL_inputChatPhoto	org.telegram.tgnet.TLRPC$TL_inputChatPhoto
C	org.telegram.tgnet.TLRPC$TL_inputChatPhotoEmpty	org.telegram.tgnet.TLRPC$TL_inputChatPhotoEmpty
C	org.telegram.tgnet.TLRPC$TL_inputChatUploadedPhoto	org.telegram.tgnet.TLRPC$TL_inputChatUploadedPhoto
C	org.telegram.tgnet.TLRPC$TL_inputCheckPasswordEmpty	org.telegram.tgnet.TLRPC$TL_inputCheckPasswordEmpty
C	org.telegram.tgnet.TLRPC$TL_inputCheckPasswordSRP	org.telegram.tgnet.TLRPC$TL_inputCheckPasswordSRP
C	org.telegram.tgnet.TLRPC$TL_inputDialogPeerFolder	org.telegram.tgnet.TLRPC$TL_inputDialogPeerFolder
C	org.telegram.tgnet.TLRPC$TL_inputDocumentFileLocation	org.telegram.tgnet.TLRPC$TL_inputDocumentFileLocation
C	org.telegram.tgnet.TLRPC$TL_inputEmojiStatusCollectible	org.telegram.tgnet.TLRPC$TL_inputEmojiStatusCollectible
C	org.telegram.tgnet.TLRPC$TL_inputEncryptedFile	org.telegram.tgnet.TLRPC$TL_inputEncryptedFile
C	org.telegram.tgnet.TLRPC$TL_inputFile	org.telegram.tgnet.TLRPC$TL_inputFile
C	org.telegram.tgnet.TLRPC$TL_inputFileBig	org.telegram.tgnet.TLRPC$TL_inputFileBig
C	org.telegram.tgnet.TLRPC$TL_inputFileLocation	org.telegram.tgnet.TLRPC$TL_inputFileLocation
C	org.telegram.tgnet.TLRPC$TL_inputFileStoryDocument	org.telegram.tgnet.TLRPC$TL_inputFileStoryDocument
C	org.telegram.tgnet.TLRPC$TL_inputFolderPeer	org.telegram.tgnet.TLRPC$TL_inputFolderPeer
C	org.telegram.tgnet.TLRPC$TL_inputGameShortName	org.telegram.tgnet.TLRPC$InputGame
C	org.telegram.tgnet.TLRPC$TL_inputGroupCall	org.telegram.tgnet.TLRPC$TL_inputGroupCall
C	org.telegram.tgnet.TLRPC$TL_inputGroupCallInviteMessage	org.telegram.tgnet.TLRPC$TL_inputGroupCallInviteMessage
C	org.telegram.tgnet.TLRPC$TL_inputGroupCallSlug	org.telegram.tgnet.TLRPC$TL_inputGroupCallSlug
C	org.telegram.tgnet.TLRPC$TL_inputGroupCallStream	org.telegram.tgnet.TLRPC$TL_inputGroupCallStream
C	org.telegram.tgnet.TLRPC$TL_inputInvoiceMessage	org.telegram.tgnet.TLRPC$TL_inputInvoiceMessage
C	org.telegram.tgnet.TLRPC$TL_inputInvoicePremiumGiftStars	org.telegram.tgnet.TLRPC$TL_inputInvoicePremiumGiftStars
C	org.telegram.tgnet.TLRPC$TL_inputInvoiceSlug	org.telegram.tgnet.TLRPC$TL_inputInvoiceSlug
C	org.telegram.tgnet.TLRPC$TL_inputInvoiceStarGift	org.telegram.tgnet.TLRPC$TL_inputInvoiceStarGift
C	org.telegram.tgnet.TLRPC$TL_inputInvoiceStarGiftAuctionBid	org.telegram.tgnet.TLRPC$TL_inputInvoiceStarGiftAuctionBid
C	org.telegram.tgnet.TLRPC$TL_inputInvoiceStarGiftDropOriginalDetails	org.telegram.tgnet.TLRPC$TL_inputInvoiceStarGiftDropOriginalDetails
C	org.telegram.tgnet.TLRPC$TL_inputInvoiceStarGiftPrepaidUpgrade	org.telegram.tgnet.TLRPC$TL_inputInvoiceStarGiftTransfer
C	org.telegram.tgnet.TLRPC$TL_inputInvoiceStarGiftResale	org.telegram.tgnet.TLRPC$TL_inputInvoiceStarGiftResale
C	org.telegram.tgnet.TLRPC$TL_inputInvoiceStars	org.telegram.tgnet.TLRPC$TL_inputInvoiceStars
C	org.telegram.tgnet.TLRPC$TL_inputMediaDocument	org.telegram.tgnet.TLRPC$TL_inputMediaDocument
C	org.telegram.tgnet.TLRPC$TL_inputMediaDocumentExternal	org.telegram.tgnet.TLRPC$TL_inputMediaDocumentExternal
C	org.telegram.tgnet.TLRPC$TL_inputMediaEmpty	org.telegram.tgnet.TLRPC$TL_inputMediaEmpty
C	org.telegram.tgnet.TLRPC$TL_inputMediaGame	org.telegram.tgnet.TLRPC$TL_inputMediaGame
C	org.telegram.tgnet.TLRPC$TL_inputMediaInvoice	org.telegram.tgnet.TLRPC$TL_inputMediaInvoice
C	org.telegram.tgnet.TLRPC$TL_inputMediaPaidMedia	org.telegram.tgnet.TLRPC$TL_inputMediaPaidMedia
C	org.telegram.tgnet.TLRPC$TL_inputMediaPaidMedia_layer186	org.telegram.tgnet.TLRPC$TL_inputMediaPaidMedia_layer186
C	org.telegram.tgnet.TLRPC$TL_inputMediaPhoto	org.telegram.tgnet.TLRPC$TL_inputMediaPhoto
C	org.telegram.tgnet.TLRPC$TL_inputMediaPhoto_layer223	org.telegram.tgnet.TLRPC$TL_inputMediaPhoto_layer223
C	org.telegram.tgnet.TLRPC$TL_inputMediaPoll	org.telegram.tgnet.TLRPC$TL_inputMediaPoll
C	org.telegram.tgnet.TLRPC$TL_inputMediaStakeDice	org.telegram.tgnet.TLRPC$TL_inputMediaStakeDice
C	org.telegram.tgnet.TLRPC$TL_inputMediaStory	org.telegram.tgnet.TLRPC$TL_inputMediaStory
C	org.telegram.tgnet.TLRPC$TL_inputMediaUploadedDocument	org.telegram.tgnet.TLRPC$TL_inputMediaUploadedDocument
C	org.telegram.tgnet.TLRPC$TL_inputMediaUploadedPhoto	org.telegram.tgnet.TLRPC$TL_inputMediaUploadedPhoto
C	org.telegram.tgnet.TLRPC$TL_inputMediaWebPage	org.telegram.tgnet.TLRPC$TL_inputMediaWebPage
C	org.telegram.tgnet.TLRPC$TL_inputMessageEntityMentionName	org.telegram.tgnet.TLRPC$TL_inputMessageEntityMentionName
C	org.telegram.tgnet.TLRPC$TL_inputMessageReadMetric	org.telegram.tgnet.TLRPC$TL_inputMessageReadMetric
C	org.telegram.tgnet.TLRPC$TL_inputMessagesFilterDocument	org.telegram.tgnet.TLRPC$TL_inputMessagesFilterDocument
C	org.telegram.tgnet.TLRPC$TL_inputMessagesFilterMusic	org.telegram.tgnet.TLRPC$TL_inputMessagesFilterMusic
C	org.telegram.tgnet.TLRPC$TL_inputMessagesFilterPhotoVideo	org.telegram.tgnet.TLRPC$TL_inputMessagesFilterPhotoVideo
C	org.telegram.tgnet.TLRPC$TL_inputMessagesFilterPhotos	org.telegram.tgnet.TLRPC$TL_inputMessagesFilterPhotos
C	org.telegram.tgnet.TLRPC$TL_inputMessagesFilterPoll	org.telegram.tgnet.TLRPC$TL_inputMessagesFilterPoll
C	org.telegram.tgnet.TLRPC$TL_inputMessagesFilterRoundVoice	org.telegram.tgnet.TLRPC$TL_inputMessagesFilterRoundVoice
C	org.telegram.tgnet.TLRPC$TL_inputMessagesFilterUrl	org.telegram.tgnet.TLRPC$TL_inputMessagesFilterUrl
C	org.telegram.tgnet.TLRPC$TL_inputMessagesFilterVideo	org.telegram.tgnet.TLRPC$TL_inputMessagesFilterVideo
C	org.telegram.tgnet.TLRPC$TL_inputNotifyForumTopic	org.telegram.tgnet.TLRPC$TL_inputNotifyForumTopic
C	org.telegram.tgnet.TLRPC$TL_inputPaymentCredentialsSaved	org.telegram.tgnet.TLRPC$TL_inputPaymentCredentialsGooglePay
C	org.telegram.tgnet.TLRPC$TL_inputPeerChannel	org.telegram.tgnet.TLRPC$TL_inputPeerChannel
C	org.telegram.tgnet.TLRPC$TL_inputPeerChannelFromMessage_layer131	org.telegram.tgnet.TLRPC$TL_inputPeerChannelFromMessage_layer131
C	org.telegram.tgnet.TLRPC$TL_inputPeerChannel_layer131	org.telegram.tgnet.TLRPC$TL_inputPeerChannel_layer131
C	org.telegram.tgnet.TLRPC$TL_inputPeerChat	org.telegram.tgnet.TLRPC$TL_inputPeerChat
C	org.telegram.tgnet.TLRPC$TL_inputPeerChat_layer131	org.telegram.tgnet.TLRPC$TL_inputPeerChat_layer131
C	org.telegram.tgnet.TLRPC$TL_inputPeerColorCollectible	org.telegram.tgnet.TLRPC$TL_inputPeerColorCollectible
C	org.telegram.tgnet.TLRPC$TL_inputPeerEmpty	org.telegram.tgnet.TLRPC$TL_inputPeerEmpty
C	org.telegram.tgnet.TLRPC$TL_inputPeerNotifySettings	org.telegram.tgnet.TLRPC$TL_inputPeerNotifySettings
C	org.telegram.tgnet.TLRPC$TL_inputPeerPhotoFileLocation	org.telegram.tgnet.TLRPC$TL_inputPeerPhotoFileLocation
C	org.telegram.tgnet.TLRPC$TL_inputPeerUser	org.telegram.tgnet.TLRPC$TL_inputPeerUser
C	org.telegram.tgnet.TLRPC$TL_inputPeerUserFromMessage_layer131	org.telegram.tgnet.TLRPC$TL_inputPeerUserFromMessage_layer131
C	org.telegram.tgnet.TLRPC$TL_inputPeerUser_layer131	org.telegram.tgnet.TLRPC$TL_inputPeerUser_layer131
C	org.telegram.tgnet.TLRPC$TL_inputPhoneCall	org.telegram.tgnet.TLRPC$TL_inputPhoneCall
C	org.telegram.tgnet.TLRPC$TL_inputPhoneContact	org.telegram.tgnet.TLRPC$TL_inputPhoneContact
C	org.telegram.tgnet.TLRPC$TL_inputPhotoFileLocation	org.telegram.tgnet.TLRPC$TL_inputPhotoFileLocation
C	org.telegram.tgnet.TLRPC$TL_inputPollAnswer	org.telegram.tgnet.TLRPC$TL_inputPollAnswer
C	org.telegram.tgnet.TLRPC$TL_inputPrivacyValueAllowAll	org.telegram.tgnet.TLRPC$TL_inputPrivacyValueAllowAll
C	org.telegram.tgnet.TLRPC$TL_inputPrivacyValueAllowCloseFriends	org.telegram.tgnet.TLRPC$TL_inputPrivacyValueAllowCloseFriends
C	org.telegram.tgnet.TLRPC$TL_inputPrivacyValueAllowContacts	org.telegram.tgnet.TLRPC$TL_inputPrivacyValueAllowContacts
C	org.telegram.tgnet.TLRPC$TL_inputPrivacyValueAllowUsers	org.telegram.tgnet.TLRPC$TL_inputPrivacyValueAllowUsers
C	org.telegram.tgnet.TLRPC$TL_inputPrivacyValueDisallowUsers	org.telegram.tgnet.TLRPC$TL_inputPrivacyValueDisallowUsers
C	org.telegram.tgnet.TLRPC$TL_inputQuickReplyShortcut	org.telegram.tgnet.TLRPC$TL_inputQuickReplyShortcut
C	org.telegram.tgnet.TLRPC$TL_inputQuickReplyShortcutId	org.telegram.tgnet.TLRPC$TL_inputQuickReplyShortcutId
C	org.telegram.tgnet.TLRPC$TL_inputReplyToEphemeralMessage	org.telegram.tgnet.TLRPC$TL_inputReplyToEphemeralMessage
C	org.telegram.tgnet.TLRPC$TL_inputReplyToMessage	org.telegram.tgnet.TLRPC$TL_inputReplyToMessage
C	org.telegram.tgnet.TLRPC$TL_inputReplyToMonoForum	org.telegram.tgnet.TLRPC$TL_inputReplyToMonoForum
C	org.telegram.tgnet.TLRPC$TL_inputReplyToStory	org.telegram.tgnet.TLRPC$TL_inputReplyToStory
C	org.telegram.tgnet.TLRPC$TL_inputReplyToStory_layer173	org.telegram.tgnet.TLRPC$TL_inputReplyToStory_layer173
C	org.telegram.tgnet.TLRPC$TL_inputSecureFile	org.telegram.tgnet.TLRPC$TL_inputSecureFile
C	org.telegram.tgnet.TLRPC$TL_inputSecureFileUploaded	org.telegram.tgnet.TLRPC$TL_inputSecureFileUploaded
C	org.telegram.tgnet.TLRPC$TL_inputSecureValue	org.telegram.tgnet.TLRPC$TL_inputSecureValue
C	org.telegram.tgnet.TLRPC$TL_inputSingleMedia	org.telegram.tgnet.TLRPC$TL_inputSingleMedia
C	org.telegram.tgnet.TLRPC$TL_inputStickerSetAnimatedEmoji	org.telegram.tgnet.TLRPC$TL_inputStickerSetAnimatedEmoji
C	org.telegram.tgnet.TLRPC$TL_inputStickerSetDice	org.telegram.tgnet.TLRPC$TL_inputStickerSetDice
C	org.telegram.tgnet.TLRPC$TL_inputStickerSetDice_layer111	org.telegram.tgnet.TLRPC$TL_inputStickerSetDice_layer111
C	org.telegram.tgnet.TLRPC$TL_inputStickerSetEmojiChannelDefaultStatuses	org.telegram.tgnet.TLRPC$TL_inputStickerSetEmojiChannelDefaultStatuses
C	org.telegram.tgnet.TLRPC$TL_inputStickerSetEmojiDefaultStatuses	org.telegram.tgnet.TLRPC$TL_inputStickerSetEmojiDefaultStatuses
C	org.telegram.tgnet.TLRPC$TL_inputStickerSetEmojiDefaultTopicIcons	org.telegram.tgnet.TLRPC$TL_inputStickerSetEmojiDefaultTopicIcons
C	org.telegram.tgnet.TLRPC$TL_inputStickerSetEmojiGenericAnimations	org.telegram.tgnet.TLRPC$TL_inputStickerSetEmojiGenericAnimations
C	org.telegram.tgnet.TLRPC$TL_inputStickerSetID	org.telegram.tgnet.TLRPC$TL_inputStickerSetID
C	org.telegram.tgnet.TLRPC$TL_inputStickerSetItem	org.telegram.tgnet.TLRPC$TL_inputStickerSetItem
C	org.telegram.tgnet.TLRPC$TL_inputStickerSetPremiumGifts	org.telegram.tgnet.TLRPC$TL_inputStickerSetPremiumGifts
C	org.telegram.tgnet.TLRPC$TL_inputStickerSetShortName	org.telegram.tgnet.TLRPC$TL_inputStickerSetShortName
C	org.telegram.tgnet.TLRPC$TL_inputStickerSetThumb	org.telegram.tgnet.TLRPC$TL_inputStickerSetThumb
C	org.telegram.tgnet.TLRPC$TL_inputStickerSetTonGifts	org.telegram.tgnet.TLRPC$TL_inputStickerSetTonGifts
C	org.telegram.tgnet.TLRPC$TL_inputStickeredMediaDocument	org.telegram.tgnet.TLRPC$TL_inputStickeredMediaDocument
C	org.telegram.tgnet.TLRPC$TL_inputStorePaymentAuthCode	org.telegram.tgnet.TLRPC$TL_inputStorePaymentAuthCode
C	org.telegram.tgnet.TLRPC$TL_inputStorePaymentGiftPremium	org.telegram.tgnet.TLRPC$TL_inputStorePaymentGiftPremium
C	org.telegram.tgnet.TLRPC$TL_inputStorePaymentPremiumGiftCode	org.telegram.tgnet.TLRPC$TL_inputStorePaymentPremiumGiftCode
C	org.telegram.tgnet.TLRPC$TL_inputStorePaymentPremiumGiveaway	org.telegram.tgnet.TLRPC$TL_inputStorePaymentPremiumGiveaway
C	org.telegram.tgnet.TLRPC$TL_inputStorePaymentPremiumSubscription	org.telegram.tgnet.TLRPC$TL_inputStorePaymentPremiumSubscription
C	org.telegram.tgnet.TLRPC$TL_inputStorePaymentStarsGift	org.telegram.tgnet.TLRPC$TL_inputStorePaymentStarsGift
C	org.telegram.tgnet.TLRPC$TL_inputStorePaymentStarsGiveaway	org.telegram.tgnet.TLRPC$TL_inputStorePaymentStarsGiveaway
C	org.telegram.tgnet.TLRPC$TL_inputStorePaymentStarsTopup	org.telegram.tgnet.TLRPC$TL_inputStorePaymentStarsTopup
C	org.telegram.tgnet.TLRPC$TL_inputStorePaymentStarsTopup_layer212	org.telegram.tgnet.TLRPC$TL_inputStorePaymentStarsTopup_layer212
C	org.telegram.tgnet.TLRPC$TL_inputTheme	org.telegram.tgnet.TLRPC$TL_inputTheme
C	org.telegram.tgnet.TLRPC$TL_inputThemeSettings	org.telegram.tgnet.TLRPC$TL_inputThemeSettings
C	org.telegram.tgnet.TLRPC$TL_inputThemeSlug	org.telegram.tgnet.TLRPC$TL_inputThemeSlug
C	org.telegram.tgnet.TLRPC$TL_inputUserEmpty	org.telegram.tgnet.TLRPC$TL_inputUserEmpty
C	org.telegram.tgnet.TLRPC$TL_inputUserSelf	org.telegram.tgnet.TLRPC$TL_inputUserSelf
C	org.telegram.tgnet.TLRPC$TL_inputWallPaper	org.telegram.tgnet.TLRPC$TL_inputWallPaper
C	org.telegram.tgnet.TLRPC$TL_inputWallPaperNoFile	org.telegram.tgnet.TLRPC$TL_inputWallPaperNoFile
C	org.telegram.tgnet.TLRPC$TL_inputWallPaperSlug	org.telegram.tgnet.TLRPC$TL_inputWallPaperSlug
C	org.telegram.tgnet.TLRPC$TL_inputWebDocument	org.telegram.tgnet.TLRPC$TL_inputWebDocument
C	org.telegram.tgnet.TLRPC$TL_inputWebFileGeoPointLocation	org.telegram.tgnet.TLRPC$TL_inputWebFileGeoPointLocation
C	org.telegram.tgnet.TLRPC$TL_inputWebFileLocation	org.telegram.tgnet.TLRPC$TL_inputWebFileLocation
C	org.telegram.tgnet.TLRPC$TL_invoice	org.telegram.tgnet.TLRPC$TL_invoice
C	org.telegram.tgnet.TLRPC$TL_joinChatBotResultApproved	org.telegram.tgnet.TLRPC$TL_joinChatBotResultApproved
C	org.telegram.tgnet.TLRPC$TL_joinChatBotResultDeclined	org.telegram.tgnet.TLRPC$TL_joinChatBotResultDeclined
C	org.telegram.tgnet.TLRPC$TL_joinChatBotResultQueued	org.telegram.tgnet.TLRPC$TL_joinChatBotResultQueued
C	org.telegram.tgnet.TLRPC$TL_joinChatBotResultWebView	org.telegram.tgnet.TLRPC$TL_joinChatBotResultWebView
C	org.telegram.tgnet.TLRPC$TL_jsonArray	org.telegram.tgnet.TLRPC$TL_jsonArray
C	org.telegram.tgnet.TLRPC$TL_jsonBool	org.telegram.tgnet.TLRPC$TL_jsonBool
C	org.telegram.tgnet.TLRPC$TL_jsonNull	org.telegram.tgnet.TLRPC$TL_jsonNull
C	org.telegram.tgnet.TLRPC$TL_jsonNumber	org.telegram.tgnet.TLRPC$TL_jsonNumber
C	org.telegram.tgnet.TLRPC$TL_jsonObject	org.telegram.tgnet.TLRPC$TL_jsonObject
C	org.telegram.tgnet.TLRPC$TL_jsonObjectValue	org.telegram.tgnet.TLRPC$TL_jsonObjectValue
C	org.telegram.tgnet.TLRPC$TL_jsonString	org.telegram.tgnet.TLRPC$TL_jsonString
C	org.telegram.tgnet.TLRPC$TL_langPackDifference	org.telegram.tgnet.TLRPC$TL_langPackDifference
C	org.telegram.tgnet.TLRPC$TL_langPackLanguage	org.telegram.tgnet.TLRPC$TL_langPackLanguage
C	org.telegram.tgnet.TLRPC$TL_langPackStringDeleted	org.telegram.tgnet.TLRPC$TL_langPackStringDeleted
C	org.telegram.tgnet.TLRPC$TL_langPackStringPluralized	org.telegram.tgnet.TLRPC$TL_langPackStringPluralized
C	org.telegram.tgnet.TLRPC$TL_langpack_getDifference	org.telegram.tgnet.TLRPC$TL_contacts_resolveUsername
C	org.telegram.tgnet.TLRPC$TL_langpack_getLanguage	org.telegram.tgnet.TLRPC$TL_auth_resetLoginEmail
C	org.telegram.tgnet.TLRPC$TL_maskCoords	org.telegram.tgnet.TLRPC$TL_maskCoords
C	org.telegram.tgnet.TLRPC$TL_message	org.telegram.tgnet.TLRPC$TL_message
C	org.telegram.tgnet.TLRPC$TL_messageActionAttachMenuBotAllowed	org.telegram.tgnet.TLRPC$TL_messageActionAttachMenuBotAllowed
C	org.telegram.tgnet.TLRPC$TL_messageActionBoostApply	org.telegram.tgnet.TLRPC$TL_messageActionBoostApply
C	org.telegram.tgnet.TLRPC$TL_messageActionBotAllowed	org.telegram.tgnet.TLRPC$TL_messageActionBotAllowed
C	org.telegram.tgnet.TLRPC$TL_messageActionBotAllowed_layer153	org.telegram.tgnet.TLRPC$TL_messageActionBotAllowed_layer153
C	org.telegram.tgnet.TLRPC$TL_messageActionChangeCommunity	org.telegram.tgnet.TLRPC$TL_messageActionChangeCommunity
C	org.telegram.tgnet.TLRPC$TL_messageActionChangeCreator	org.telegram.tgnet.TLRPC$TL_messageActionChangeCreator
C	org.telegram.tgnet.TLRPC$TL_messageActionChannelCreate	org.telegram.tgnet.TLRPC$TL_messageActionChannelCreate
C	org.telegram.tgnet.TLRPC$TL_messageActionChannelMigrateFrom	org.telegram.tgnet.TLRPC$TL_messageActionChannelMigrateFrom
C	org.telegram.tgnet.TLRPC$TL_messageActionChannelMigrateFrom_layer131	org.telegram.tgnet.TLRPC$TL_messageActionChannelMigrateFrom_layer131
C	org.telegram.tgnet.TLRPC$TL_messageActionChatAddUser	org.telegram.tgnet.TLRPC$TL_messageActionChatAddUser
C	org.telegram.tgnet.TLRPC$TL_messageActionChatCreate	org.telegram.tgnet.TLRPC$TL_messageActionChatCreate
C	org.telegram.tgnet.TLRPC$TL_messageActionChatCreate_layer131	org.telegram.tgnet.TLRPC$TL_messageActionChatCreate_layer131
C	org.telegram.tgnet.TLRPC$TL_messageActionChatDeletePhoto	org.telegram.tgnet.TLRPC$TL_messageActionChatDeletePhoto
C	org.telegram.tgnet.TLRPC$TL_messageActionChatDeleteUser	org.telegram.tgnet.TLRPC$TL_messageActionChatDeleteUser
C	org.telegram.tgnet.TLRPC$TL_messageActionChatDeleteUser_layer131	org.telegram.tgnet.TLRPC$TL_messageActionChatDeleteUser_layer131
C	org.telegram.tgnet.TLRPC$TL_messageActionChatEditPhoto	org.telegram.tgnet.TLRPC$TL_messageActionChatEditPhoto
C	org.telegram.tgnet.TLRPC$TL_messageActionChatEditTitle	org.telegram.tgnet.TLRPC$TL_messageActionChatEditTitle
C	org.telegram.tgnet.TLRPC$TL_messageActionChatJoinedByLink	org.telegram.tgnet.TLRPC$TL_messageActionChatJoinedByLink
C	org.telegram.tgnet.TLRPC$TL_messageActionChatJoinedByLink_layer131	org.telegram.tgnet.TLRPC$TL_messageActionChatJoinedByLink_layer131
C	org.telegram.tgnet.TLRPC$TL_messageActionChatJoinedByRequest	org.telegram.tgnet.TLRPC$TL_messageActionChatJoinedByRequest
C	org.telegram.tgnet.TLRPC$TL_messageActionChatMigrateTo	org.telegram.tgnet.TLRPC$TL_messageActionChatMigrateTo
C	org.telegram.tgnet.TLRPC$TL_messageActionChatMigrateTo_layer131	org.telegram.tgnet.TLRPC$TL_messageActionChatMigrateTo_layer131
C	org.telegram.tgnet.TLRPC$TL_messageActionConferenceCall	org.telegram.tgnet.TLRPC$TL_messageActionConferenceCall
C	org.telegram.tgnet.TLRPC$TL_messageActionContactSignUp	org.telegram.tgnet.TLRPC$TL_messageActionContactSignUp
C	org.telegram.tgnet.TLRPC$TL_messageActionCreatedBroadcastList	org.telegram.tgnet.TLRPC$TL_messageActionCreatedBroadcastList
C	org.telegram.tgnet.TLRPC$TL_messageActionEmpty	org.telegram.tgnet.TLRPC$TL_messageActionEmpty
C	org.telegram.tgnet.TLRPC$TL_messageActionGameScore	org.telegram.tgnet.TLRPC$TL_messageActionGameScore
C	org.telegram.tgnet.TLRPC$TL_messageActionGeoProximityReached	org.telegram.tgnet.TLRPC$TL_messageActionGeoProximityReached
C	org.telegram.tgnet.TLRPC$TL_messageActionGiftCode	org.telegram.tgnet.TLRPC$TL_messageActionGiftCode
C	org.telegram.tgnet.TLRPC$TL_messageActionGiftPremium	org.telegram.tgnet.TLRPC$TL_messageActionGiftPremium
C	org.telegram.tgnet.TLRPC$TL_messageActionGiftStars	org.telegram.tgnet.TLRPC$TL_messageActionGiftStars
C	org.telegram.tgnet.TLRPC$TL_messageActionGiftTon	org.telegram.tgnet.TLRPC$TL_messageActionGiftTon
C	org.telegram.tgnet.TLRPC$TL_messageActionGiveawayLaunch	org.telegram.tgnet.TLRPC$TL_messageActionGiveawayLaunch
C	org.telegram.tgnet.TLRPC$TL_messageActionGiveawayLaunch_layer186	org.telegram.tgnet.TLRPC$TL_messageActionGiveawayLaunch_layer186
C	org.telegram.tgnet.TLRPC$TL_messageActionGiveawayResults	org.telegram.tgnet.TLRPC$TL_messageActionGiveawayResults
C	org.telegram.tgnet.TLRPC$TL_messageActionGiveawayResults_layer186	org.telegram.tgnet.TLRPC$TL_messageActionGiveawayResults_layer186
C	org.telegram.tgnet.TLRPC$TL_messageActionGroupCall	org.telegram.tgnet.TLRPC$TL_messageActionGroupCall
C	org.telegram.tgnet.TLRPC$TL_messageActionGroupCallScheduled	org.telegram.tgnet.TLRPC$TL_messageActionGroupCallScheduled
C	org.telegram.tgnet.TLRPC$TL_messageActionHistoryClear	org.telegram.tgnet.TLRPC$TL_messageActionHistoryClear
C	org.telegram.tgnet.TLRPC$TL_messageActionInviteToGroupCall	org.telegram.tgnet.TLRPC$TL_messageActionInviteToGroupCall
C	org.telegram.tgnet.TLRPC$TL_messageActionInviteToGroupCall_layer131	org.telegram.tgnet.TLRPC$TL_messageActionInviteToGroupCall_layer131
C	org.telegram.tgnet.TLRPC$TL_messageActionLoginUnknownLocation	org.telegram.tgnet.TLRPC$TL_messageActionLoginUnknownLocation
C	org.telegram.tgnet.TLRPC$TL_messageActionManagedBotCreated	org.telegram.tgnet.TLRPC$TL_messageActionManagedBotCreated
C	org.telegram.tgnet.TLRPC$TL_messageActionNewCreatorPending	org.telegram.tgnet.TLRPC$TL_messageActionNewCreatorPending
C	org.telegram.tgnet.TLRPC$TL_messageActionNoForwardsRequest	org.telegram.tgnet.TLRPC$TL_messageActionNoForwardsRequest
C	org.telegram.tgnet.TLRPC$TL_messageActionNoForwardsToggle	org.telegram.tgnet.TLRPC$TL_messageActionNoForwardsToggle
C	org.telegram.tgnet.TLRPC$TL_messageActionPaidMessagesPrice	org.telegram.tgnet.TLRPC$TL_messageActionPaidMessagesPrice
C	org.telegram.tgnet.TLRPC$TL_messageActionPaidMessagesPrice_layer203	org.telegram.tgnet.TLRPC$TL_messageActionPaidMessagesPrice_layer203
C	org.telegram.tgnet.TLRPC$TL_messageActionPaidMessagesRefunded	org.telegram.tgnet.TLRPC$TL_messageActionPaidMessagesRefunded
C	org.telegram.tgnet.TLRPC$TL_messageActionPaymentRefunded	org.telegram.tgnet.TLRPC$TL_messageActionPaymentRefunded
C	org.telegram.tgnet.TLRPC$TL_messageActionPaymentSent	org.telegram.tgnet.TLRPC$TL_messageActionPaymentSent
C	org.telegram.tgnet.TLRPC$TL_messageActionPaymentSentMe	org.telegram.tgnet.TLRPC$TL_messageActionPaymentSentMe
C	org.telegram.tgnet.TLRPC$TL_messageActionPaymentSentMe_layer193	org.telegram.tgnet.TLRPC$TL_messageActionPaymentSentMe_layer193
C	org.telegram.tgnet.TLRPC$TL_messageActionPhoneCall	org.telegram.tgnet.TLRPC$TL_messageActionPhoneCall
C	org.telegram.tgnet.TLRPC$TL_messageActionPhoneNumberRequest	org.telegram.tgnet.TLRPC$TL_messageActionPhoneNumberRequest
C	org.telegram.tgnet.TLRPC$TL_messageActionPinMessage	org.telegram.tgnet.TLRPC$TL_messageActionPinMessage
C	org.telegram.tgnet.TLRPC$TL_messageActionPollAppendAnswer	org.telegram.tgnet.TLRPC$TL_messageActionPollAppendAnswer
C	org.telegram.tgnet.TLRPC$TL_messageActionPollDeleteAnswer	org.telegram.tgnet.TLRPC$TL_messageActionPollDeleteAnswer
C	org.telegram.tgnet.TLRPC$TL_messageActionPrizeStars	org.telegram.tgnet.TLRPC$TL_messageActionPrizeStars
C	org.telegram.tgnet.TLRPC$TL_messageActionRequestedPeer	org.telegram.tgnet.TLRPC$TL_messageActionRequestedPeer
C	org.telegram.tgnet.TLRPC$TL_messageActionRequestedPeer_layer168	org.telegram.tgnet.TLRPC$TL_messageActionRequestedPeer_layer168
C	org.telegram.tgnet.TLRPC$TL_messageActionScreenshotTaken	org.telegram.tgnet.TLRPC$TL_messageActionScreenshotTaken
C	org.telegram.tgnet.TLRPC$TL_messageActionSecureValuesSent	org.telegram.tgnet.TLRPC$TL_messageActionSecureValuesSent
C	org.telegram.tgnet.TLRPC$TL_messageActionSetChatTheme	org.telegram.tgnet.TLRPC$TL_messageActionSetChatTheme
C	org.telegram.tgnet.TLRPC$TL_messageActionSetChatTheme_layer213	org.telegram.tgnet.TLRPC$TL_messageActionSetChatTheme_layer213
C	org.telegram.tgnet.TLRPC$TL_messageActionSetChatWallPaper	org.telegram.tgnet.TLRPC$TL_messageActionSetChatWallPaper
C	org.telegram.tgnet.TLRPC$TL_messageActionSetChatWallPaper_layer166	org.telegram.tgnet.TLRPC$TL_messageActionSetChatWallPaper_layer166
C	org.telegram.tgnet.TLRPC$TL_messageActionSetMessagesTTL	org.telegram.tgnet.TLRPC$TL_messageActionSetMessagesTTL
C	org.telegram.tgnet.TLRPC$TL_messageActionSetMessagesTTL_layer149	org.telegram.tgnet.TLRPC$TL_messageActionSetMessagesTTL_layer149
C	org.telegram.tgnet.TLRPC$TL_messageActionSetSameChatWallPaper	org.telegram.tgnet.TLRPC$TL_messageActionSetSameChatWallPaper
C	org.telegram.tgnet.TLRPC$TL_messageActionStarGift	org.telegram.tgnet.TLRPC$TL_messageActionStarGift
C	org.telegram.tgnet.TLRPC$TL_messageActionStarGiftPurchaseOffer	org.telegram.tgnet.TLRPC$TL_messageActionStarGiftPurchaseOffer
C	org.telegram.tgnet.TLRPC$TL_messageActionStarGiftPurchaseOfferDeclined	org.telegram.tgnet.TLRPC$TL_messageActionStarGiftPurchaseOfferDeclined
C	org.telegram.tgnet.TLRPC$TL_messageActionStarGiftUnique	org.telegram.tgnet.TLRPC$TL_messageActionStarGiftUnique
C	org.telegram.tgnet.TLRPC$TL_messageActionSuggestBirthday	org.telegram.tgnet.TLRPC$TL_messageActionSuggestBirthday
C	org.telegram.tgnet.TLRPC$TL_messageActionSuggestProfilePhoto	org.telegram.tgnet.TLRPC$TL_messageActionSuggestProfilePhoto
C	org.telegram.tgnet.TLRPC$TL_messageActionSuggestedPostApproval	org.telegram.tgnet.TLRPC$TL_messageActionSuggestedPostApproval
C	org.telegram.tgnet.TLRPC$TL_messageActionSuggestedPostRefund	org.telegram.tgnet.TLRPC$TL_messageActionSuggestedPostRefund
C	org.telegram.tgnet.TLRPC$TL_messageActionSuggestedPostSuccess	org.telegram.tgnet.TLRPC$TL_messageActionSuggestedPostSuccess
C	org.telegram.tgnet.TLRPC$TL_messageActionTTLChange	org.telegram.tgnet.TLRPC$TL_messageActionTTLChange
C	org.telegram.tgnet.TLRPC$TL_messageActionTodoAppendTasks	org.telegram.tgnet.TLRPC$TL_messageActionTodoAppendTasks
C	org.telegram.tgnet.TLRPC$TL_messageActionTopicCreate	org.telegram.tgnet.TLRPC$TL_messageActionTopicCreate
C	org.telegram.tgnet.TLRPC$TL_messageActionTopicEdit	org.telegram.tgnet.TLRPC$TL_messageActionTopicEdit
C	org.telegram.tgnet.TLRPC$TL_messageActionTopicEdit_layer149	org.telegram.tgnet.TLRPC$TL_messageActionTopicEdit_layer149
C	org.telegram.tgnet.TLRPC$TL_messageActionUserJoined	org.telegram.tgnet.TLRPC$TL_messageActionUserJoined
C	org.telegram.tgnet.TLRPC$TL_messageActionUserUpdatedPhoto	org.telegram.tgnet.TLRPC$TL_messageActionUserUpdatedPhoto
C	org.telegram.tgnet.TLRPC$TL_messageActionWebViewDataSent	org.telegram.tgnet.TLRPC$TL_messageActionWebViewDataSent
C	org.telegram.tgnet.TLRPC$TL_messageActionWebViewDataSentMe	org.telegram.tgnet.TLRPC$TL_messageActionWebViewDataSentMe
C	org.telegram.tgnet.TLRPC$TL_messageEmpty	org.telegram.tgnet.TLRPC$TL_messageEmpty
C	org.telegram.tgnet.TLRPC$TL_messageEmpty_layer122	org.telegram.tgnet.TLRPC$TL_messageEmpty_layer122
C	org.telegram.tgnet.TLRPC$TL_messageEncryptedAction	org.telegram.tgnet.TLRPC$TL_messageEncryptedAction
C	org.telegram.tgnet.TLRPC$TL_messageEntityBankCard	org.telegram.tgnet.TLRPC$TL_messageEntityBankCard
C	org.telegram.tgnet.TLRPC$TL_messageEntityBlockquote	org.telegram.tgnet.TLRPC$TL_messageEntityBlockquote
C	org.telegram.tgnet.TLRPC$TL_messageEntityBlockquote_layer180	org.telegram.tgnet.TLRPC$TL_messageEntityBlockquote_layer180
C	org.telegram.tgnet.TLRPC$TL_messageEntityBold	org.telegram.tgnet.TLRPC$TL_messageEntityBold
C	org.telegram.tgnet.TLRPC$TL_messageEntityBotCommand	org.telegram.tgnet.TLRPC$TL_messageEntityBotCommand
C	org.telegram.tgnet.TLRPC$TL_messageEntityCode	org.telegram.tgnet.TLRPC$TL_messageEntityCode
C	org.telegram.tgnet.TLRPC$TL_messageEntityCustomEmoji	org.telegram.tgnet.TLRPC$TL_messageEntityCustomEmoji
C	org.telegram.tgnet.TLRPC$TL_messageEntityDiffDelete	org.telegram.tgnet.TLRPC$TL_messageEntityDiffDelete
C	org.telegram.tgnet.TLRPC$TL_messageEntityDiffInsert	org.telegram.tgnet.TLRPC$TL_messageEntityDiffInsert
C	org.telegram.tgnet.TLRPC$TL_messageEntityDiffReplace	org.telegram.tgnet.TLRPC$TL_messageEntityDiffReplace
C	org.telegram.tgnet.TLRPC$TL_messageEntityEmail	org.telegram.tgnet.TLRPC$TL_messageEntityEmail
C	org.telegram.tgnet.TLRPC$TL_messageEntityFormattedDate	org.telegram.tgnet.TLRPC$TL_messageEntityFormattedDate
C	org.telegram.tgnet.TLRPC$TL_messageEntityHashtag	org.telegram.tgnet.TLRPC$TL_messageEntityHashtag
C	org.telegram.tgnet.TLRPC$TL_messageEntityItalic	org.telegram.tgnet.TLRPC$TL_messageEntityItalic
C	org.telegram.tgnet.TLRPC$TL_messageEntityMention	org.telegram.tgnet.TLRPC$TL_messageEntityMention
C	org.telegram.tgnet.TLRPC$TL_messageEntityMentionName	org.telegram.tgnet.TLRPC$TL_messageEntityMentionName
C	org.telegram.tgnet.TLRPC$TL_messageEntityMentionName_layer131	org.telegram.tgnet.TLRPC$TL_messageEntityMentionName_layer131
C	org.telegram.tgnet.TLRPC$TL_messageEntityPhone	org.telegram.tgnet.TLRPC$TL_messageEntityPhone
C	org.telegram.tgnet.TLRPC$TL_messageEntityPre	org.telegram.tgnet.TLRPC$TL_messageEntityPre
C	org.telegram.tgnet.TLRPC$TL_messageEntitySpoiler	org.telegram.tgnet.TLRPC$TL_messageEntitySpoiler
C	org.telegram.tgnet.TLRPC$TL_messageEntityStrike	org.telegram.tgnet.TLRPC$TL_messageEntityStrike
C	org.telegram.tgnet.TLRPC$TL_messageEntityTextUrl	org.telegram.tgnet.TLRPC$TL_messageEntityTextUrl
C	org.telegram.tgnet.TLRPC$TL_messageEntityUnderline	org.telegram.tgnet.TLRPC$TL_messageEntityUnderline
C	org.telegram.tgnet.TLRPC$TL_messageEntityUnknown	org.telegram.tgnet.TLRPC$TL_messageEntityUnknown
C	org.telegram.tgnet.TLRPC$TL_messageEntityUrl	org.telegram.tgnet.TLRPC$TL_messageEntityUrl
C	org.telegram.tgnet.TLRPC$TL_messageExtendedMedia	org.telegram.tgnet.TLRPC$TL_messageExtendedMedia
C	org.telegram.tgnet.TLRPC$TL_messageExtendedMediaPreview	org.telegram.tgnet.TLRPC$TL_messageExtendedMediaPreview
C	org.telegram.tgnet.TLRPC$TL_messageForwarded_old2	org.telegram.tgnet.TLRPC$TL_messageForwarded_old2
C	org.telegram.tgnet.TLRPC$TL_messageForwarded_old	org.telegram.tgnet.TLRPC$TL_messageForwarded_old
C	org.telegram.tgnet.TLRPC$TL_messageMediaContact	org.telegram.tgnet.TLRPC$TL_messageMediaContact
C	org.telegram.tgnet.TLRPC$TL_messageMediaDice	org.telegram.tgnet.TLRPC$TL_messageMediaDice
C	org.telegram.tgnet.TLRPC$TL_messageMediaDocument	org.telegram.tgnet.TLRPC$TL_messageMediaDocument
C	org.telegram.tgnet.TLRPC$TL_messageMediaDocument_layer68	org.telegram.tgnet.TLRPC$TL_messageMediaDocument_layer68
C	org.telegram.tgnet.TLRPC$TL_messageMediaDocument_layer74	org.telegram.tgnet.TLRPC$TL_messageMediaDocument_layer74
C	org.telegram.tgnet.TLRPC$TL_messageMediaDocument_old	org.telegram.tgnet.TLRPC$TL_messageMediaDocument_old
C	org.telegram.tgnet.TLRPC$TL_messageMediaEmpty	org.telegram.tgnet.TLRPC$TL_messageMediaEmpty
C	org.telegram.tgnet.TLRPC$TL_messageMediaGame	org.telegram.tgnet.TLRPC$TL_messageMediaGame
C	org.telegram.tgnet.TLRPC$TL_messageMediaGeo	org.telegram.tgnet.TLRPC$TL_messageMediaGeo
C	org.telegram.tgnet.TLRPC$TL_messageMediaGeoLive	org.telegram.tgnet.TLRPC$TL_messageMediaGeoLive
C	org.telegram.tgnet.TLRPC$TL_messageMediaGeoLive_layer119	org.telegram.tgnet.TLRPC$TL_messageMediaGeoLive_layer119
C	org.telegram.tgnet.TLRPC$TL_messageMediaGiveaway	org.telegram.tgnet.TLRPC$TL_messageMediaGiveaway
C	org.telegram.tgnet.TLRPC$TL_messageMediaGiveawayResults	org.telegram.tgnet.TLRPC$TL_messageMediaGiveawayResults
C	org.telegram.tgnet.TLRPC$TL_messageMediaGiveawayResults_layer186	org.telegram.tgnet.TLRPC$TL_messageMediaGiveawayResults_layer186
C	org.telegram.tgnet.TLRPC$TL_messageMediaInvoice	org.telegram.tgnet.TLRPC$TL_messageMediaInvoice
C	org.telegram.tgnet.TLRPC$TL_messageMediaInvoice_layer145	org.telegram.tgnet.TLRPC$TL_messageMediaInvoice_layer145
C	org.telegram.tgnet.TLRPC$TL_messageMediaPaidMedia	org.telegram.tgnet.TLRPC$TL_messageMediaPaidMedia
C	org.telegram.tgnet.TLRPC$TL_messageMediaPhoto	org.telegram.tgnet.TLRPC$TL_messageMediaPhoto
C	org.telegram.tgnet.TLRPC$TL_messageMediaPhoto_layer223	org.telegram.tgnet.TLRPC$TL_messageMediaPhoto_layer223
C	org.telegram.tgnet.TLRPC$TL_messageMediaPhoto_layer68	org.telegram.tgnet.TLRPC$TL_messageMediaPhoto_layer68
C	org.telegram.tgnet.TLRPC$TL_messageMediaPhoto_layer74	org.telegram.tgnet.TLRPC$TL_messageMediaPhoto_layer74
C	org.telegram.tgnet.TLRPC$TL_messageMediaPhoto_old	org.telegram.tgnet.TLRPC$TL_messageMediaPhoto_old
C	org.telegram.tgnet.TLRPC$TL_messageMediaPoll	org.telegram.tgnet.TLRPC$TL_messageMediaPoll
C	org.telegram.tgnet.TLRPC$TL_messageMediaStory	org.telegram.tgnet.TLRPC$TL_messageMediaStory
C	org.telegram.tgnet.TLRPC$TL_messageMediaToDo	org.telegram.tgnet.TLRPC$TL_messageMediaToDo
C	org.telegram.tgnet.TLRPC$TL_messageMediaUnsupported	org.telegram.tgnet.TLRPC$TL_messageMediaUnsupported
C	org.telegram.tgnet.TLRPC$TL_messageMediaUnsupported_old	org.telegram.tgnet.TLRPC$TL_messageMediaUnsupported_old
C	org.telegram.tgnet.TLRPC$TL_messageMediaVenue	org.telegram.tgnet.TLRPC$TL_messageMediaVenue
C	org.telegram.tgnet.TLRPC$TL_messageMediaVideoStream	org.telegram.tgnet.TLRPC$TL_messageMediaVideoStream
C	org.telegram.tgnet.TLRPC$TL_messageMediaVideo_old	org.telegram.tgnet.TLRPC$TL_messageMediaVideo_old
C	org.telegram.tgnet.TLRPC$TL_messageMediaWebPage	org.telegram.tgnet.TLRPC$TL_messageMediaWebPage
C	org.telegram.tgnet.TLRPC$TL_messageMediaWebPage_layer165	org.telegram.tgnet.TLRPC$TL_messageMediaWebPage_layer165
C	org.telegram.tgnet.TLRPC$TL_messagePeerReaction_layer137	org.telegram.tgnet.TLRPC$TL_messagePeerReaction_layer137
C	org.telegram.tgnet.TLRPC$TL_messagePeerVoteInputOption	org.telegram.tgnet.TLRPC$TL_messagePeerVoteInputOption
C	org.telegram.tgnet.TLRPC$TL_messageReactions	org.telegram.tgnet.TLRPC$TL_messageReactions
C	org.telegram.tgnet.TLRPC$TL_messageReactor_old	org.telegram.tgnet.TLRPC$TL_messageReactor_old
C	org.telegram.tgnet.TLRPC$TL_messageReplies	org.telegram.tgnet.TLRPC$MessageReplies
C	org.telegram.tgnet.TLRPC$TL_messageReplies_layer131	org.telegram.tgnet.TLRPC$TL_messageReplies_layer131
C	org.telegram.tgnet.TLRPC$TL_messageReplyHeader	org.telegram.tgnet.TLRPC$TL_messageReplyHeader
C	org.telegram.tgnet.TLRPC$TL_messageReplyStoryHeader	org.telegram.tgnet.TLRPC$TL_messageReplyStoryHeader
C	org.telegram.tgnet.TLRPC$TL_messageReplyStoryHeader_layer174	org.telegram.tgnet.TLRPC$TL_messageReplyStoryHeader_layer174
C	org.telegram.tgnet.TLRPC$TL_messageReportOption	org.telegram.tgnet.TLRPC$TL_messageReportOption
C	org.telegram.tgnet.TLRPC$TL_messageService	org.telegram.tgnet.TLRPC$TL_messageService
C	org.telegram.tgnet.TLRPC$TL_messageViews	org.telegram.tgnet.TLRPC$TL_messageViews
C	org.telegram.tgnet.TLRPC$TL_message_old2	org.telegram.tgnet.TLRPC$TL_message_old2
C	org.telegram.tgnet.TLRPC$TL_message_old3	org.telegram.tgnet.TLRPC$TL_message_old3
C	org.telegram.tgnet.TLRPC$TL_message_old4	org.telegram.tgnet.TLRPC$TL_message_old4
C	org.telegram.tgnet.TLRPC$TL_message_old	org.telegram.tgnet.TLRPC$TL_message_old
C	org.telegram.tgnet.TLRPC$TL_message_secret	org.telegram.tgnet.TLRPC$TL_message_secret
C	org.telegram.tgnet.TLRPC$TL_message_secret_layer72	org.telegram.tgnet.TLRPC$TL_message_secret_layer72
C	org.telegram.tgnet.TLRPC$TL_message_secret_old	org.telegram.tgnet.TLRPC$TL_message_secret_old
C	org.telegram.tgnet.TLRPC$TL_messages_acceptUrlAuth	org.telegram.tgnet.TLRPC$TL_messages_acceptUrlAuth
C	org.telegram.tgnet.TLRPC$TL_messages_addChatUser	org.telegram.tgnet.TLRPC$TL_messages_addChatUser
C	org.telegram.tgnet.TLRPC$TL_messages_addPollAnswer	org.telegram.tgnet.TLRPC$TL_messages_addPollAnswer
C	org.telegram.tgnet.TLRPC$TL_messages_affectedFoundMessages	org.telegram.tgnet.TLRPC$TL_messages_affectedFoundMessages
C	org.telegram.tgnet.TLRPC$TL_messages_affectedHistory	org.telegram.tgnet.TLRPC$TL_messages_affectedHistory
C	org.telegram.tgnet.TLRPC$TL_messages_affectedMessages	org.telegram.tgnet.TLRPC$TL_messages_affectedMessages
C	org.telegram.tgnet.TLRPC$TL_messages_allStickers	org.telegram.tgnet.TLRPC$TL_messages_allStickers
C	org.telegram.tgnet.TLRPC$TL_messages_allStickersNotModified	org.telegram.tgnet.TLRPC$TL_messages_allStickersNotModified
C	org.telegram.tgnet.TLRPC$TL_messages_archivedStickers	org.telegram.tgnet.TLRPC$TL_messages_archivedStickers
C	org.telegram.tgnet.TLRPC$TL_messages_availableEffects	org.telegram.tgnet.TLRPC$TL_messages_availableEffects
C	org.telegram.tgnet.TLRPC$TL_messages_availableEffectsNotModified	org.telegram.tgnet.TLRPC$TL_messages_availableEffectsNotModified
C	org.telegram.tgnet.TLRPC$TL_messages_availableReactions	org.telegram.tgnet.TLRPC$TL_messages_availableReactions
C	org.telegram.tgnet.TLRPC$TL_messages_availableReactionsNotModified	org.telegram.tgnet.TLRPC$TL_messages_availableReactionsNotModified
C	org.telegram.tgnet.TLRPC$TL_messages_botApp	org.telegram.tgnet.TLRPC$TL_messages_botApp
C	org.telegram.tgnet.TLRPC$TL_messages_botCallbackAnswer	org.telegram.tgnet.TLRPC$TL_messages_botCallbackAnswer
C	org.telegram.tgnet.TLRPC$TL_messages_botResults	org.telegram.tgnet.TLRPC$TL_messages_botResults
C	org.telegram.tgnet.TLRPC$TL_messages_botResults_layer153	org.telegram.tgnet.TLRPC$TL_messages_botResults_layer153
C	org.telegram.tgnet.TLRPC$TL_messages_botResults_layer71	org.telegram.tgnet.TLRPC$TL_messages_botResults_layer71
C	org.telegram.tgnet.TLRPC$TL_messages_channelMessages	org.telegram.tgnet.TLRPC$TL_messages_channelMessages
C	org.telegram.tgnet.TLRPC$TL_messages_chatAdminsWithInvites	org.telegram.tgnet.TLRPC$TL_messages_chatAdminsWithInvites
C	org.telegram.tgnet.TLRPC$TL_messages_chatFull	org.telegram.tgnet.TLRPC$TL_messages_chatFull
C	org.telegram.tgnet.TLRPC$TL_messages_chatInviteImporters	org.telegram.tgnet.TLRPC$TL_messages_chatInviteImporters
C	org.telegram.tgnet.TLRPC$TL_messages_chats	org.telegram.tgnet.TLRPC$TL_messages_chats
C	org.telegram.tgnet.TLRPC$TL_messages_chatsSlice	org.telegram.tgnet.TLRPC$TL_messages_chatsSlice
C	org.telegram.tgnet.TLRPC$TL_messages_checkHistoryImportPeer	org.telegram.tgnet.TLRPC$TL_messages_checkHistoryImportPeer
C	org.telegram.tgnet.TLRPC$TL_messages_checkedHistoryImportPeer	org.telegram.tgnet.TLRPC$TL_messages_checkedHistoryImportPeer
C	org.telegram.tgnet.TLRPC$TL_messages_createChat	org.telegram.tgnet.TLRPC$TL_messages_createChat
C	org.telegram.tgnet.TLRPC$TL_messages_deleteHistory	org.telegram.tgnet.TLRPC$TL_messages_deleteHistory
C	org.telegram.tgnet.TLRPC$TL_messages_deleteMessages	org.telegram.tgnet.TLRPC$TL_messages_deleteMessages
C	org.telegram.tgnet.TLRPC$TL_messages_deleteQuickReplyMessages	org.telegram.tgnet.TLRPC$TL_messages_deleteQuickReplyMessages
C	org.telegram.tgnet.TLRPC$TL_messages_deleteScheduledMessages	org.telegram.tgnet.TLRPC$TL_messages_deleteScheduledMessages
C	org.telegram.tgnet.TLRPC$TL_messages_dhConfig	org.telegram.tgnet.TLRPC$TL_messages_dhConfig
C	org.telegram.tgnet.TLRPC$TL_messages_dhConfigNotModified	org.telegram.tgnet.TLRPC$TL_messages_dhConfigNotModified
C	org.telegram.tgnet.TLRPC$TL_messages_dialogFilters	org.telegram.tgnet.TLRPC$TL_messages_dialogFilters
C	org.telegram.tgnet.TLRPC$TL_messages_dialogs	org.telegram.tgnet.TLRPC$TL_messages_dialogs
C	org.telegram.tgnet.TLRPC$TL_messages_discardEncryption	org.telegram.tgnet.TLRPC$TL_messages_discardEncryption
C	org.telegram.tgnet.TLRPC$TL_messages_discussionMessage	org.telegram.tgnet.TLRPC$TL_messages_discussionMessage
C	org.telegram.tgnet.TLRPC$TL_messages_editChatAdmin	org.telegram.tgnet.TLRPC$TL_messages_editChatAdmin
C	org.telegram.tgnet.TLRPC$TL_messages_editChatDefaultBannedRights	org.telegram.tgnet.TLRPC$TL_messages_editChatDefaultBannedRights
C	org.telegram.tgnet.TLRPC$TL_messages_editMessage	org.telegram.tgnet.TLRPC$TL_messages_editMessage
C	org.telegram.tgnet.TLRPC$TL_messages_emojiGameOutcome	org.telegram.tgnet.TLRPC$TL_messages_emojiGameOutcome
C	org.telegram.tgnet.TLRPC$TL_messages_emojiGroups	org.telegram.tgnet.TLRPC$TL_messages_emojiGroups
C	org.telegram.tgnet.TLRPC$TL_messages_emojiGroupsNotModified	org.telegram.tgnet.TLRPC$TL_messages_emojiGroupsNotModified
C	org.telegram.tgnet.TLRPC$TL_messages_exportedChatInvite	org.telegram.tgnet.TLRPC$TL_messages_exportedChatInvite
C	org.telegram.tgnet.TLRPC$TL_messages_exportedChatInviteReplaced	org.telegram.tgnet.TLRPC$TL_messages_exportedChatInviteReplaced
C	org.telegram.tgnet.TLRPC$TL_messages_exportedChatInvites	org.telegram.tgnet.TLRPC$TL_messages_exportedChatInvites
C	org.telegram.tgnet.TLRPC$TL_messages_faveSticker	org.telegram.tgnet.TLRPC$TL_messages_faveSticker
C	org.telegram.tgnet.TLRPC$TL_messages_favedStickers	org.telegram.tgnet.TLRPC$TL_messages_favedStickers
C	org.telegram.tgnet.TLRPC$TL_messages_favedStickersNotModified	org.telegram.tgnet.TLRPC$TL_messages_favedStickersNotModified
C	org.telegram.tgnet.TLRPC$TL_messages_featuredStickers	org.telegram.tgnet.TLRPC$TL_messages_featuredStickers
C	org.telegram.tgnet.TLRPC$TL_messages_featuredStickersNotModified	org.telegram.tgnet.TLRPC$TL_messages_featuredStickersNotModified
C	org.telegram.tgnet.TLRPC$TL_messages_forumTopics	org.telegram.tgnet.TLRPC$TL_messages_forumTopics
C	org.telegram.tgnet.TLRPC$TL_messages_forwardMessages	org.telegram.tgnet.TLRPC$TL_messages_forwardMessages
C	org.telegram.tgnet.TLRPC$TL_messages_foundStickerSets	org.telegram.tgnet.TLRPC$TL_messages_foundStickerSets
C	org.telegram.tgnet.TLRPC$TL_messages_foundStickerSetsNotModified	org.telegram.tgnet.TLRPC$TL_messages_foundStickerSetsNotModified
C	org.telegram.tgnet.TLRPC$TL_messages_foundStickers	org.telegram.tgnet.TLRPC$TL_messages_foundStickers
C	org.telegram.tgnet.TLRPC$TL_messages_foundStickersNotModified	org.telegram.tgnet.TLRPC$TL_messages_foundStickersNotModified
C	org.telegram.tgnet.TLRPC$TL_messages_getArchivedStickers	org.telegram.tgnet.TLRPC$TL_messages_getArchivedStickers
C	org.telegram.tgnet.TLRPC$TL_messages_getBotCallbackAnswer	org.telegram.tgnet.TLRPC$TL_messages_getBotCallbackAnswer
C	org.telegram.tgnet.TLRPC$TL_messages_getChatInviteImporters	org.telegram.tgnet.TLRPC$TL_messages_getChatInviteImporters
C	org.telegram.tgnet.TLRPC$TL_messages_getDialogs	org.telegram.tgnet.TLRPC$TL_messages_getDialogs
C	org.telegram.tgnet.TLRPC$TL_messages_getExportedChatInvites	org.telegram.tgnet.TLRPC$TL_messages_getExportedChatInvites
C	org.telegram.tgnet.TLRPC$TL_messages_getHistory	org.telegram.tgnet.TLRPC$TL_messages_getHistory
C	org.telegram.tgnet.TLRPC$TL_messages_getMessageReactionsList	org.telegram.tgnet.TLRPC$TL_messages_getMessageReactionsList
C	org.telegram.tgnet.TLRPC$TL_messages_getMessages	org.telegram.tgnet.TLRPC$TL_messages_getMessages
C	org.telegram.tgnet.TLRPC$TL_messages_getMessagesViews	org.telegram.tgnet.TLRPC$TL_messages_getMessagesViews
C	org.telegram.tgnet.TLRPC$TL_messages_getPeerDialogs	org.telegram.tgnet.TLRPC$TL_messages_getPeerDialogs
C	org.telegram.tgnet.TLRPC$TL_messages_getRecentStickers	org.telegram.tgnet.TLRPC$TL_messages_getRecentStickers
C	org.telegram.tgnet.TLRPC$TL_messages_getReplies	org.telegram.tgnet.TLRPC$TL_messages_getReplies
C	org.telegram.tgnet.TLRPC$TL_messages_getSavedDialogs	org.telegram.tgnet.TLRPC$TL_messages_getSavedDialogs
C	org.telegram.tgnet.TLRPC$TL_messages_getSavedHistory	org.telegram.tgnet.TLRPC$TL_messages_getSavedHistory
C	org.telegram.tgnet.TLRPC$TL_messages_getSavedReactionTags	org.telegram.tgnet.TLRPC$TL_messages_getSavedReactionTags
C	org.telegram.tgnet.TLRPC$TL_messages_getScheduledMessages	org.telegram.tgnet.TLRPC$TL_messages_getScheduledMessages
C	org.telegram.tgnet.TLRPC$TL_messages_getUnreadMentions	org.telegram.tgnet.TLRPC$TL_messages_getUnreadMentions
C	org.telegram.tgnet.TLRPC$TL_messages_historyImport	org.telegram.tgnet.TLRPC$TL_messages_historyImport
C	org.telegram.tgnet.TLRPC$TL_messages_historyImportParsed	org.telegram.tgnet.TLRPC$TL_messages_historyImportParsed
C	org.telegram.tgnet.TLRPC$TL_messages_importChatInvite	org.telegram.tgnet.TLRPC$TL_messages_importChatInvite
C	org.telegram.tgnet.TLRPC$TL_messages_inactiveChats	org.telegram.tgnet.TLRPC$TL_messages_inactiveChats
C	org.telegram.tgnet.TLRPC$TL_messages_initHistoryImport	org.telegram.tgnet.TLRPC$TL_messages_initHistoryImport
C	org.telegram.tgnet.TLRPC$TL_messages_invitedUsers	org.telegram.tgnet.TLRPC$TL_messages_invitedUsers
C	org.telegram.tgnet.TLRPC$TL_messages_messageEditData	org.telegram.tgnet.TLRPC$TL_messages_messageEditData
C	org.telegram.tgnet.TLRPC$TL_messages_messageReactionsList	org.telegram.tgnet.TLRPC$TL_messages_messageReactionsList
C	org.telegram.tgnet.TLRPC$TL_messages_messageViews	org.telegram.tgnet.TLRPC$TL_messages_messageViews
C	org.telegram.tgnet.TLRPC$TL_messages_messages	org.telegram.tgnet.TLRPC$TL_messages_messages
C	org.telegram.tgnet.TLRPC$TL_messages_messagesNotModified	org.telegram.tgnet.TLRPC$TL_messages_messagesNotModified
C	org.telegram.tgnet.TLRPC$TL_messages_messagesSlice	org.telegram.tgnet.TLRPC$TL_messages_messagesSlice
C	org.telegram.tgnet.TLRPC$TL_messages_messages_layer215	org.telegram.tgnet.TLRPC$TL_messages_messages_layer215
C	org.telegram.tgnet.TLRPC$TL_messages_migrateChat	org.telegram.tgnet.TLRPC$TL_messages_migrateChat
C	org.telegram.tgnet.TLRPC$TL_messages_myStickers	org.telegram.tgnet.TLRPC$TL_messages_myStickers
C	org.telegram.tgnet.TLRPC$TL_messages_peerDialogs	org.telegram.tgnet.TLRPC$TL_messages_peerDialogs
C	org.telegram.tgnet.TLRPC$TL_messages_peerSettings	org.telegram.tgnet.TLRPC$TL_messages_peerSettings
C	org.telegram.tgnet.TLRPC$TL_messages_prolongWebView	org.telegram.tgnet.TLRPC$TL_messages_prolongWebView
C	org.telegram.tgnet.TLRPC$TL_messages_quickReplies	org.telegram.tgnet.TLRPC$TL_messages_quickReplies
C	org.telegram.tgnet.TLRPC$TL_messages_quickRepliesNotModified	org.telegram.tgnet.TLRPC$TL_messages_quickRepliesNotModified
C	org.telegram.tgnet.TLRPC$TL_messages_rateTranscribedAudio	org.telegram.tgnet.tl.TL_stars$updatePaidMessagesPrice
C	org.telegram.tgnet.TLRPC$TL_messages_reactions	org.telegram.tgnet.TLRPC$TL_messages_reactions
C	org.telegram.tgnet.TLRPC$TL_messages_reactionsNotModified	org.telegram.tgnet.TLRPC$TL_messages_reactionsNotModified
C	org.telegram.tgnet.TLRPC$TL_messages_recentStickers	org.telegram.tgnet.TLRPC$TL_messages_recentStickers
C	org.telegram.tgnet.TLRPC$TL_messages_recentStickersNotModified	org.telegram.tgnet.TLRPC$TL_messages_recentStickersNotModified
C	org.telegram.tgnet.TLRPC$TL_messages_report	org.telegram.tgnet.TLRPC$TL_messages_report
C	org.telegram.tgnet.TLRPC$TL_messages_reportReaction	org.telegram.tgnet.tl.TL_account$getPaidMessagesRevenue
C	org.telegram.tgnet.TLRPC$TL_messages_requestAppWebView	org.telegram.tgnet.TLRPC$TL_messages_requestAppWebView
C	org.telegram.tgnet.TLRPC$TL_messages_requestChatJoinWebView	org.telegram.tgnet.TLRPC$TL_messages_requestChatJoinWebView
C	org.telegram.tgnet.TLRPC$TL_messages_requestMainWebView	org.telegram.tgnet.TLRPC$TL_messages_requestMainWebView
C	org.telegram.tgnet.TLRPC$TL_messages_requestSimpleWebView	org.telegram.tgnet.TLRPC$TL_messages_requestSimpleWebView
C	org.telegram.tgnet.TLRPC$TL_messages_requestUrlAuth	org.telegram.tgnet.TLRPC$TL_messages_requestUrlAuth
C	org.telegram.tgnet.TLRPC$TL_messages_saveGif	org.telegram.tgnet.TLRPC$TL_messages_saveGif
C	org.telegram.tgnet.TLRPC$TL_messages_saveRecentSticker	org.telegram.tgnet.TLRPC$TL_messages_saveRecentSticker
C	org.telegram.tgnet.TLRPC$TL_messages_savedDialogs	org.telegram.tgnet.TLRPC$TL_messages_savedDialogs
C	org.telegram.tgnet.TLRPC$TL_messages_savedDialogsNotModified	org.telegram.tgnet.TLRPC$TL_messages_savedDialogsNotModified
C	org.telegram.tgnet.TLRPC$TL_messages_savedDialogsSlice	org.telegram.tgnet.TLRPC$TL_messages_savedDialogsSlice
C	org.telegram.tgnet.TLRPC$TL_messages_savedGifs	org.telegram.tgnet.TLRPC$TL_messages_savedGifs
C	org.telegram.tgnet.TLRPC$TL_messages_savedGifsNotModified	org.telegram.tgnet.TLRPC$TL_messages_savedGifsNotModified
C	org.telegram.tgnet.TLRPC$TL_messages_savedReactionsTags	org.telegram.tgnet.TLRPC$TL_messages_savedReactionsTags
C	org.telegram.tgnet.TLRPC$TL_messages_savedReactionsTagsNotModified	org.telegram.tgnet.TLRPC$TL_messages_savedReactionsTagsNotModified
C	org.telegram.tgnet.TLRPC$TL_messages_search	org.telegram.tgnet.TLRPC$TL_messages_search
C	org.telegram.tgnet.TLRPC$TL_messages_searchCounter	org.telegram.tgnet.TLRPC$TL_messages_searchCounter
C	org.telegram.tgnet.TLRPC$TL_messages_searchGlobal	org.telegram.tgnet.TLRPC$TL_messages_searchGlobal
C	org.telegram.tgnet.TLRPC$TL_messages_searchResultsCalendar	org.telegram.tgnet.TLRPC$TL_messages_searchResultsCalendar
C	org.telegram.tgnet.TLRPC$TL_messages_searchResultsPositions	org.telegram.tgnet.TLRPC$TL_messages_searchResultsPositions
C	org.telegram.tgnet.TLRPC$TL_messages_sendEncryptedFile	org.telegram.tgnet.TLRPC$TL_messages_sendEncryptedFile
C	org.telegram.tgnet.TLRPC$TL_messages_sendEncryptedMultiMedia	org.telegram.tgnet.TLRPC$TL_messages_sendEncryptedMultiMedia
C	org.telegram.tgnet.TLRPC$TL_messages_sendInlineBotResult	org.telegram.tgnet.TLRPC$TL_messages_sendInlineBotResult
C	org.telegram.tgnet.TLRPC$TL_messages_sendMedia	org.telegram.tgnet.TLRPC$TL_messages_sendMedia
C	org.telegram.tgnet.TLRPC$TL_messages_sendMessage	org.telegram.tgnet.TLRPC$TL_messages_sendMessage
C	org.telegram.tgnet.TLRPC$TL_messages_sendMultiMedia	org.telegram.tgnet.TLRPC$TL_messages_sendMultiMedia
C	org.telegram.tgnet.TLRPC$TL_messages_sendPaidReaction	org.telegram.tgnet.TLRPC$TL_messages_sendPaidReaction
C	org.telegram.tgnet.TLRPC$TL_messages_sendScheduledMessages	org.telegram.tgnet.TLRPC$TL_messages_sendScheduledMessages
C	org.telegram.tgnet.TLRPC$TL_messages_sendVote	org.telegram.tgnet.TLRPC$TL_messages_appendTodoList
C	org.telegram.tgnet.TLRPC$TL_messages_setChatAvailableReactions	org.telegram.tgnet.TLRPC$TL_messages_setChatAvailableReactions
C	org.telegram.tgnet.TLRPC$TL_messages_setChatWallPaper	org.telegram.tgnet.TLRPC$TL_messages_setChatWallPaper
C	org.telegram.tgnet.TLRPC$TL_messages_sponsoredMessagesEmpty	org.telegram.tgnet.TLRPC$TL_messages_sponsoredMessagesEmpty
C	org.telegram.tgnet.TLRPC$TL_messages_startBot	org.telegram.tgnet.TLRPC$TL_messages_startBot
C	org.telegram.tgnet.TLRPC$TL_messages_startHistoryImport	org.telegram.tgnet.TLRPC$TL_messages_startHistoryImport
C	org.telegram.tgnet.TLRPC$TL_messages_stickerSet	org.telegram.tgnet.TLRPC$TL_messages_stickerSet
C	org.telegram.tgnet.TLRPC$TL_messages_stickerSetInstallResultArchive	org.telegram.tgnet.TLRPC$TL_messages_stickerSetInstallResultArchive
C	org.telegram.tgnet.TLRPC$TL_messages_stickerSetInstallResultSuccess	org.telegram.tgnet.TLRPC$TL_messages_stickerSetInstallResultSuccess
C	org.telegram.tgnet.TLRPC$TL_messages_stickers	org.telegram.tgnet.TLRPC$TL_messages_stickers
C	org.telegram.tgnet.TLRPC$TL_messages_stickersNotModified	org.telegram.tgnet.TLRPC$TL_messages_stickersNotModified
C	org.telegram.tgnet.TLRPC$TL_messages_toggleNoForwards	org.telegram.tgnet.TLRPC$TL_messages_reorderPinnedDialogs
C	org.telegram.tgnet.TLRPC$TL_messages_toggleStickerSets	org.telegram.tgnet.TLRPC$TL_messages_toggleStickerSets
C	org.telegram.tgnet.TLRPC$TL_messages_toggleTodoCompleted	org.telegram.tgnet.TLRPC$TL_messages_toggleTodoCompleted
C	org.telegram.tgnet.TLRPC$TL_messages_transcribedAudio	org.telegram.tgnet.TLRPC$TL_messages_transcribedAudio
C	org.telegram.tgnet.TLRPC$TL_messages_translateResult	org.telegram.tgnet.TLRPC$TL_messages_translateResult
C	org.telegram.tgnet.TLRPC$TL_messages_translateRichMessage	org.telegram.tgnet.TLRPC$TL_messages_translateRichMessage
C	org.telegram.tgnet.TLRPC$TL_messages_translatedRichMessage	org.telegram.tgnet.TLRPC$TL_messages_translatedRichMessage
C	org.telegram.tgnet.TLRPC$TL_messages_updatePinnedMessage	org.telegram.tgnet.TLRPC$TL_messages_updatePinnedMessage
C	org.telegram.tgnet.TLRPC$TL_messages_votesList	org.telegram.tgnet.TLRPC$TL_messages_votesList
C	org.telegram.tgnet.TLRPC$TL_messages_webPage	org.telegram.tgnet.TLRPC$TL_messages_webPage
C	org.telegram.tgnet.TLRPC$TL_missingInvitee	org.telegram.tgnet.TLRPC$TL_missingInvitee
C	org.telegram.tgnet.TLRPC$TL_monoForumDialog	org.telegram.tgnet.TLRPC$TL_monoForumDialog
C	org.telegram.tgnet.TLRPC$TL_nearestDc	org.telegram.tgnet.TLRPC$TL_nearestDc
C	org.telegram.tgnet.TLRPC$TL_notificationSoundDefault	org.telegram.tgnet.TLRPC$TL_notificationSoundDefault
C	org.telegram.tgnet.TLRPC$TL_notificationSoundLocal	org.telegram.tgnet.TLRPC$TL_notificationSoundLocal
C	org.telegram.tgnet.TLRPC$TL_notificationSoundNone	org.telegram.tgnet.TLRPC$TL_notificationSoundNone
C	org.telegram.tgnet.TLRPC$TL_notifyBroadcasts	org.telegram.tgnet.TLRPC$TL_notifyBroadcasts
C	org.telegram.tgnet.TLRPC$TL_notifyChats	org.telegram.tgnet.TLRPC$TL_notifyChats
C	org.telegram.tgnet.TLRPC$TL_notifyCommunity	org.telegram.tgnet.TLRPC$TL_notifyCommunity
C	org.telegram.tgnet.TLRPC$TL_notifyForumTopic	org.telegram.tgnet.TLRPC$TL_notifyForumTopic
C	org.telegram.tgnet.TLRPC$TL_notifyPeer	org.telegram.tgnet.TLRPC$TL_notifyPeer
C	org.telegram.tgnet.TLRPC$TL_notifyUsers	org.telegram.tgnet.TLRPC$TL_notifyUsers
C	org.telegram.tgnet.TLRPC$TL_outboxReadDate	org.telegram.tgnet.TLRPC$TL_outboxReadDate
C	org.telegram.tgnet.TLRPC$TL_passwordKdfAlgoSHA256SHA256PBKDF2HMACSHA512iter100000SHA256ModPow	org.telegram.tgnet.TLRPC$TL_passwordKdfAlgoSHA256SHA256PBKDF2HMACSHA512iter100000SHA256ModPow
C	org.telegram.tgnet.TLRPC$TL_passwordKdfAlgoUnknown	org.telegram.tgnet.TLRPC$TL_passwordKdfAlgoUnknown
C	org.telegram.tgnet.TLRPC$TL_paymentCharge	org.telegram.tgnet.TLRPC$TL_paymentCharge
C	org.telegram.tgnet.TLRPC$TL_paymentFormMethod	org.telegram.tgnet.TLRPC$TL_paymentFormMethod
C	org.telegram.tgnet.TLRPC$TL_paymentRequestedInfo	org.telegram.tgnet.TLRPC$TL_paymentRequestedInfo
C	org.telegram.tgnet.TLRPC$TL_paymentSavedCredentialsCard	org.telegram.tgnet.TLRPC$TL_paymentSavedCredentialsCard
C	org.telegram.tgnet.TLRPC$TL_payments_assignPlayMarketTransaction	org.telegram.tgnet.TLRPC$TL_payments_assignPlayMarketTransaction
C	org.telegram.tgnet.TLRPC$TL_payments_bankCardData	org.telegram.tgnet.TLRPC$TL_payments_bankCardData
C	org.telegram.tgnet.TLRPC$TL_payments_checkedGiftCode	org.telegram.tgnet.TLRPC$TL_payments_checkedGiftCode
C	org.telegram.tgnet.TLRPC$TL_payments_getPaymentForm	org.telegram.tgnet.TLRPC$TL_payments_getPaymentForm
C	org.telegram.tgnet.TLRPC$TL_payments_giveawayInfo	org.telegram.tgnet.TLRPC$TL_payments_giveawayInfo
C	org.telegram.tgnet.TLRPC$TL_payments_giveawayInfoResults	org.telegram.tgnet.TLRPC$TL_payments_giveawayInfoResults
C	org.telegram.tgnet.TLRPC$TL_payments_paymentForm	org.telegram.tgnet.TLRPC$TL_payments_paymentForm
C	org.telegram.tgnet.TLRPC$TL_payments_paymentFormStarGift	org.telegram.tgnet.TLRPC$TL_payments_paymentFormStarGift
C	org.telegram.tgnet.TLRPC$TL_payments_paymentFormStars	org.telegram.tgnet.TLRPC$TL_payments_paymentFormStars
C	org.telegram.tgnet.TLRPC$TL_payments_paymentReceipt	org.telegram.tgnet.TLRPC$TL_payments_paymentReceipt
C	org.telegram.tgnet.TLRPC$TL_payments_paymentReceiptStars	org.telegram.tgnet.TLRPC$TL_payments_paymentReceiptStars
C	org.telegram.tgnet.TLRPC$TL_payments_paymentVerificationNeeded	org.telegram.tgnet.TLRPC$TL_payments_paymentVerificationNeeded
C	org.telegram.tgnet.TLRPC$TL_payments_sendPaymentForm	org.telegram.tgnet.TLRPC$TL_payments_sendPaymentForm
C	org.telegram.tgnet.TLRPC$TL_payments_starsRevenueAdsAccountUrl	org.telegram.tgnet.TLRPC$TL_payments_starsRevenueAdsAccountUrl
C	org.telegram.tgnet.TLRPC$TL_payments_starsRevenueStats	org.telegram.tgnet.TLRPC$TL_payments_starsRevenueStats
C	org.telegram.tgnet.TLRPC$TL_payments_starsRevenueWithdrawalUrl	org.telegram.tgnet.TLRPC$TL_payments_starsRevenueWithdrawalUrl
C	org.telegram.tgnet.TLRPC$TL_payments_validateRequestedInfo	org.telegram.tgnet.TLRPC$TL_payments_validateRequestedInfo
C	org.telegram.tgnet.TLRPC$TL_payments_validatedRequestedInfo	org.telegram.tgnet.TLRPC$TL_payments_validatedRequestedInfo
C	org.telegram.tgnet.TLRPC$TL_peerBlocked	org.telegram.tgnet.TLRPC$TL_peerBlocked
C	org.telegram.tgnet.TLRPC$TL_peerChannel	org.telegram.tgnet.TLRPC$TL_peerChannel
C	org.telegram.tgnet.TLRPC$TL_peerChannel_layer131	org.telegram.tgnet.TLRPC$TL_peerChannel_layer131
C	org.telegram.tgnet.TLRPC$TL_peerChat	org.telegram.tgnet.TLRPC$TL_peerChat
C	org.telegram.tgnet.TLRPC$TL_peerChat_layer131	org.telegram.tgnet.TLRPC$TL_peerChat_layer131
C	org.telegram.tgnet.TLRPC$TL_peerColor	org.telegram.tgnet.TLRPC$TL_peerColor
C	org.telegram.tgnet.TLRPC$TL_peerColorCollectible	org.telegram.tgnet.TLRPC$TL_peerColorCollectible
C	org.telegram.tgnet.TLRPC$TL_peerLocated	org.telegram.tgnet.TLRPC$TL_peerLocated
C	org.telegram.tgnet.TLRPC$TL_peerNotifySettings	org.telegram.tgnet.TLRPC$TL_peerNotifySettings
C	org.telegram.tgnet.TLRPC$TL_peerNotifySettingsEmpty_layer77	org.telegram.tgnet.TLRPC$TL_peerNotifySettingsEmpty_layer77
C	org.telegram.tgnet.TLRPC$TL_peerSelfLocated	org.telegram.tgnet.TLRPC$TL_peerSelfLocated
C	org.telegram.tgnet.TLRPC$TL_peerSettings	org.telegram.tgnet.TLRPC$TL_peerSettings
C	org.telegram.tgnet.TLRPC$TL_peerUser	org.telegram.tgnet.TLRPC$TL_peerUser
C	org.telegram.tgnet.TLRPC$TL_peerUser_layer131	org.telegram.tgnet.TLRPC$TL_peerUser_layer131
C	org.telegram.tgnet.TLRPC$TL_pendingSuggestion	org.telegram.tgnet.TLRPC$TL_pendingSuggestion
C	org.telegram.tgnet.TLRPC$TL_phoneCallDiscardReasonBusy	org.telegram.tgnet.TLRPC$TL_phoneCallDiscardReasonBusy
C	org.telegram.tgnet.TLRPC$TL_phoneCallDiscardReasonMigrateConferenceCall	org.telegram.tgnet.TLRPC$TL_phoneCallDiscardReasonMigrateConferenceCall
C	org.telegram.tgnet.TLRPC$TL_phoneCallDiscardReasonMissed	org.telegram.tgnet.TLRPC$TL_phoneCallDiscardReasonMissed
C	org.telegram.tgnet.TLRPC$TL_phoneConnection	org.telegram.tgnet.TLRPC$TL_phoneConnection
C	org.telegram.tgnet.TLRPC$TL_phoneConnectionWebrtc	org.telegram.tgnet.TLRPC$TL_phoneConnectionWebrtc
C	org.telegram.tgnet.TLRPC$TL_photo	org.telegram.tgnet.TLRPC$TL_photo
C	org.telegram.tgnet.TLRPC$TL_photoCachedSize	org.telegram.tgnet.TLRPC$TL_photoCachedSize
C	org.telegram.tgnet.TLRPC$TL_photoCachedSize_layer127	org.telegram.tgnet.TLRPC$TL_photoCachedSize_layer127
C	org.telegram.tgnet.TLRPC$TL_photoEmpty	org.telegram.tgnet.TLRPC$TL_photoEmpty
C	org.telegram.tgnet.TLRPC$TL_photoPathSize	org.telegram.tgnet.TLRPC$TL_photoPathSize
C	org.telegram.tgnet.TLRPC$TL_photoSize	org.telegram.tgnet.TLRPC$TL_photoSize
C	org.telegram.tgnet.TLRPC$TL_photoSizeEmpty	org.telegram.tgnet.TLRPC$TL_photoSizeEmpty
C	org.telegram.tgnet.TLRPC$TL_photoSizeProgressive	org.telegram.tgnet.TLRPC$TL_photoSizeProgressive
C	org.telegram.tgnet.TLRPC$TL_photoSizeProgressive_layer127	org.telegram.tgnet.TLRPC$TL_photoSizeProgressive_layer127
C	org.telegram.tgnet.TLRPC$TL_photoSize_layer127	org.telegram.tgnet.TLRPC$TL_photoSize_layer127
C	org.telegram.tgnet.TLRPC$TL_photoStrippedSize	org.telegram.tgnet.TLRPC$TL_photoStrippedSize
C	org.telegram.tgnet.TLRPC$TL_photos_photo	org.telegram.tgnet.TLRPC$TL_photos_photo
C	org.telegram.tgnet.TLRPC$TL_photos_uploadContactProfilePhoto	org.telegram.tgnet.TLRPC$TL_photos_uploadContactProfilePhoto
C	org.telegram.tgnet.TLRPC$TL_photos_uploadProfilePhoto	org.telegram.tgnet.TLRPC$TL_photos_uploadProfilePhoto
C	org.telegram.tgnet.TLRPC$TL_pollAnswerVoters	org.telegram.tgnet.TLRPC$TL_pollAnswerVoters
C	org.telegram.tgnet.TLRPC$TL_pollAnswerVoters_layer223	org.telegram.tgnet.TLRPC$TL_pollAnswerVoters_layer223
C	org.telegram.tgnet.TLRPC$TL_popularContact	org.telegram.tgnet.TLRPC$TL_popularContact
C	org.telegram.tgnet.TLRPC$TL_postAddress	org.telegram.tgnet.TLRPC$TL_postAddress
C	org.telegram.tgnet.TLRPC$TL_premiumGiftCodeOption	org.telegram.tgnet.TLRPC$TL_premiumGiftCodeOption
C	org.telegram.tgnet.TLRPC$TL_premiumGiftOption	org.telegram.tgnet.TLRPC$TL_premiumGiftOption
C	org.telegram.tgnet.TLRPC$TL_premiumGiftOption_layer199	org.telegram.tgnet.TLRPC$TL_premiumGiftOption_layer199
C	org.telegram.tgnet.TLRPC$TL_premiumSubscriptionOption	org.telegram.tgnet.TLRPC$TL_premiumSubscriptionOption
C	org.telegram.tgnet.TLRPC$TL_privacyKeyAbout	org.telegram.tgnet.TLRPC$TL_privacyKeyAbout
C	org.telegram.tgnet.TLRPC$TL_privacyKeyAddedByPhone	org.telegram.tgnet.TLRPC$TL_privacyKeyAddedByPhone
C	org.telegram.tgnet.TLRPC$TL_privacyKeyBirthday	org.telegram.tgnet.TLRPC$TL_privacyKeyBirthday
C	org.telegram.tgnet.TLRPC$TL_privacyKeyChatInvite	org.telegram.tgnet.TLRPC$TL_privacyKeyChatInvite
C	org.telegram.tgnet.TLRPC$TL_privacyKeyForwards	org.telegram.tgnet.TLRPC$TL_privacyKeyForwards
C	org.telegram.tgnet.TLRPC$TL_privacyKeyPhoneCall	org.telegram.tgnet.TLRPC$TL_privacyKeyPhoneCall
C	org.telegram.tgnet.TLRPC$TL_privacyKeyPhoneNumber	org.telegram.tgnet.TLRPC$TL_privacyKeyPhoneNumber
C	org.telegram.tgnet.TLRPC$TL_privacyKeyPhoneP2P	org.telegram.tgnet.TLRPC$TL_privacyKeyPhoneP2P
C	org.telegram.tgnet.TLRPC$TL_privacyKeyProfilePhoto	org.telegram.tgnet.TLRPC$TL_privacyKeyProfilePhoto
C	org.telegram.tgnet.TLRPC$TL_privacyKeyStarGiftsAutoSave	org.telegram.tgnet.TLRPC$TL_privacyKeyStarGiftsAutoSave
C	org.telegram.tgnet.TLRPC$TL_privacyKeyStatusTimestamp	org.telegram.tgnet.TLRPC$TL_privacyKeyStatusTimestamp
C	org.telegram.tgnet.TLRPC$TL_privacyKeyVoiceMessages	org.telegram.tgnet.TLRPC$TL_privacyKeyVoiceMessages
C	org.telegram.tgnet.TLRPC$TL_privacyValueAllowAll	org.telegram.tgnet.TLRPC$TL_privacyValueAllowAll
C	org.telegram.tgnet.TLRPC$TL_privacyValueAllowBots	org.telegram.tgnet.TLRPC$TL_privacyValueAllowBots
C	org.telegram.tgnet.TLRPC$TL_privacyValueAllowChatParticipants	org.telegram.tgnet.TLRPC$TL_privacyValueAllowChatParticipants
C	org.telegram.tgnet.TLRPC$TL_privacyValueAllowCloseFriends	org.telegram.tgnet.TLRPC$TL_privacyValueAllowCloseFriends
C	org.telegram.tgnet.TLRPC$TL_privacyValueAllowPremium	org.telegram.tgnet.TLRPC$TL_privacyValueAllowPremium
C	org.telegram.tgnet.TLRPC$TL_privacyValueAllowUsers	org.telegram.tgnet.TLRPC$TL_privacyValueAllowUsers
C	org.telegram.tgnet.TLRPC$TL_privacyValueDisallowAll	org.telegram.tgnet.TLRPC$TL_privacyValueDisallowAll
C	org.telegram.tgnet.TLRPC$TL_privacyValueDisallowBots	org.telegram.tgnet.TLRPC$TL_privacyValueDisallowBots
C	org.telegram.tgnet.TLRPC$TL_privacyValueDisallowChatParticipants	org.telegram.tgnet.TLRPC$TL_privacyValueDisallowChatParticipants
C	org.telegram.tgnet.TLRPC$TL_privacyValueDisallowContacts	org.telegram.tgnet.TLRPC$TL_privacyValueDisallowContacts
C	org.telegram.tgnet.TLRPC$TL_privacyValueDisallowUsers	org.telegram.tgnet.TLRPC$TL_privacyValueDisallowUsers
C	org.telegram.tgnet.TLRPC$TL_profileTabFiles	org.telegram.tgnet.TLRPC$TL_profileTabFiles
C	org.telegram.tgnet.TLRPC$TL_profileTabGifs	org.telegram.tgnet.TLRPC$TL_profileTabGifs
C	org.telegram.tgnet.TLRPC$TL_profileTabGifts	org.telegram.tgnet.TLRPC$TL_profileTabGifts
C	org.telegram.tgnet.TLRPC$TL_profileTabLinks	org.telegram.tgnet.TLRPC$TL_profileTabLinks
C	org.telegram.tgnet.TLRPC$TL_profileTabMedia	org.telegram.tgnet.TLRPC$TL_profileTabMedia
C	org.telegram.tgnet.TLRPC$TL_profileTabMusic	org.telegram.tgnet.TLRPC$TL_profileTabMusic
C	org.telegram.tgnet.TLRPC$TL_profileTabPosts	org.telegram.tgnet.TLRPC$TL_profileTabPosts
C	org.telegram.tgnet.TLRPC$TL_profileTabVoice	org.telegram.tgnet.TLRPC$TL_profileTabVoice
C	org.telegram.tgnet.TLRPC$TL_quickReply	org.telegram.tgnet.TLRPC$TL_quickReply
C	org.telegram.tgnet.TLRPC$TL_reactionCount	org.telegram.tgnet.TLRPC$ReactionCount
C	org.telegram.tgnet.TLRPC$TL_reactionCount_layer144	org.telegram.tgnet.TLRPC$TL_reactionCount_layer144
C	org.telegram.tgnet.TLRPC$TL_reactionCustomEmoji	org.telegram.tgnet.TLRPC$TL_reactionCustomEmoji
C	org.telegram.tgnet.TLRPC$TL_reactionEmoji	org.telegram.tgnet.TLRPC$TL_reactionEmoji
C	org.telegram.tgnet.TLRPC$TL_reactionEmpty	org.telegram.tgnet.TLRPC$TL_reactionEmpty
C	org.telegram.tgnet.TLRPC$TL_reactionPaid	org.telegram.tgnet.TLRPC$TL_reactionPaid
C	org.telegram.tgnet.TLRPC$TL_reastrictionReason	org.telegram.tgnet.TLRPC$TL_reastrictionReason
C	org.telegram.tgnet.TLRPC$TL_recentMeUrlChat	org.telegram.tgnet.TLRPC$TL_recentMeUrlChat
C	org.telegram.tgnet.TLRPC$TL_recentMeUrlChatInvite	org.telegram.tgnet.TLRPC$TL_recentMeUrlChatInvite
C	org.telegram.tgnet.TLRPC$TL_recentMeUrlStickerSet	org.telegram.tgnet.TLRPC$TL_recentMeUrlStickerSet
C	org.telegram.tgnet.TLRPC$TL_recentMeUrlUnknown	org.telegram.tgnet.TLRPC$TL_recentMeUrlUnknown
C	org.telegram.tgnet.TLRPC$TL_recentMeUrlUser	org.telegram.tgnet.TLRPC$TL_recentMeUrlUser
C	org.telegram.tgnet.TLRPC$TL_recentStory	org.telegram.tgnet.TLRPC$TL_recentStory
C	org.telegram.tgnet.TLRPC$TL_replyInlineMarkup	org.telegram.tgnet.TLRPC$TL_replyInlineMarkup
C	org.telegram.tgnet.TLRPC$TL_replyKeyboardForceReply	org.telegram.tgnet.TLRPC$TL_replyKeyboardForceReply
C	org.telegram.tgnet.TLRPC$TL_replyKeyboardForceReply_layer129	org.telegram.tgnet.TLRPC$TL_replyKeyboardForceReply_layer129
C	org.telegram.tgnet.TLRPC$TL_replyKeyboardHide	org.telegram.tgnet.TLRPC$TL_replyKeyboardHide
C	org.telegram.tgnet.TLRPC$TL_replyKeyboardMarkup	org.telegram.tgnet.TLRPC$TL_replyKeyboardMarkup
C	org.telegram.tgnet.TLRPC$TL_replyKeyboardMarkup_layer129	org.telegram.tgnet.TLRPC$TL_replyKeyboardMarkup_layer129
C	org.telegram.tgnet.TLRPC$TL_reportResultAddComment	org.telegram.tgnet.TLRPC$TL_reportResultAddComment
C	org.telegram.tgnet.TLRPC$TL_reportResultChooseOption	org.telegram.tgnet.TLRPC$TL_reportResultChooseOption
C	org.telegram.tgnet.TLRPC$TL_reportResultReported	org.telegram.tgnet.TLRPC$TL_reportResultReported
C	org.telegram.tgnet.TLRPC$TL_requestPeerTypeBroadcast	org.telegram.tgnet.TLRPC$TL_requestPeerTypeBroadcast
C	org.telegram.tgnet.TLRPC$TL_requestPeerTypeChat	org.telegram.tgnet.TLRPC$TL_requestPeerTypeChat
C	org.telegram.tgnet.TLRPC$TL_requestPeerTypeCreateBot	org.telegram.tgnet.TLRPC$TL_requestPeerTypeCreateBot
C	org.telegram.tgnet.TLRPC$TL_requestPeerTypeUser	org.telegram.tgnet.TLRPC$TL_requestPeerTypeUser
C	org.telegram.tgnet.TLRPC$TL_savedDialog	org.telegram.tgnet.TLRPC$TL_savedDialog
C	org.telegram.tgnet.TLRPC$TL_savedMusic	org.telegram.tgnet.TLRPC$TL_savedMusic
C	org.telegram.tgnet.TLRPC$TL_savedReactionTag	org.telegram.tgnet.TLRPC$TL_savedReactionTag
C	org.telegram.tgnet.TLRPC$TL_searchResultPosition	org.telegram.tgnet.TLRPC$TL_searchResultPosition
C	org.telegram.tgnet.TLRPC$TL_searchResultsCalendarPeriod	org.telegram.tgnet.TLRPC$TL_searchResultsCalendarPeriod
C	org.telegram.tgnet.TLRPC$TL_secureData	org.telegram.tgnet.TLRPC$TL_secureData
C	org.telegram.tgnet.TLRPC$TL_secureFile	org.telegram.tgnet.TLRPC$TL_secureFile
C	org.telegram.tgnet.TLRPC$TL_secureFileEmpty	org.telegram.tgnet.TLRPC$TL_secureFileEmpty
C	org.telegram.tgnet.TLRPC$TL_securePasswordKdfAlgoPBKDF2HMACSHA512iter100000	org.telegram.tgnet.TLRPC$TL_securePasswordKdfAlgoPBKDF2HMACSHA512iter100000
C	org.telegram.tgnet.TLRPC$TL_securePasswordKdfAlgoSHA512	org.telegram.tgnet.TLRPC$TL_securePasswordKdfAlgoSHA512
C	org.telegram.tgnet.TLRPC$TL_securePlainEmail	org.telegram.tgnet.TLRPC$TL_securePlainEmail
C	org.telegram.tgnet.TLRPC$TL_securePlainPhone	org.telegram.tgnet.TLRPC$TL_securePlainPhone
C	org.telegram.tgnet.TLRPC$TL_secureRequiredType	org.telegram.tgnet.TLRPC$TL_secureRequiredType
C	org.telegram.tgnet.TLRPC$TL_secureRequiredTypeOneOf	org.telegram.tgnet.TLRPC$TL_secureRequiredTypeOneOf
C	org.telegram.tgnet.TLRPC$TL_secureSecretSettings	org.telegram.tgnet.TLRPC$TL_secureSecretSettings
C	org.telegram.tgnet.TLRPC$TL_secureValue	org.telegram.tgnet.TLRPC$TL_secureValue
C	org.telegram.tgnet.TLRPC$TL_secureValueError	org.telegram.tgnet.TLRPC$TL_secureValueError
C	org.telegram.tgnet.TLRPC$TL_secureValueErrorData	org.telegram.tgnet.TLRPC$TL_secureValueErrorData
C	org.telegram.tgnet.TLRPC$TL_secureValueErrorFile	org.telegram.tgnet.TLRPC$TL_secureValueErrorFile
C	org.telegram.tgnet.TLRPC$TL_secureValueErrorFiles	org.telegram.tgnet.TLRPC$TL_secureValueErrorFiles
C	org.telegram.tgnet.TLRPC$TL_secureValueErrorReverseSide	org.telegram.tgnet.TLRPC$TL_secureValueErrorReverseSide
C	org.telegram.tgnet.TLRPC$TL_secureValueErrorSelfie	org.telegram.tgnet.TLRPC$TL_secureValueErrorSelfie
C	org.telegram.tgnet.TLRPC$TL_secureValueErrorTranslationFile	org.telegram.tgnet.TLRPC$TL_secureValueErrorTranslationFile
C	org.telegram.tgnet.TLRPC$TL_secureValueErrorTranslationFiles	org.telegram.tgnet.TLRPC$TL_secureValueErrorTranslationFiles
C	org.telegram.tgnet.TLRPC$TL_secureValueTypeBankStatement	org.telegram.tgnet.TLRPC$TL_secureValueTypeBankStatement
C	org.telegram.tgnet.TLRPC$TL_secureValueTypeDriverLicense	org.telegram.tgnet.TLRPC$TL_secureValueTypeDriverLicense
C	org.telegram.tgnet.TLRPC$TL_secureValueTypeEmail	org.telegram.tgnet.TLRPC$TL_secureValueTypeEmail
C	org.telegram.tgnet.TLRPC$TL_secureValueTypeIdentityCard	org.telegram.tgnet.TLRPC$TL_secureValueTypeIdentityCard
C	org.telegram.tgnet.TLRPC$TL_secureValueTypeInternalPassport	org.telegram.tgnet.TLRPC$TL_secureValueTypeInternalPassport
C	org.telegram.tgnet.TLRPC$TL_secureValueTypePassport	org.telegram.tgnet.TLRPC$TL_secureValueTypePassport
C	org.telegram.tgnet.TLRPC$TL_secureValueTypePassportRegistration	org.telegram.tgnet.TLRPC$TL_secureValueTypePassportRegistration
C	org.telegram.tgnet.TLRPC$TL_secureValueTypePersonalDetails	org.telegram.tgnet.TLRPC$TL_secureValueTypePersonalDetails
C	org.telegram.tgnet.TLRPC$TL_secureValueTypePhone	org.telegram.tgnet.TLRPC$TL_secureValueTypePhone
C	org.telegram.tgnet.TLRPC$TL_secureValueTypeRentalAgreement	org.telegram.tgnet.TLRPC$TL_secureValueTypeRentalAgreement
C	org.telegram.tgnet.TLRPC$TL_secureValueTypeTemporaryRegistration	org.telegram.tgnet.TLRPC$TL_secureValueTypeTemporaryRegistration
C	org.telegram.tgnet.TLRPC$TL_secureValueTypeUtilityBill	org.telegram.tgnet.TLRPC$TL_secureValueTypeUtilityBill
C	org.telegram.tgnet.TLRPC$TL_sendAsPeer	org.telegram.tgnet.TLRPC$TL_sendAsPeer
C	org.telegram.tgnet.TLRPC$TL_sendMessageCancelAction	org.telegram.tgnet.TLRPC$TL_sendMessageCancelAction
C	org.telegram.tgnet.TLRPC$TL_sendMessageChooseContactAction	org.telegram.tgnet.TLRPC$TL_sendMessageChooseContactAction
C	org.telegram.tgnet.TLRPC$TL_sendMessageChooseStickerAction	org.telegram.tgnet.TLRPC$TL_sendMessageChooseStickerAction
C	org.telegram.tgnet.TLRPC$TL_sendMessageEmojiInteractionSeen	org.telegram.tgnet.TLRPC$TL_sendMessageEmojiInteractionSeen
C	org.telegram.tgnet.TLRPC$TL_sendMessageGamePlayAction	org.telegram.tgnet.TLRPC$TL_sendMessageGamePlayAction
C	org.telegram.tgnet.TLRPC$TL_sendMessageGeoLocationAction	org.telegram.tgnet.TLRPC$TL_sendMessageGeoLocationAction
C	org.telegram.tgnet.TLRPC$TL_sendMessageHistoryImportAction	org.telegram.tgnet.TLRPC$TL_sendMessageHistoryImportAction
C	org.telegram.tgnet.TLRPC$TL_sendMessageRecordAudioAction	org.telegram.tgnet.TLRPC$TL_sendMessageRecordAudioAction
C	org.telegram.tgnet.TLRPC$TL_sendMessageRecordRoundAction	org.telegram.tgnet.TLRPC$TL_sendMessageRecordRoundAction
C	org.telegram.tgnet.TLRPC$TL_sendMessageRecordVideoAction	org.telegram.tgnet.TLRPC$TL_sendMessageRecordVideoAction
C	org.telegram.tgnet.TLRPC$TL_sendMessageRichMessageDraftAction	org.telegram.tgnet.TLRPC$TL_sendMessageRichMessageDraftAction
C	org.telegram.tgnet.TLRPC$TL_sendMessageStopDraftAction	org.telegram.tgnet.TLRPC$TL_sendMessageStopDraftAction
C	org.telegram.tgnet.TLRPC$TL_sendMessageTextDraftAction	org.telegram.tgnet.TLRPC$TL_sendMessageTextDraftAction
C	org.telegram.tgnet.TLRPC$TL_sendMessageTypingAction	org.telegram.tgnet.TLRPC$TL_sendMessageTypingAction
C	org.telegram.tgnet.TLRPC$TL_sendMessageUploadAudioAction	org.telegram.tgnet.TLRPC$TL_sendMessageUploadAudioAction
C	org.telegram.tgnet.TLRPC$TL_sendMessageUploadAudioAction_old	org.telegram.tgnet.TLRPC$TL_sendMessageUploadAudioAction_old
C	org.telegram.tgnet.TLRPC$TL_sendMessageUploadDocumentAction	org.telegram.tgnet.TLRPC$TL_sendMessageUploadDocumentAction
C	org.telegram.tgnet.TLRPC$TL_sendMessageUploadDocumentAction_old	org.telegram.tgnet.TLRPC$TL_sendMessageUploadDocumentAction_old
C	org.telegram.tgnet.TLRPC$TL_sendMessageUploadPhotoAction	org.telegram.tgnet.TLRPC$TL_sendMessageUploadPhotoAction
C	org.telegram.tgnet.TLRPC$TL_sendMessageUploadPhotoAction_old	org.telegram.tgnet.TLRPC$TL_sendMessageUploadPhotoAction_old
C	org.telegram.tgnet.TLRPC$TL_sendMessageUploadRoundAction	org.telegram.tgnet.TLRPC$TL_sendMessageUploadRoundAction
C	org.telegram.tgnet.TLRPC$TL_sendMessageUploadRoundAction_layer66	org.telegram.tgnet.TLRPC$TL_sendMessageUploadRoundAction_layer66
C	org.telegram.tgnet.TLRPC$TL_sendMessageUploadVideoAction	org.telegram.tgnet.TLRPC$TL_sendMessageUploadVideoAction
C	org.telegram.tgnet.TLRPC$TL_sendMessageUploadVideoAction_old	org.telegram.tgnet.TLRPC$TL_sendMessageUploadVideoAction_old
C	org.telegram.tgnet.TLRPC$TL_shippingOption	org.telegram.tgnet.TLRPC$TL_shippingOption
C	org.telegram.tgnet.TLRPC$TL_speakingInGroupCallAction	org.telegram.tgnet.TLRPC$TL_speakingInGroupCallAction
C	org.telegram.tgnet.TLRPC$TL_sponsoredMessage	org.telegram.tgnet.TLRPC$TL_sponsoredMessage
C	org.telegram.tgnet.TLRPC$TL_sponsoredMessageReportOption	org.telegram.tgnet.TLRPC$TL_sponsoredMessageReportOption
C	org.telegram.tgnet.TLRPC$TL_sponsoredPeer	org.telegram.tgnet.TLRPC$TL_sponsoredPeer
C	org.telegram.tgnet.TLRPC$TL_starsRevenueStatus	org.telegram.tgnet.TLRPC$TL_starsRevenueStatus
C	org.telegram.tgnet.TLRPC$TL_stickerKeyword	org.telegram.tgnet.TLRPC$TL_stickerKeyword
C	org.telegram.tgnet.TLRPC$TL_stickerPack	org.telegram.tgnet.TLRPC$TL_stickerPack
C	org.telegram.tgnet.TLRPC$TL_stickerSet	org.telegram.tgnet.TLRPC$TL_stickerSet
C	org.telegram.tgnet.TLRPC$TL_stickerSetFullCovered	org.telegram.tgnet.TLRPC$TL_stickerSetFullCovered
C	org.telegram.tgnet.TLRPC$TL_stickerSetFullCovered_layer146	org.telegram.tgnet.TLRPC$TL_stickerSetFullCovered_layer146
C	org.telegram.tgnet.TLRPC$TL_stickerSetNoCovered	org.telegram.tgnet.TLRPC$TL_stickerSetNoCovered
C	org.telegram.tgnet.TLRPC$TL_stickers_addStickerToSet	org.telegram.tgnet.TLRPC$TL_stickers_addStickerToSet
C	org.telegram.tgnet.TLRPC$TL_stickers_createStickerSet	org.telegram.tgnet.TLRPC$TL_stickers_createStickerSet
C	org.telegram.tgnet.TLRPC$TL_stickers_suggestedShortName	org.telegram.tgnet.TLRPC$TL_stickers_suggestedShortName
C	org.telegram.tgnet.TLRPC$TL_storage_fileWebp	org.telegram.tgnet.TLRPC$storage_FileType
C	org.telegram.tgnet.TLRPC$TL_textWithEntities	org.telegram.tgnet.TLRPC$TL_textWithEntities
C	org.telegram.tgnet.TLRPC$TL_theme	org.telegram.tgnet.TLRPC$TL_theme
C	org.telegram.tgnet.TLRPC$TL_themeSettings	org.telegram.tgnet.TLRPC$TL_themeSettings
C	org.telegram.tgnet.TLRPC$TL_timezone	org.telegram.tgnet.TLRPC$TL_timezone
C	org.telegram.tgnet.TLRPC$TL_todoCompletion	org.telegram.tgnet.TLRPC$TL_todoCompletion
C	org.telegram.tgnet.TLRPC$TL_topPeer	org.telegram.tgnet.TLRPC$TL_topPeer
C	org.telegram.tgnet.TLRPC$TL_topPeerCategoryBotsApp	org.telegram.tgnet.TLRPC$TL_topPeerCategoryBotsApp
C	org.telegram.tgnet.TLRPC$TL_topPeerCategoryBotsGuestChat	org.telegram.tgnet.TLRPC$TL_topPeerCategoryBotsGuestChat
C	org.telegram.tgnet.TLRPC$TL_topPeerCategoryBotsInline	org.telegram.tgnet.TLRPC$TL_topPeerCategoryBotsInline
C	org.telegram.tgnet.TLRPC$TL_topPeerCategoryPeers	org.telegram.tgnet.TLRPC$TL_topPeerCategoryPeers
C	org.telegram.tgnet.TLRPC$TL_updateShort	org.telegram.tgnet.TLRPC$TL_updateShort
C	org.telegram.tgnet.TLRPC$TL_updateShortMessage	org.telegram.tgnet.TLRPC$TL_updateShortMessage
C	org.telegram.tgnet.TLRPC$TL_updateShortSentMessage	org.telegram.tgnet.TLRPC$TL_updateShortSentMessage
C	org.telegram.tgnet.TLRPC$TL_updates	org.telegram.tgnet.TLRPC$TL_updates
C	org.telegram.tgnet.TLRPC$TL_updatesCombined	org.telegram.tgnet.TLRPC$TL_updatesCombined
C	org.telegram.tgnet.TLRPC$TL_updatesTooLong	org.telegram.tgnet.TLRPC$TL_updatesTooLong
C	org.telegram.tgnet.TLRPC$TL_updates_channelDifference	org.telegram.tgnet.TLRPC$TL_updates_channelDifference
C	org.telegram.tgnet.TLRPC$TL_updates_channelDifferenceEmpty	org.telegram.tgnet.TLRPC$TL_updates_channelDifferenceEmpty
C	org.telegram.tgnet.TLRPC$TL_updates_channelDifferenceTooLong	org.telegram.tgnet.TLRPC$TL_updates_channelDifferenceTooLong
C	org.telegram.tgnet.TLRPC$TL_updates_differenceEmpty	org.telegram.tgnet.TLRPC$TL_updates_differenceEmpty
C	org.telegram.tgnet.TLRPC$TL_updates_differenceSlice	org.telegram.tgnet.TLRPC$TL_updates_differenceSlice
C	org.telegram.tgnet.TLRPC$TL_updates_getDifference	org.telegram.tgnet.TLRPC$TL_updates_getDifference
C	org.telegram.tgnet.TLRPC$TL_updates_state	org.telegram.tgnet.TLRPC$TL_updates_state
C	org.telegram.tgnet.TLRPC$TL_upload_cdnFile	org.telegram.tgnet.TLRPC$TL_upload_cdnFile
C	org.telegram.tgnet.TLRPC$TL_upload_cdnFileReuploadNeeded	org.telegram.tgnet.TLRPC$TL_upload_cdnFileReuploadNeeded
C	org.telegram.tgnet.TLRPC$TL_upload_file	org.telegram.tgnet.TLRPC$TL_upload_file
C	org.telegram.tgnet.TLRPC$TL_upload_fileCdnRedirect	org.telegram.tgnet.TLRPC$TL_upload_fileCdnRedirect
C	org.telegram.tgnet.TLRPC$TL_upload_getFile	org.telegram.tgnet.TLRPC$TL_upload_getFile
C	org.telegram.tgnet.TLRPC$TL_upload_webFile	org.telegram.tgnet.TLRPC$TL_upload_webFile
C	org.telegram.tgnet.TLRPC$TL_urlAuthResultAccepted	org.telegram.tgnet.TLRPC$TL_urlAuthResultAccepted
C	org.telegram.tgnet.TLRPC$TL_urlAuthResultDefault	org.telegram.tgnet.TLRPC$TL_urlAuthResultDefault
C	org.telegram.tgnet.TLRPC$TL_urlAuthResultRequest	org.telegram.tgnet.TLRPC$TL_urlAuthResultRequest
C	org.telegram.tgnet.TLRPC$TL_user	org.telegram.tgnet.TLRPC$TL_user
C	org.telegram.tgnet.TLRPC$TL_userContact_old	org.telegram.tgnet.TLRPC$TL_userContact_old
C	org.telegram.tgnet.TLRPC$TL_userDeleted_old2	org.telegram.tgnet.TLRPC$TL_userDeleted_old2
C	org.telegram.tgnet.TLRPC$TL_userDeleted_old	org.telegram.tgnet.TLRPC$TL_userDeleted_old
C	org.telegram.tgnet.TLRPC$TL_userEmpty	org.telegram.tgnet.TLRPC$TL_userEmpty
C	org.telegram.tgnet.TLRPC$TL_userEmpty_layer131	org.telegram.tgnet.TLRPC$TL_userEmpty_layer131
C	org.telegram.tgnet.TLRPC$TL_userForeign_old	org.telegram.tgnet.TLRPC$TL_userForeign_old
C	org.telegram.tgnet.TLRPC$TL_userFull	org.telegram.tgnet.TLRPC$TL_userFull
C	org.telegram.tgnet.TLRPC$TL_userProfilePhoto	org.telegram.tgnet.TLRPC$TL_userProfilePhoto
C	org.telegram.tgnet.TLRPC$TL_userProfilePhotoEmpty	org.telegram.tgnet.TLRPC$TL_userProfilePhotoEmpty
C	org.telegram.tgnet.TLRPC$TL_userRequest_old	org.telegram.tgnet.TLRPC$TL_userRequest_old
C	org.telegram.tgnet.TLRPC$TL_userSelf_old3	org.telegram.tgnet.TLRPC$TL_userSelf_old3
C	org.telegram.tgnet.TLRPC$TL_userStatusEmpty	org.telegram.tgnet.TLRPC$TL_userStatusEmpty
C	org.telegram.tgnet.TLRPC$TL_userStatusLastMonth	org.telegram.tgnet.TLRPC$TL_userStatusLastMonth
C	org.telegram.tgnet.TLRPC$TL_userStatusLastMonth_layer171	org.telegram.tgnet.TLRPC$TL_userStatusLastMonth_layer171
C	org.telegram.tgnet.TLRPC$TL_userStatusLastWeek	org.telegram.tgnet.TLRPC$TL_userStatusLastWeek
C	org.telegram.tgnet.TLRPC$TL_userStatusLastWeek_layer171	org.telegram.tgnet.TLRPC$TL_userStatusLastWeek_layer171
C	org.telegram.tgnet.TLRPC$TL_userStatusOnline	org.telegram.tgnet.TLRPC$TL_userStatusOnline
C	org.telegram.tgnet.TLRPC$TL_userStatusRecently	org.telegram.tgnet.TLRPC$TL_userStatusRecently
C	org.telegram.tgnet.TLRPC$TL_userStatusRecently_layer171	org.telegram.tgnet.TLRPC$TL_userStatusRecently_layer171
C	org.telegram.tgnet.TLRPC$TL_username	org.telegram.tgnet.TLRPC$TL_username
C	org.telegram.tgnet.TLRPC$TL_users	org.telegram.tgnet.TLRPC$TL_users
C	org.telegram.tgnet.TLRPC$TL_usersSlice	org.telegram.tgnet.TLRPC$TL_usersSlice
C	org.telegram.tgnet.TLRPC$TL_users_userFull	org.telegram.tgnet.TLRPC$TL_users_userFull
C	org.telegram.tgnet.TLRPC$TL_videoEncrypted	org.telegram.tgnet.TLRPC$TL_videoEncrypted
C	org.telegram.tgnet.TLRPC$TL_videoSize	org.telegram.tgnet.TLRPC$TL_videoSize
C	org.telegram.tgnet.TLRPC$TL_videoSizeEmojiMarkup	org.telegram.tgnet.TLRPC$TL_videoSizeEmojiMarkup
C	org.telegram.tgnet.TLRPC$TL_videoSizeStickerMarkup	org.telegram.tgnet.TLRPC$TL_videoSizeStickerMarkup
C	org.telegram.tgnet.TLRPC$TL_wallPaper	org.telegram.tgnet.TLRPC$TL_wallPaper
C	org.telegram.tgnet.TLRPC$TL_wallPaperNoFile	org.telegram.tgnet.TLRPC$TL_wallPaperNoFile
C	org.telegram.tgnet.TLRPC$TL_wallPaperNoFile_layer128	org.telegram.tgnet.TLRPC$TL_wallPaperNoFile_layer128
C	org.telegram.tgnet.TLRPC$TL_wallPaperSettings	org.telegram.tgnet.TLRPC$TL_wallPaperSettings
C	org.telegram.tgnet.TLRPC$TL_wallPaper_layer94	org.telegram.tgnet.TLRPC$TL_wallPaper_layer94
C	org.telegram.tgnet.TLRPC$TL_webAuthorization	org.telegram.tgnet.TLRPC$TL_webAuthorization
C	org.telegram.tgnet.TLRPC$TL_webDocument	org.telegram.tgnet.TLRPC$TL_webDocument
C	org.telegram.tgnet.TLRPC$TL_webDocumentNoProxy	org.telegram.tgnet.TLRPC$TL_webDocumentNoProxy
C	org.telegram.tgnet.TLRPC$TL_webDocument_layer81	org.telegram.tgnet.TLRPC$TL_webDocument_layer81
C	org.telegram.tgnet.TLRPC$TL_webPage	org.telegram.tgnet.TLRPC$TL_webPage
C	org.telegram.tgnet.TLRPC$TL_webPageAttributeAiComposeTone	org.telegram.tgnet.TLRPC$TL_webPageAttributeAiComposeTone
C	org.telegram.tgnet.TLRPC$TL_webPageAttributeStarGiftAuction	org.telegram.tgnet.TLRPC$TL_webPageAttributeStarGiftAuction
C	org.telegram.tgnet.TLRPC$TL_webPageAttributeStarGiftAuction_layer219	org.telegram.tgnet.TLRPC$TL_webPageAttributeStarGiftAuction_layer219
C	org.telegram.tgnet.TLRPC$TL_webPageAttributeStarGiftCollection	org.telegram.tgnet.TLRPC$TL_webPageAttributeStarGiftCollection
C	org.telegram.tgnet.TLRPC$TL_webPageAttributeStickerSet	org.telegram.tgnet.TLRPC$TL_webPageAttributeStickerSet
C	org.telegram.tgnet.TLRPC$TL_webPageAttributeStory	org.telegram.tgnet.TLRPC$TL_webPageAttributeStory
C	org.telegram.tgnet.TLRPC$TL_webPageAttributeStory_layer162	org.telegram.tgnet.TLRPC$TL_webPageAttributeStory_layer162
C	org.telegram.tgnet.TLRPC$TL_webPageAttributeTheme	org.telegram.tgnet.TLRPC$TL_webPageAttributeTheme
C	org.telegram.tgnet.TLRPC$TL_webPageAttributeUniqueStarGift	org.telegram.tgnet.TLRPC$TL_webPageAttributeUniqueStarGift
C	org.telegram.tgnet.TLRPC$TL_webPageEmpty	org.telegram.tgnet.TLRPC$TL_webPageEmpty
C	org.telegram.tgnet.TLRPC$TL_webPageEmpty_layer165	org.telegram.tgnet.TLRPC$TL_webPageEmpty_layer165
C	org.telegram.tgnet.TLRPC$TL_webPageNotModified	org.telegram.tgnet.TLRPC$TL_webPageNotModified
C	org.telegram.tgnet.TLRPC$TL_webPageNotModified_layer110	org.telegram.tgnet.TLRPC$TL_webPageNotModified_layer110
C	org.telegram.tgnet.TLRPC$TL_webPagePending	org.telegram.tgnet.TLRPC$TL_webPagePending
C	org.telegram.tgnet.TLRPC$TL_webPagePending_layer165	org.telegram.tgnet.TLRPC$TL_webPagePending_layer165
C	org.telegram.tgnet.TLRPC$TL_webPageUrlPending	org.telegram.tgnet.TLRPC$TL_webPageUrlPending
C	org.telegram.tgnet.TLRPC$TL_webViewResultUrl	org.telegram.tgnet.TLRPC$TL_webViewResultUrl
C	org.telegram.tgnet.TLRPC$ThemeSettings	org.telegram.tgnet.TLRPC$ThemeSettings
C	org.telegram.tgnet.TLRPC$Tl_inputChatThemeEmpty	org.telegram.tgnet.TLRPC$Tl_inputChatThemeEmpty
C	org.telegram.tgnet.TLRPC$TodoItem	org.telegram.tgnet.TLRPC$TodoItem
C	org.telegram.tgnet.TLRPC$TodoList	org.telegram.tgnet.TLRPC$TodoList
C	org.telegram.tgnet.TLRPC$TopPeerCategory	org.telegram.tgnet.TLRPC$TopPeerCategory
C	org.telegram.tgnet.TLRPC$Updates	org.telegram.tgnet.TLRPC$Updates
C	org.telegram.tgnet.TLRPC$User	org.telegram.tgnet.TLRPC$User
C	org.telegram.tgnet.TLRPC$UserFull	org.telegram.tgnet.TLRPC$UserFull
C	org.telegram.tgnet.TLRPC$UserProfilePhoto	org.telegram.tgnet.TLRPC$UserProfilePhoto
C	org.telegram.tgnet.TLRPC$UserStatus	org.telegram.tgnet.TLRPC$UserStatus
C	org.telegram.tgnet.TLRPC$Users	org.telegram.tgnet.TLRPC$Users
C	org.telegram.tgnet.TLRPC$Video	org.telegram.tgnet.TLRPC$Video
C	org.telegram.tgnet.TLRPC$VideoSize	org.telegram.tgnet.TLRPC$VideoSize
C	org.telegram.tgnet.TLRPC$WallPaper	org.telegram.tgnet.TLRPC$WallPaper
C	org.telegram.tgnet.TLRPC$WebDocument	org.telegram.tgnet.TLRPC$WebDocument
C	org.telegram.tgnet.TLRPC$WebPage	org.telegram.tgnet.TLRPC$WebPage
C	org.telegram.tgnet.TLRPC$WebPageAttribute	org.telegram.tgnet.TLRPC$WebPageAttribute
C	org.telegram.tgnet.TLRPC$auth_Authorization	org.telegram.tgnet.TLRPC$auth_Authorization
C	org.telegram.tgnet.TLRPC$auth_CodeType	org.telegram.tgnet.TLRPC$auth_CodeType
C	org.telegram.tgnet.TLRPC$auth_SentCode	org.telegram.tgnet.TLRPC$auth_SentCode
C	org.telegram.tgnet.TLRPC$auth_SentCodeType	org.telegram.tgnet.TLRPC$auth_SentCodeType
C	org.telegram.tgnet.TLRPC$channels_ChannelParticipants	org.telegram.tgnet.TLRPC$channels_ChannelParticipants
C	org.telegram.tgnet.TLRPC$channels_SponsoredMessageReportResult	org.telegram.tgnet.TLRPC$channels_SponsoredMessageReportResult
C	org.telegram.tgnet.TLRPC$contacts_Blocked	org.telegram.tgnet.TLRPC$contacts_Blocked
C	org.telegram.tgnet.TLRPC$contacts_Contacts	org.telegram.tgnet.TLRPC$contacts_Contacts
C	org.telegram.tgnet.TLRPC$contacts_SponsoredPeers	org.telegram.tgnet.TLRPC$contacts_SponsoredPeers
C	org.telegram.tgnet.TLRPC$contacts_TopPeers	org.telegram.tgnet.TLRPC$contacts_TopPeers
C	org.telegram.tgnet.TLRPC$help_AppConfig	org.telegram.tgnet.TLRPC$help_AppConfig
C	org.telegram.tgnet.TLRPC$help_CountriesList	org.telegram.tgnet.TLRPC$help_CountriesList
C	org.telegram.tgnet.TLRPC$help_DeepLinkInfo	org.telegram.tgnet.TLRPC$help_DeepLinkInfo
C	org.telegram.tgnet.TLRPC$help_PassportConfig	org.telegram.tgnet.TLRPC$help_PassportConfig
C	org.telegram.tgnet.TLRPC$help_PeerColorSet	org.telegram.tgnet.TLRPC$help_PeerColorSet
C	org.telegram.tgnet.TLRPC$help_PeerColors	org.telegram.tgnet.TLRPC$help_PeerColors
C	org.telegram.tgnet.TLRPC$help_TermsOfServiceUpdate	org.telegram.tgnet.TLRPC$help_TermsOfServiceUpdate
C	org.telegram.tgnet.TLRPC$help_timezonesList	org.telegram.tgnet.TLRPC$help_timezonesList
C	org.telegram.tgnet.TLRPC$messages_AllStickers	org.telegram.tgnet.TLRPC$messages_AllStickers
C	org.telegram.tgnet.TLRPC$messages_AvailableEffects	org.telegram.tgnet.TLRPC$messages_AvailableEffects
C	org.telegram.tgnet.TLRPC$messages_AvailableReactions	org.telegram.tgnet.TLRPC$messages_AvailableReactions
C	org.telegram.tgnet.TLRPC$messages_BotResults	org.telegram.tgnet.TLRPC$messages_BotResults
C	org.telegram.tgnet.TLRPC$messages_Chats	org.telegram.tgnet.TLRPC$messages_Chats
C	org.telegram.tgnet.TLRPC$messages_DhConfig	org.telegram.tgnet.TLRPC$messages_DhConfig
C	org.telegram.tgnet.TLRPC$messages_Dialogs	org.telegram.tgnet.TLRPC$messages_Dialogs
C	org.telegram.tgnet.TLRPC$messages_EmojiGroups	org.telegram.tgnet.TLRPC$messages_EmojiGroups
C	org.telegram.tgnet.TLRPC$messages_ExportedChatInvite	org.telegram.tgnet.TLRPC$messages_ExportedChatInvite
C	org.telegram.tgnet.TLRPC$messages_FavedStickers	org.telegram.tgnet.TLRPC$messages_FavedStickers
C	org.telegram.tgnet.TLRPC$messages_FeaturedStickers	org.telegram.tgnet.TLRPC$messages_FeaturedStickers
C	org.telegram.tgnet.TLRPC$messages_FoundStickerSets	org.telegram.tgnet.TLRPC$messages_FoundStickerSets
C	org.telegram.tgnet.TLRPC$messages_FoundStickers	org.telegram.tgnet.TLRPC$messages_FoundStickers
C	org.telegram.tgnet.TLRPC$messages_Messages	org.telegram.tgnet.TLRPC$messages_Messages
C	org.telegram.tgnet.TLRPC$messages_Reactions	org.telegram.tgnet.TLRPC$messages_Reactions
C	org.telegram.tgnet.TLRPC$messages_RecentStickers	org.telegram.tgnet.TLRPC$messages_RecentStickers
C	org.telegram.tgnet.TLRPC$messages_SavedDialogs	org.telegram.tgnet.TLRPC$messages_SavedDialogs
C	org.telegram.tgnet.TLRPC$messages_SavedGifs	org.telegram.tgnet.TLRPC$messages_SavedGifs
C	org.telegram.tgnet.TLRPC$messages_SavedReactionTags	org.telegram.tgnet.TLRPC$messages_SavedReactionTags
C	org.telegram.tgnet.TLRPC$messages_SentEncryptedMessage	org.telegram.tgnet.TLRPC$messages_SentEncryptedMessage
C	org.telegram.tgnet.TLRPC$messages_StickerSetInstallResult	org.telegram.tgnet.TLRPC$messages_StickerSetInstallResult
C	org.telegram.tgnet.TLRPC$messages_Stickers	org.telegram.tgnet.TLRPC$messages_Stickers
C	org.telegram.tgnet.TLRPC$messages_quickReplies	org.telegram.tgnet.TLRPC$messages_quickReplies
C	org.telegram.tgnet.TLRPC$payments_GiveawayInfo	org.telegram.tgnet.TLRPC$payments_GiveawayInfo
C	org.telegram.tgnet.TLRPC$payments_PaymentResult	org.telegram.tgnet.TLRPC$payments_PaymentResult
C	org.telegram.tgnet.TLRPC$photos_Photos	org.telegram.tgnet.TLRPC$photos_Photos
C	org.telegram.tgnet.TLRPC$savedDialog	org.telegram.tgnet.TLRPC$savedDialog
C	org.telegram.tgnet.TLRPC$updates_ChannelDifference	org.telegram.tgnet.TLRPC$updates_ChannelDifference
C	org.telegram.tgnet.TLRPC$updates_Difference	org.telegram.tgnet.TLRPC$updates_Difference
C	org.telegram.tgnet.TLRPC$upload_CdnFile	org.telegram.tgnet.TLRPC$upload_CdnFile
C	org.telegram.tgnet.TLRPC$upload_File	org.telegram.tgnet.TLRPC$upload_File
C	org.telegram.tgnet.Vector$TLDeserializer	org.telegram.tgnet.Vector$TLDeserializer
C	org.telegram.tgnet.Vector	org.telegram.tgnet.Vector
C	org.telegram.tgnet.VectorLegacy	org.telegram.tgnet.VectorLegacy
C	org.telegram.tgnet.WriteToSocketDelegate	org.telegram.tgnet.WriteToSocketDelegate
C	org.telegram.tgnet.tl.TL_account$BusinessAwayMessageSchedule	org.telegram.tgnet.tl.TL_account$BusinessAwayMessageSchedule
C	org.telegram.tgnet.tl.TL_account$ChatThemes	org.telegram.tgnet.tl.TL_account$ChatThemes
C	org.telegram.tgnet.tl.TL_account$EmailVerified	org.telegram.tgnet.tl.TL_account$EmailVerified
C	org.telegram.tgnet.tl.TL_account$EmojiStatuses	org.telegram.tgnet.tl.TL_account$EmojiStatuses
C	org.telegram.tgnet.tl.TL_account$InputPasskeyResponse	org.telegram.tgnet.tl.TL_account$InputPasskeyResponse
C	org.telegram.tgnet.tl.TL_account$Passkey	org.telegram.tgnet.tl.TL_account$Passkey
C	org.telegram.tgnet.tl.TL_account$Passkeys	org.telegram.tgnet.tl.TL_account$Passkeys
C	org.telegram.tgnet.tl.TL_account$Password	org.telegram.tgnet.tl.TL_account$Password
C	org.telegram.tgnet.tl.TL_account$ReactionNotificationsFrom	org.telegram.tgnet.tl.TL_account$ReactionNotificationsFrom
C	org.telegram.tgnet.tl.TL_account$RequirementToContact	org.telegram.tgnet.tl.TL_account$RequirementToContact
C	org.telegram.tgnet.tl.TL_account$ResetPasswordResult	org.telegram.tgnet.tl.TL_account$ResetPasswordResult
C	org.telegram.tgnet.tl.TL_account$SavedMusicIds	org.telegram.tgnet.tl.TL_account$SavedMusicIds
C	org.telegram.tgnet.tl.TL_account$SavedRingtone	org.telegram.tgnet.tl.TL_account$SavedRingtone
C	org.telegram.tgnet.tl.TL_account$SavedRingtones	org.telegram.tgnet.tl.TL_account$SavedRingtones
C	org.telegram.tgnet.tl.TL_account$TL_birthday	org.telegram.tgnet.tl.TL_account$TL_birthday
C	org.telegram.tgnet.tl.TL_account$TL_businessAwayMessage	org.telegram.tgnet.tl.TL_account$TL_businessAwayMessage
C	org.telegram.tgnet.tl.TL_account$TL_businessAwayMessageScheduleAlways	org.telegram.tgnet.tl.TL_account$TL_businessAwayMessageScheduleAlways
C	org.telegram.tgnet.tl.TL_account$TL_businessAwayMessageScheduleOutsideWorkHours	org.telegram.tgnet.tl.TL_account$TL_businessAwayMessageScheduleOutsideWorkHours
C	org.telegram.tgnet.tl.TL_account$TL_businessBotRecipients	org.telegram.tgnet.tl.TL_account$TL_businessBotRecipients
C	org.telegram.tgnet.tl.TL_account$TL_businessBotRights	org.telegram.tgnet.tl.TL_account$TL_businessBotRights
C	org.telegram.tgnet.tl.TL_account$TL_businessChatLink	org.telegram.tgnet.tl.TL_account$TL_businessChatLink
C	org.telegram.tgnet.tl.TL_account$TL_businessGreetingMessage	org.telegram.tgnet.tl.TL_account$TL_businessGreetingMessage
C	org.telegram.tgnet.tl.TL_account$TL_businessIntro	org.telegram.tgnet.tl.TL_account$TL_businessIntro
C	org.telegram.tgnet.tl.TL_account$TL_businessRecipients	org.telegram.tgnet.tl.TL_account$TL_businessRecipients
C	org.telegram.tgnet.tl.TL_account$TL_businessWeeklyOpen	org.telegram.tgnet.tl.TL_account$TL_businessWeeklyOpen
C	org.telegram.tgnet.tl.TL_account$TL_businessWorkHours	org.telegram.tgnet.tl.TL_account$TL_businessWorkHours
C	org.telegram.tgnet.tl.TL_account$TL_chatThemesNotModified	org.telegram.tgnet.tl.TL_account$TL_chatThemesNotModified
C	org.telegram.tgnet.tl.TL_account$TL_connectedBot	org.telegram.tgnet.tl.TL_account$TL_connectedBot
C	org.telegram.tgnet.tl.TL_account$TL_contactBirthday	org.telegram.tgnet.tl.TL_account$TL_contactBirthday
C	org.telegram.tgnet.tl.TL_account$TL_emailVerified	org.telegram.tgnet.tl.TL_account$TL_emailVerified
C	org.telegram.tgnet.tl.TL_account$TL_emailVerifiedLogin	org.telegram.tgnet.tl.TL_account$TL_emailVerifiedLogin
C	org.telegram.tgnet.tl.TL_account$TL_emojiStatuses	org.telegram.tgnet.tl.TL_account$TL_emojiStatuses
C	org.telegram.tgnet.tl.TL_account$TL_emojiStatusesNotModified	org.telegram.tgnet.tl.TL_account$TL_emojiStatusesNotModified
C	org.telegram.tgnet.tl.TL_account$TL_inputBusinessBotRecipients	org.telegram.tgnet.tl.TL_account$TL_inputBusinessBotRecipients
C	org.telegram.tgnet.tl.TL_account$TL_inputBusinessRecipients	org.telegram.tgnet.tl.TL_account$TL_inputBusinessRecipients
C	org.telegram.tgnet.tl.TL_account$TL_password	org.telegram.tgnet.tl.TL_account$TL_password
C	org.telegram.tgnet.tl.TL_account$TL_password_layer144	org.telegram.tgnet.tl.TL_account$TL_password_layer144
C	org.telegram.tgnet.tl.TL_account$TL_reactionNotificationsFromContacts	org.telegram.tgnet.tl.TL_account$TL_reactionNotificationsFromContacts
C	org.telegram.tgnet.tl.TL_account$TL_reactionsNotifySettings	org.telegram.tgnet.tl.TL_account$TL_reactionsNotifySettings
C	org.telegram.tgnet.tl.TL_account$TL_savedMusicIds	org.telegram.tgnet.tl.TL_account$TL_savedMusicIds
C	org.telegram.tgnet.tl.TL_account$TL_savedMusicIdsNotModified	org.telegram.tgnet.tl.TL_account$TL_savedMusicIdsNotModified
C	org.telegram.tgnet.tl.TL_account$TL_savedRingtone	org.telegram.tgnet.tl.TL_account$TL_savedRingtone
C	org.telegram.tgnet.tl.TL_account$TL_savedRingtoneConverted	org.telegram.tgnet.tl.TL_account$TL_savedRingtoneConverted
C	org.telegram.tgnet.tl.TL_account$TL_savedRingtones	org.telegram.tgnet.tl.TL_account$TL_savedRingtones
C	org.telegram.tgnet.tl.TL_account$TL_savedRingtonesNotModified	org.telegram.tgnet.tl.TL_account$TL_savedRingtonesNotModified
C	org.telegram.tgnet.tl.TL_account$TL_themes	org.telegram.tgnet.tl.TL_account$TL_themes
C	org.telegram.tgnet.tl.TL_account$TL_themesNotModified	org.telegram.tgnet.tl.TL_account$TL_themesNotModified
C	org.telegram.tgnet.tl.TL_account$TL_wallPapers	org.telegram.tgnet.tl.TL_account$TL_wallPapers
C	org.telegram.tgnet.tl.TL_account$TL_wallPapersNotModified	org.telegram.tgnet.tl.TL_account$TL_wallPapersNotModified
C	org.telegram.tgnet.tl.TL_account$TL_webBrowserSettings	org.telegram.tgnet.tl.TL_account$TL_webBrowserSettings
C	org.telegram.tgnet.tl.TL_account$TL_webBrowserSettingsNotModified	org.telegram.tgnet.tl.TL_account$TL_webBrowserSettingsNotModified
C	org.telegram.tgnet.tl.TL_account$Themes	org.telegram.tgnet.tl.TL_account$Themes
C	org.telegram.tgnet.tl.TL_account$Tl_chatThemes	org.telegram.tgnet.tl.TL_account$Tl_chatThemes
C	org.telegram.tgnet.tl.TL_account$WallPapers	org.telegram.tgnet.tl.TL_account$WallPapers
C	org.telegram.tgnet.tl.TL_account$WebBrowserSettings	org.telegram.tgnet.tl.TL_account$WebBrowserSettings
C	org.telegram.tgnet.tl.TL_account$WebDomainException	org.telegram.tgnet.tl.TL_account$WebDomainException
C	org.telegram.tgnet.tl.TL_account$acceptAuthorization	org.telegram.tgnet.tl.TL_account$acceptAuthorization
C	org.telegram.tgnet.tl.TL_account$authorizationForm	org.telegram.tgnet.tl.TL_account$authorizationForm
C	org.telegram.tgnet.tl.TL_account$autoDownloadSettings	org.telegram.tgnet.tl.TL_account$autoDownloadSettings
C	org.telegram.tgnet.tl.TL_account$businessChatLinks	org.telegram.tgnet.tl.TL_account$businessChatLinks
C	org.telegram.tgnet.tl.TL_account$changeAuthorizationSettings	org.telegram.tgnet.tl.TL_account$changeAuthorizationSettings
C	org.telegram.tgnet.tl.TL_account$changePhone	org.telegram.tgnet.tl.TL_account$changePhone
C	org.telegram.tgnet.tl.TL_account$confirmPhone	org.telegram.tgnet.tl.TL_account$confirmPhone
C	org.telegram.tgnet.tl.TL_account$connectedBots	org.telegram.tgnet.tl.TL_account$connectedBots
C	org.telegram.tgnet.tl.TL_account$contactBirthdays	org.telegram.tgnet.tl.TL_account$contactBirthdays
C	org.telegram.tgnet.tl.TL_account$contentSettings	org.telegram.tgnet.tl.TL_account$contentSettings
C	org.telegram.tgnet.tl.TL_account$finishPasskeyLogin	org.telegram.tgnet.tl.TL_account$finishPasskeyLogin
C	org.telegram.tgnet.tl.TL_account$getAuthorizationForm	org.telegram.tgnet.tl.TL_account$getAuthorizationForm
C	org.telegram.tgnet.tl.TL_account$getPassword	org.telegram.tgnet.tl.TL_account$getPassword
C	org.telegram.tgnet.tl.TL_account$getPasswordSettings	org.telegram.tgnet.tl.TL_account$getPasswordSettings
C	org.telegram.tgnet.tl.TL_account$getThemes	org.telegram.tgnet.TLRPC$TL_messages_getStickers
C	org.telegram.tgnet.tl.TL_account$initPasskeyLogin	org.telegram.tgnet.tl.TL_account$initPasskeyLogin
C	org.telegram.tgnet.tl.TL_account$inputPasskeyResponseLogin	org.telegram.tgnet.tl.TL_account$inputPasskeyResponseLogin
C	org.telegram.tgnet.tl.TL_account$inputPasskeyResponseRegister	org.telegram.tgnet.tl.TL_account$inputPasskeyResponseRegister
C	org.telegram.tgnet.tl.TL_account$paidMessagesRevenue	org.telegram.tgnet.tl.TL_account$paidMessagesRevenue
C	org.telegram.tgnet.tl.TL_account$passkeyLoginOptions	org.telegram.tgnet.tl.TL_account$passkeyLoginOptions
C	org.telegram.tgnet.tl.TL_account$passkeyRegistrationOptions	org.telegram.tgnet.tl.TL_account$passkeyRegistrationOptions
C	org.telegram.tgnet.tl.TL_account$passwordInputSettings	org.telegram.tgnet.tl.TL_account$passwordInputSettings
C	org.telegram.tgnet.tl.TL_account$passwordSettings	org.telegram.tgnet.tl.TL_account$passwordSettings
C	org.telegram.tgnet.tl.TL_account$privacyRules	org.telegram.tgnet.tl.TL_account$privacyRules
C	org.telegram.tgnet.tl.TL_account$registerPasskey	org.telegram.tgnet.tl.TL_account$registerPasskey
C	org.telegram.tgnet.tl.TL_account$requirementToContactEmpty	org.telegram.tgnet.tl.TL_account$requirementToContactEmpty
C	org.telegram.tgnet.tl.TL_account$requirementToContactPaidMessages	org.telegram.tgnet.tl.TL_account$requirementToContactPaidMessages
C	org.telegram.tgnet.tl.TL_account$requirementToContactPremium	org.telegram.tgnet.tl.TL_account$requirementToContactPremium
C	org.telegram.tgnet.tl.TL_account$resetPasswordFailedWait	org.telegram.tgnet.tl.TL_account$resetPasswordFailedWait
C	org.telegram.tgnet.tl.TL_account$resetPasswordOk	org.telegram.tgnet.tl.TL_account$resetPasswordOk
C	org.telegram.tgnet.tl.TL_account$resetPasswordRequestedWait	org.telegram.tgnet.tl.TL_account$resetPasswordRequestedWait
C	org.telegram.tgnet.tl.TL_account$resolvedBusinessChatLinks	org.telegram.tgnet.tl.TL_account$resolvedBusinessChatLinks
C	org.telegram.tgnet.tl.TL_account$saveSecureValue	org.telegram.tgnet.tl.TL_account$saveSecureValue
C	org.telegram.tgnet.tl.TL_account$sendChangePhoneCode	org.telegram.tgnet.tl.TL_account$sendChangePhoneCode
C	org.telegram.tgnet.tl.TL_account$sendConfirmPhoneCode	org.telegram.tgnet.tl.TL_account$sendConfirmPhoneCode
C	org.telegram.tgnet.tl.TL_account$sentEmailCode	org.telegram.tgnet.tl.TL_account$sentEmailCode
C	org.telegram.tgnet.tl.TL_account$setContentSettings	org.telegram.tgnet.TLRPC$TL_messages_deletePhoneCallHistory
C	org.telegram.tgnet.tl.TL_account$tmpPassword	org.telegram.tgnet.tl.TL_account$tmpPassword
C	org.telegram.tgnet.tl.TL_account$toggleNoPaidMessagesException	org.telegram.tgnet.tl.TL_account$toggleNoPaidMessagesException
C	org.telegram.tgnet.tl.TL_account$toggleWebBrowserSettingsException	org.telegram.tgnet.tl.TL_account$toggleWebBrowserSettingsException
C	org.telegram.tgnet.tl.TL_account$updateBusinessIntro	sg.w6
C	org.telegram.tgnet.tl.TL_account$updatePasswordSettings	org.telegram.tgnet.tl.TL_account$updatePasswordSettings
C	org.telegram.tgnet.tl.TL_account$updateTheme	org.telegram.tgnet.tl.TL_account$updateTheme
C	org.telegram.tgnet.tl.TL_account$updateUsername	org.telegram.tgnet.tl.TL_account$updateUsername
C	org.telegram.tgnet.tl.TL_account$webAuthorizations	org.telegram.tgnet.tl.TL_account$webAuthorizations
C	org.telegram.tgnet.tl.TL_account$webPagePreview	org.telegram.tgnet.tl.TL_account$webPagePreview
C	org.telegram.tgnet.tl.TL_aicompose$AiComposeTone	org.telegram.tgnet.tl.TL_aicompose$AiComposeTone
C	org.telegram.tgnet.tl.TL_aicompose$TL_aiComposeTone	org.telegram.tgnet.tl.TL_aicompose$TL_aiComposeTone
C	org.telegram.tgnet.tl.TL_aicompose$TL_aiComposeToneDefault	org.telegram.tgnet.tl.TL_aicompose$TL_aiComposeToneDefault
C	org.telegram.tgnet.tl.TL_aicompose$TL_tones	org.telegram.tgnet.tl.TL_aicompose$TL_tones
C	org.telegram.tgnet.tl.TL_aicompose$TL_tonesNotModified	org.telegram.tgnet.tl.TL_aicompose$TL_tonesNotModified
C	org.telegram.tgnet.tl.TL_aicompose$Tones	org.telegram.tgnet.tl.TL_aicompose$Tones
C	org.telegram.tgnet.tl.TL_aicompose$aiComposeToneExample	org.telegram.tgnet.tl.TL_aicompose$aiComposeToneExample
C	org.telegram.tgnet.tl.TL_aicompose$inputAiComposeToneDefault	org.telegram.tgnet.tl.TL_aicompose$inputAiComposeToneDefault
C	org.telegram.tgnet.tl.TL_aicompose$inputAiComposeToneID	org.telegram.tgnet.tl.TL_aicompose$inputAiComposeToneID
C	org.telegram.tgnet.tl.TL_aicompose$inputAiComposeToneSingleUse	org.telegram.tgnet.tl.TL_aicompose$inputAiComposeToneSingleUse
C	org.telegram.tgnet.tl.TL_aicompose$inputAiComposeToneSlug	org.telegram.tgnet.tl.TL_aicompose$inputAiComposeToneSlug
C	org.telegram.tgnet.tl.TL_aicompose$updateTone	org.telegram.tgnet.tl.TL_aicompose$updateTone
C	org.telegram.tgnet.tl.TL_bots$BotInfo	org.telegram.tgnet.tl.TL_bots$BotInfo
C	org.telegram.tgnet.tl.TL_bots$BotMenuButton	org.telegram.tgnet.tl.TL_bots$BotMenuButton
C	org.telegram.tgnet.tl.TL_bots$TL_botInfo_layer139	org.telegram.tgnet.tl.TL_bots$TL_botInfo_layer139
C	org.telegram.tgnet.tl.TL_bots$TL_botMenuButton	org.telegram.tgnet.tl.TL_bots$TL_botMenuButton
C	org.telegram.tgnet.tl.TL_bots$TL_updateBotMenuButton	org.telegram.tgnet.tl.TL_bots$TL_updateBotMenuButton
C	org.telegram.tgnet.tl.TL_bots$botPreviewMedia	org.telegram.tgnet.tl.TL_bots$botPreviewMedia
C	org.telegram.tgnet.tl.TL_bots$botVerification	org.telegram.tgnet.tl.TL_bots$botVerification
C	org.telegram.tgnet.tl.TL_bots$botVerifierSettings	org.telegram.tgnet.tl.TL_bots$botVerifierSettings
C	org.telegram.tgnet.tl.TL_bots$createBot	org.telegram.tgnet.tl.TL_bots$createBot
C	org.telegram.tgnet.tl.TL_bots$getPreviewInfo	org.telegram.tgnet.TLRPC$TL_messages_getPreparedInlineMessage
C	org.telegram.tgnet.tl.TL_bots$popularAppBots	org.telegram.tgnet.tl.TL_bots$popularAppBots
C	org.telegram.tgnet.tl.TL_bots$previewInfo	org.telegram.tgnet.tl.TL_bots$previewInfo
C	org.telegram.tgnet.tl.TL_bots$reorderPreviewMedias	org.telegram.tgnet.tl.TL_bots$reorderPreviewMedias
C	org.telegram.tgnet.tl.TL_bots$setBotInfo	org.telegram.tgnet.tl.TL_account$uploadTheme
C	org.telegram.tgnet.tl.TL_bots$updateStarRefProgram	org.telegram.tgnet.tl.TL_phone$createGroupCall
C	org.telegram.tgnet.tl.TL_chatlists$TL_chatlists_chatlistInvite	org.telegram.tgnet.tl.TL_chatlists$TL_chatlists_chatlistInvite
C	org.telegram.tgnet.tl.TL_chatlists$TL_chatlists_chatlistInviteAlready	org.telegram.tgnet.tl.TL_chatlists$TL_chatlists_chatlistInviteAlready
C	org.telegram.tgnet.tl.TL_chatlists$TL_chatlists_chatlistInvite_layer195	org.telegram.tgnet.tl.TL_chatlists$TL_chatlists_chatlistInvite_layer195
C	org.telegram.tgnet.tl.TL_chatlists$TL_chatlists_chatlistUpdates	org.telegram.tgnet.tl.TL_chatlists$TL_chatlists_chatlistUpdates
C	org.telegram.tgnet.tl.TL_chatlists$TL_chatlists_editExportedInvite	org.telegram.tgnet.tl.TL_chatlists$TL_chatlists_editExportedInvite
C	org.telegram.tgnet.tl.TL_chatlists$TL_chatlists_exportedChatlistInvite	org.telegram.tgnet.tl.TL_chatlists$TL_chatlists_exportedChatlistInvite
C	org.telegram.tgnet.tl.TL_chatlists$TL_chatlists_exportedInvites	org.telegram.tgnet.tl.TL_chatlists$TL_chatlists_exportedInvites
C	org.telegram.tgnet.tl.TL_chatlists$TL_exportedChatlistInvite	org.telegram.tgnet.tl.TL_chatlists$TL_exportedChatlistInvite
C	org.telegram.tgnet.tl.TL_communities$CommunityPeer	org.telegram.tgnet.tl.TL_communities$CommunityPeer
C	org.telegram.tgnet.tl.TL_communities$CommunityPeerRequest	org.telegram.tgnet.tl.TL_communities$CommunityPeerRequest
C	org.telegram.tgnet.tl.TL_communities$ParticipantJoinedChats	org.telegram.tgnet.tl.TL_communities$ParticipantJoinedChats
C	org.telegram.tgnet.tl.TL_communities$PeerLinkRequests	org.telegram.tgnet.tl.TL_communities$PeerLinkRequests
C	org.telegram.tgnet.tl.TL_communities$TL_communities_toggleCommunityCollapsedInDialogs	org.telegram.tgnet.tl.TL_communities$TL_communities_toggleAllPeerLinkRequestApproval
C	org.telegram.tgnet.tl.TL_communities$TL_communities_togglePeerLink	org.telegram.tgnet.tl.TL_communities$TL_communities_togglePeerLink
C	org.telegram.tgnet.tl.TL_ephemeral$EphemeralMessage	org.telegram.tgnet.tl.TL_ephemeral$EphemeralMessage
C	org.telegram.tgnet.tl.TL_ephemeral$TL_editMessage	org.telegram.tgnet.tl.TL_ephemeral$TL_editMessage
C	org.telegram.tgnet.tl.TL_ephemeral$TL_ephemeralMessage	org.telegram.tgnet.tl.TL_ephemeral$TL_ephemeralMessage
C	org.telegram.tgnet.tl.TL_ephemeral$TL_getCallbackAnswer	org.telegram.tgnet.TLRPC$TL_messages_setTyping
C	org.telegram.tgnet.tl.TL_ephemeral$TL_sendMessage	org.telegram.tgnet.tl.TL_ephemeral$TL_sendMessage
C	org.telegram.tgnet.tl.TL_ephemeral$TL_welcomeMessages	org.telegram.tgnet.tl.TL_ephemeral$TL_welcomeMessages
C	org.telegram.tgnet.tl.TL_ephemeral$TL_welcomeMessagesNotModified	org.telegram.tgnet.tl.TL_ephemeral$TL_welcomeMessagesNotModified
C	org.telegram.tgnet.tl.TL_ephemeral$WelcomeMessages	org.telegram.tgnet.tl.TL_ephemeral$WelcomeMessages
C	org.telegram.tgnet.tl.TL_forum$TL_messages_createForumTopic	org.telegram.tgnet.tl.TL_forum$TL_messages_createForumTopic
C	org.telegram.tgnet.tl.TL_forum$TL_messages_editForumTopic	org.telegram.tgnet.tl.TL_forum$TL_messages_editForumTopic
C	org.telegram.tgnet.tl.TL_forum$TL_messages_getForumTopics	org.telegram.tgnet.tl.TL_forum$TL_messages_getForumTopics
C	org.telegram.tgnet.tl.TL_fragment$TL_collectibleInfo	org.telegram.tgnet.tl.TL_fragment$TL_collectibleInfo
C	org.telegram.tgnet.tl.TL_iv$PageBlock	org.telegram.tgnet.tl.TL_iv$PageBlock
C	org.telegram.tgnet.tl.TL_iv$PageCaption	org.telegram.tgnet.tl.TL_iv$PageCaption
C	org.telegram.tgnet.tl.TL_iv$PageListItem	org.telegram.tgnet.tl.TL_iv$PageListItem
C	org.telegram.tgnet.tl.TL_iv$PageListOrderedItem	org.telegram.tgnet.tl.TL_iv$PageListOrderedItem
C	org.telegram.tgnet.tl.TL_iv$RichMessage	org.telegram.tgnet.tl.TL_iv$RichMessage
C	org.telegram.tgnet.tl.TL_iv$RichText	org.telegram.tgnet.tl.TL_iv$RichText
C	org.telegram.tgnet.tl.TL_iv$TL_inputRichMessage	org.telegram.tgnet.tl.TL_iv$TL_inputRichMessage
C	org.telegram.tgnet.tl.TL_iv$TL_page	org.telegram.tgnet.tl.TL_iv$TL_page
C	org.telegram.tgnet.tl.TL_iv$TL_pageListItemBlocks	org.telegram.tgnet.tl.TL_iv$TL_pageListItemBlocks
C	org.telegram.tgnet.tl.TL_iv$TL_pageListItemText	org.telegram.tgnet.tl.TL_iv$TL_pageListItemText
C	org.telegram.tgnet.tl.TL_iv$TL_pageListItemText_layer226	org.telegram.tgnet.tl.TL_iv$TL_pageListItemText_layer226
C	org.telegram.tgnet.tl.TL_iv$TL_pageListOrderedItemBlocks	org.telegram.tgnet.tl.TL_iv$TL_pageListOrderedItemBlocks
C	org.telegram.tgnet.tl.TL_iv$TL_pageListOrderedItemBlocks_layer226	org.telegram.tgnet.tl.TL_iv$TL_pageListOrderedItemBlocks_layer226
C	org.telegram.tgnet.tl.TL_iv$TL_pageListOrderedItemText	org.telegram.tgnet.tl.TL_iv$TL_pageListOrderedItemText
C	org.telegram.tgnet.tl.TL_iv$TL_pageListOrderedItemText_layer226	org.telegram.tgnet.tl.TL_iv$TL_pageListOrderedItemText_layer226
C	org.telegram.tgnet.tl.TL_iv$TL_pagePart_layer67	org.telegram.tgnet.tl.TL_iv$TL_pagePart_layer67
C	org.telegram.tgnet.tl.TL_iv$inputPageBlockMap	org.telegram.tgnet.tl.TL_iv$inputPageBlockMap
C	org.telegram.tgnet.tl.TL_iv$pageBlockAnchor	org.telegram.tgnet.tl.TL_iv$pageBlockAnchor
C	org.telegram.tgnet.tl.TL_iv$pageBlockAudio	org.telegram.tgnet.tl.TL_iv$pageBlockAudio
C	org.telegram.tgnet.tl.TL_iv$pageBlockAudio_layer82	org.telegram.tgnet.tl.TL_iv$pageBlockAudio_layer82
C	org.telegram.tgnet.tl.TL_iv$pageBlockAuthorDate	org.telegram.tgnet.tl.TL_iv$pageBlockAuthorDate
C	org.telegram.tgnet.tl.TL_iv$pageBlockAuthorDate_layer60	org.telegram.tgnet.tl.TL_iv$pageBlockAuthorDate_layer60
C	org.telegram.tgnet.tl.TL_iv$pageBlockBlockquote	org.telegram.tgnet.tl.TL_iv$pageBlockBlockquote
C	org.telegram.tgnet.tl.TL_iv$pageBlockBlockquoteBlocks	org.telegram.tgnet.tl.TL_iv$pageBlockBlockquoteBlocks
C	org.telegram.tgnet.tl.TL_iv$pageBlockBlockquote_layer228	org.telegram.tgnet.tl.TL_iv$pageBlockBlockquote_layer228
C	org.telegram.tgnet.tl.TL_iv$pageBlockButtonRow	org.telegram.tgnet.tl.TL_iv$pageBlockButtonRow
C	org.telegram.tgnet.tl.TL_iv$pageBlockChannel	org.telegram.tgnet.tl.TL_iv$pageBlockChannel
C	org.telegram.tgnet.tl.TL_iv$pageBlockCollage	org.telegram.tgnet.tl.TL_iv$pageBlockCollage
C	org.telegram.tgnet.tl.TL_iv$pageBlockCollage_layer82	org.telegram.tgnet.tl.TL_iv$pageBlockCollage_layer82
C	org.telegram.tgnet.tl.TL_iv$pageBlockCover	org.telegram.tgnet.tl.TL_iv$pageBlockCover
C	org.telegram.tgnet.tl.TL_iv$pageBlockDetails	org.telegram.tgnet.tl.TL_iv$pageBlockDetails
C	org.telegram.tgnet.tl.TL_iv$pageBlockDivider	org.telegram.tgnet.tl.TL_iv$pageBlockDivider
C	org.telegram.tgnet.tl.TL_iv$pageBlockDocument	org.telegram.tgnet.tl.TL_iv$pageBlockDocument
C	org.telegram.tgnet.tl.TL_iv$pageBlockEmbed	org.telegram.tgnet.tl.TL_iv$pageBlockEmbed
C	org.telegram.tgnet.tl.TL_iv$pageBlockEmbedPost	org.telegram.tgnet.tl.TL_iv$pageBlockEmbedPost
C	org.telegram.tgnet.tl.TL_iv$pageBlockEmbedPost_layer82	org.telegram.tgnet.tl.TL_iv$pageBlockEmbedPost_layer82
C	org.telegram.tgnet.tl.TL_iv$pageBlockFooter	org.telegram.tgnet.tl.TL_iv$pageBlockFooter
C	org.telegram.tgnet.tl.TL_iv$pageBlockHeader	org.telegram.tgnet.tl.TL_iv$pageBlockHeader
C	org.telegram.tgnet.tl.TL_iv$pageBlockHeading1	org.telegram.tgnet.tl.TL_iv$pageBlockHeading1
C	org.telegram.tgnet.tl.TL_iv$pageBlockHeading2	org.telegram.tgnet.tl.TL_iv$pageBlockHeading2
C	org.telegram.tgnet.tl.TL_iv$pageBlockHeading3	org.telegram.tgnet.tl.TL_iv$pageBlockHeading3
C	org.telegram.tgnet.tl.TL_iv$pageBlockHeading4	org.telegram.tgnet.tl.TL_iv$pageBlockHeading4
C	org.telegram.tgnet.tl.TL_iv$pageBlockHeading5	org.telegram.tgnet.tl.TL_iv$pageBlockHeading5
C	org.telegram.tgnet.tl.TL_iv$pageBlockHeading6	org.telegram.tgnet.tl.TL_iv$pageBlockHeading6
C	org.telegram.tgnet.tl.TL_iv$pageBlockKicker	org.telegram.tgnet.tl.TL_iv$pageBlockKicker
C	org.telegram.tgnet.tl.TL_iv$pageBlockList	org.telegram.tgnet.tl.TL_iv$pageBlockList
C	org.telegram.tgnet.tl.TL_iv$pageBlockList_layer82	org.telegram.tgnet.tl.TL_iv$pageBlockList_layer82
C	org.telegram.tgnet.tl.TL_iv$pageBlockMap	org.telegram.tgnet.tl.TL_iv$pageBlockMap
C	org.telegram.tgnet.tl.TL_iv$pageBlockMath	org.telegram.tgnet.tl.TL_iv$pageBlockMath
C	org.telegram.tgnet.tl.TL_iv$pageBlockOrderedList	org.telegram.tgnet.tl.TL_iv$pageBlockOrderedList
C	org.telegram.tgnet.tl.TL_iv$pageBlockParagraph	org.telegram.tgnet.tl.TL_iv$pageBlockParagraph
C	org.telegram.tgnet.tl.TL_iv$pageBlockPhoto	org.telegram.tgnet.tl.TL_iv$pageBlockPhoto
C	org.telegram.tgnet.tl.TL_iv$pageBlockPhoto_layer82	org.telegram.tgnet.tl.TL_iv$pageBlockPhoto_layer82
C	org.telegram.tgnet.tl.TL_iv$pageBlockPreformatted	org.telegram.tgnet.tl.TL_iv$pageBlockPreformatted
C	org.telegram.tgnet.tl.TL_iv$pageBlockPullquote	org.telegram.tgnet.tl.TL_iv$pageBlockPullquote
C	org.telegram.tgnet.tl.TL_iv$pageBlockRelatedArticles	org.telegram.tgnet.tl.TL_iv$pageBlockRelatedArticles
C	org.telegram.tgnet.tl.TL_iv$pageBlockSlideshow	org.telegram.tgnet.tl.TL_iv$pageBlockSlideshow
C	org.telegram.tgnet.tl.TL_iv$pageBlockSlideshow_layer82	org.telegram.tgnet.tl.TL_iv$pageBlockSlideshow_layer82
C	org.telegram.tgnet.tl.TL_iv$pageBlockSubheader	org.telegram.tgnet.tl.TL_iv$pageBlockSubheader
C	org.telegram.tgnet.tl.TL_iv$pageBlockSubtitle	org.telegram.tgnet.tl.TL_iv$pageBlockSubtitle
C	org.telegram.tgnet.tl.TL_iv$pageBlockTable	org.telegram.tgnet.tl.TL_iv$pageBlockTable
C	org.telegram.tgnet.tl.TL_iv$pageBlockThinking	org.telegram.tgnet.tl.TL_iv$pageBlockThinking
C	org.telegram.tgnet.tl.TL_iv$pageBlockTitle	org.telegram.tgnet.tl.TL_iv$pageBlockTitle
C	org.telegram.tgnet.tl.TL_iv$pageBlockUnsupported	org.telegram.tgnet.tl.TL_iv$pageBlockUnsupported
C	org.telegram.tgnet.tl.TL_iv$pageBlockVideo	org.telegram.tgnet.tl.TL_iv$pageBlockVideo
C	org.telegram.tgnet.tl.TL_iv$pageBlockVideo_layer82	org.telegram.tgnet.tl.TL_iv$pageBlockVideo_layer82
C	org.telegram.tgnet.tl.TL_iv$pageRelatedArticle	org.telegram.tgnet.tl.TL_iv$pageRelatedArticle
C	org.telegram.tgnet.tl.TL_iv$pageTableCell	org.telegram.tgnet.tl.TL_iv$pageTableCell
C	org.telegram.tgnet.tl.TL_iv$pageTableRow	org.telegram.tgnet.tl.TL_iv$pageTableRow
C	org.telegram.tgnet.tl.TL_iv$textAnchor	org.telegram.tgnet.tl.TL_iv$textAnchor
C	org.telegram.tgnet.tl.TL_iv$textAutoEmail	org.telegram.tgnet.tl.TL_iv$textAutoEmail
C	org.telegram.tgnet.tl.TL_iv$textAutoPhone	org.telegram.tgnet.tl.TL_iv$textAutoPhone
C	org.telegram.tgnet.tl.TL_iv$textAutoUrl	org.telegram.tgnet.tl.TL_iv$textAutoUrl
C	org.telegram.tgnet.tl.TL_iv$textBankCard	org.telegram.tgnet.tl.TL_iv$textBankCard
C	org.telegram.tgnet.tl.TL_iv$textBold	org.telegram.tgnet.tl.TL_iv$textBold
C	org.telegram.tgnet.tl.TL_iv$textBotCommand	org.telegram.tgnet.tl.TL_iv$textBotCommand
C	org.telegram.tgnet.tl.TL_iv$textButton	org.telegram.tgnet.tl.TL_iv$textButton
C	org.telegram.tgnet.tl.TL_iv$textCashtag	org.telegram.tgnet.tl.TL_iv$textCashtag
C	org.telegram.tgnet.tl.TL_iv$textConcat	org.telegram.tgnet.tl.TL_iv$textConcat
C	org.telegram.tgnet.tl.TL_iv$textCustomEmoji	org.telegram.tgnet.tl.TL_iv$textCustomEmoji
C	org.telegram.tgnet.tl.TL_iv$textDate	org.telegram.tgnet.tl.TL_iv$textDate
C	org.telegram.tgnet.tl.TL_iv$textDiff	org.telegram.tgnet.tl.TL_iv$textDiff
C	org.telegram.tgnet.tl.TL_iv$textEmail	org.telegram.tgnet.tl.TL_iv$textEmail
C	org.telegram.tgnet.tl.TL_iv$textEmpty	org.telegram.tgnet.tl.TL_iv$textEmpty
C	org.telegram.tgnet.tl.TL_iv$textFixed	org.telegram.tgnet.tl.TL_iv$textFixed
C	org.telegram.tgnet.tl.TL_iv$textHashtag	org.telegram.tgnet.tl.TL_iv$textHashtag
C	org.telegram.tgnet.tl.TL_iv$textImage	org.telegram.tgnet.tl.TL_iv$textImage
C	org.telegram.tgnet.tl.TL_iv$textItalic	org.telegram.tgnet.tl.TL_iv$textItalic
C	org.telegram.tgnet.tl.TL_iv$textMarked	org.telegram.tgnet.tl.TL_iv$textMarked
C	org.telegram.tgnet.tl.TL_iv$textMath	org.telegram.tgnet.tl.TL_iv$textMath
C	org.telegram.tgnet.tl.TL_iv$textMention	org.telegram.tgnet.tl.TL_iv$textMention
C	org.telegram.tgnet.tl.TL_iv$textMentionName	org.telegram.tgnet.tl.TL_iv$textMentionName
C	org.telegram.tgnet.tl.TL_iv$textPhone	org.telegram.tgnet.tl.TL_iv$textPhone
C	org.telegram.tgnet.tl.TL_iv$textPlain	org.telegram.tgnet.tl.TL_iv$textPlain
C	org.telegram.tgnet.tl.TL_iv$textStrike	org.telegram.tgnet.tl.TL_iv$textStrike
C	org.telegram.tgnet.tl.TL_iv$textSubscript	org.telegram.tgnet.tl.TL_iv$textSubscript
C	org.telegram.tgnet.tl.TL_iv$textUnderline	org.telegram.tgnet.tl.TL_iv$textUnderline
C	org.telegram.tgnet.tl.TL_iv$textUrl	org.telegram.tgnet.tl.TL_iv$textUrl
C	org.telegram.tgnet.tl.TL_keyboard$ButtonType	org.telegram.tgnet.tl.TL_keyboard$ButtonType
C	org.telegram.tgnet.tl.TL_keyboard$ButtonTypeProto	org.telegram.tgnet.tl.TL_keyboard$ButtonTypeProto
C	org.telegram.tgnet.tl.TL_keyboard$InlineButtonType	org.telegram.tgnet.tl.TL_keyboard$InlineButtonType
C	org.telegram.tgnet.tl.TL_keyboard$KeyboardButtonProto$-CC	z0.c
C	org.telegram.tgnet.tl.TL_keyboard$KeyboardButtonProto	org.telegram.tgnet.tl.TL_keyboard$KeyboardButtonProto
C	org.telegram.tgnet.tl.TL_keyboard$KeyboardButtonStyle	org.telegram.tgnet.tl.TL_keyboard$KeyboardButtonStyle
C	org.telegram.tgnet.tl.TL_keyboard$KeyboardInlineButton	org.telegram.tgnet.tl.TL_keyboard$KeyboardInlineButton
C	org.telegram.tgnet.tl.TL_keyboard$PageButton	org.telegram.tgnet.tl.TL_keyboard$PageButton
C	org.telegram.tgnet.tl.TL_keyboard$RichButtonStyle	org.telegram.tgnet.tl.TL_keyboard$RichButtonStyle
C	org.telegram.tgnet.tl.TL_keyboard$TL_buttonTypeDefault	org.telegram.tgnet.tl.TL_keyboard$TL_buttonTypeDefault
C	org.telegram.tgnet.tl.TL_keyboard$TL_buttonTypeRequestGeoLocation	org.telegram.tgnet.tl.TL_keyboard$TL_buttonTypeRequestGeoLocation
C	org.telegram.tgnet.tl.TL_keyboard$TL_buttonTypeRequestPeer	org.telegram.tgnet.tl.TL_keyboard$TL_buttonTypeRequestPeer
C	org.telegram.tgnet.tl.TL_keyboard$TL_buttonTypeRequestPhone	org.telegram.tgnet.tl.TL_keyboard$TL_buttonTypeRequestPhone
C	org.telegram.tgnet.tl.TL_keyboard$TL_buttonTypeRequestPoll	org.telegram.tgnet.tl.TL_keyboard$TL_buttonTypeRequestPoll
C	org.telegram.tgnet.tl.TL_keyboard$TL_buttonTypeSimpleWebView	org.telegram.tgnet.tl.TL_keyboard$TL_buttonTypeSimpleWebView
C	org.telegram.tgnet.tl.TL_keyboard$TL_inlineButtonTypeBuy	org.telegram.tgnet.tl.TL_keyboard$TL_inlineButtonTypeBuy
C	org.telegram.tgnet.tl.TL_keyboard$TL_inlineButtonTypeCallback	org.telegram.tgnet.tl.TL_keyboard$TL_inlineButtonTypeCallback
C	org.telegram.tgnet.tl.TL_keyboard$TL_inlineButtonTypeCopy	org.telegram.tgnet.tl.TL_keyboard$TL_inlineButtonTypeCopy
C	org.telegram.tgnet.tl.TL_keyboard$TL_inlineButtonTypeDisabled	org.telegram.tgnet.tl.TL_keyboard$TL_inlineButtonTypeDisabled
C	org.telegram.tgnet.tl.TL_keyboard$TL_inlineButtonTypeGame	org.telegram.tgnet.tl.TL_keyboard$TL_inlineButtonTypeGame
C	org.telegram.tgnet.tl.TL_keyboard$TL_inlineButtonTypeSwitchInline	org.telegram.tgnet.tl.TL_keyboard$TL_inlineButtonTypeSwitchInline
C	org.telegram.tgnet.tl.TL_keyboard$TL_inlineButtonTypeUrl	org.telegram.tgnet.tl.TL_keyboard$TL_inlineButtonTypeUrl
C	org.telegram.tgnet.tl.TL_keyboard$TL_inlineButtonTypeUrlAuth	org.telegram.tgnet.tl.TL_keyboard$TL_inlineButtonTypeUrlAuth
C	org.telegram.tgnet.tl.TL_keyboard$TL_inlineButtonTypeUserProfile	org.telegram.tgnet.tl.TL_keyboard$TL_inlineButtonTypeUserProfile
C	org.telegram.tgnet.tl.TL_keyboard$TL_inlineButtonTypeWebView	org.telegram.tgnet.tl.TL_keyboard$TL_inlineButtonTypeWebView
C	org.telegram.tgnet.tl.TL_keyboard$TL_inputButtonTypeRequestPeer	org.telegram.tgnet.tl.TL_keyboard$TL_inputButtonTypeRequestPeer
C	org.telegram.tgnet.tl.TL_keyboard$TL_inputInlineButtonTypeUrlAuth	org.telegram.tgnet.tl.TL_keyboard$TL_inputInlineButtonTypeUrlAuth
C	org.telegram.tgnet.tl.TL_keyboard$TL_inputInlineButtonTypeUserProfile	org.telegram.tgnet.tl.TL_keyboard$TL_inputInlineButtonTypeUserProfile
C	org.telegram.tgnet.tl.TL_keyboard$TL_keyboardButton	org.telegram.tgnet.tl.TL_keyboard$TL_keyboardButton
C	org.telegram.tgnet.tl.TL_keyboard$TL_keyboardButtonBuy_layer223	org.telegram.tgnet.tl.TL_keyboard$TL_keyboardButtonBuy_layer223
C	org.telegram.tgnet.tl.TL_keyboard$TL_keyboardButtonGame_layer223	org.telegram.tgnet.tl.TL_keyboard$TL_keyboardButtonGame_layer223
C	org.telegram.tgnet.tl.TL_keyboard$TL_keyboardButtonRequestGeoLocation_layer223	org.telegram.tgnet.tl.TL_keyboard$TL_keyboardButtonRequestGeoLocation_layer223
C	org.telegram.tgnet.tl.TL_keyboard$TL_keyboardButtonRequestPhone_layer223	org.telegram.tgnet.tl.TL_keyboard$TL_keyboardButtonRequestPhone_layer223
C	org.telegram.tgnet.tl.TL_keyboard$TL_keyboardInlineButton	org.telegram.tgnet.tl.TL_keyboard$TL_keyboardInlineButton
C	org.telegram.tgnet.tl.TL_keyboard$TL_keyboardInlineButtonRow	org.telegram.tgnet.tl.TL_keyboard$TL_keyboardInlineButtonRow
C	org.telegram.tgnet.tl.TL_payments$StarGiftActiveAuctions	org.telegram.tgnet.tl.TL_payments$StarGiftActiveAuctions
C	org.telegram.tgnet.tl.TL_payments$TL_StarGiftAuctionAcquiredGifts	org.telegram.tgnet.tl.TL_payments$TL_StarGiftAuctionAcquiredGifts
C	org.telegram.tgnet.tl.TL_payments$TL_StarGiftAuctionState	org.telegram.tgnet.tl.TL_payments$TL_StarGiftAuctionState
C	org.telegram.tgnet.tl.TL_payments$TL_getStarGiftAuctionState	org.telegram.tgnet.tl.TL_aicompose$getToneExample
C	org.telegram.tgnet.tl.TL_payments$TL_resolveStarGiftOffer	org.telegram.tgnet.tl.TL_payments$TL_resolveStarGiftOffer
C	org.telegram.tgnet.tl.TL_payments$TL_sendStarGiftOffer	org.telegram.tgnet.tl.TL_payments$TL_sendStarGiftOffer
C	org.telegram.tgnet.tl.TL_payments$TL_starGiftActiveAuctions	org.telegram.tgnet.tl.TL_payments$TL_starGiftActiveAuctions
C	org.telegram.tgnet.tl.TL_payments$TL_starGiftActiveAuctionsNotModified	org.telegram.tgnet.tl.TL_payments$TL_starGiftActiveAuctionsNotModified
C	org.telegram.tgnet.tl.TL_payments$connectedBotStarRef	org.telegram.tgnet.tl.TL_payments$connectedBotStarRef
C	org.telegram.tgnet.tl.TL_payments$connectedStarRefBots	org.telegram.tgnet.tl.TL_payments$connectedStarRefBots
C	org.telegram.tgnet.tl.TL_payments$getConnectedStarRefBots	org.telegram.tgnet.tl.TL_payments$getConnectedStarRefBots
C	org.telegram.tgnet.tl.TL_payments$getSuggestedStarRefBots	org.telegram.tgnet.TLRPC$TL_messages_sendReaction
C	org.telegram.tgnet.tl.TL_payments$starRefProgram	org.telegram.tgnet.tl.TL_payments$starRefProgram
C	org.telegram.tgnet.tl.TL_payments$suggestedStarRefBots	org.telegram.tgnet.tl.TL_payments$suggestedStarRefBots
C	org.telegram.tgnet.tl.TL_phone$PhoneCall	org.telegram.tgnet.tl.TL_phone$PhoneCall
C	org.telegram.tgnet.tl.TL_phone$TL_groupCallStreamChannel	org.telegram.tgnet.tl.TL_phone$TL_groupCallStreamChannel
C	org.telegram.tgnet.tl.TL_phone$TL_phoneCall	org.telegram.tgnet.tl.TL_phone$TL_phoneCall
C	org.telegram.tgnet.tl.TL_phone$TL_phoneCallAccepted	org.telegram.tgnet.tl.TL_phone$TL_phoneCallAccepted
C	org.telegram.tgnet.tl.TL_phone$TL_phoneCallDiscarded	org.telegram.tgnet.tl.TL_phone$TL_phoneCallDiscarded
C	org.telegram.tgnet.tl.TL_phone$TL_phoneCallProtocol_layer110	org.telegram.tgnet.tl.TL_phone$TL_phoneCallProtocol_layer110
C	org.telegram.tgnet.tl.TL_phone$TL_phoneCall_layer176	org.telegram.tgnet.tl.TL_phone$TL_phoneCall_layer176
C	org.telegram.tgnet.tl.TL_phone$TL_phone_phoneCall	org.telegram.tgnet.tl.TL_phone$TL_phone_phoneCall
C	org.telegram.tgnet.tl.TL_phone$checkGroupCall	org.telegram.tgnet.tl.TL_phone$checkGroupCall
C	org.telegram.tgnet.tl.TL_phone$confirmCall	org.telegram.tgnet.TLRPC$TL_messages_sendWebViewData
C	org.telegram.tgnet.tl.TL_phone$createConferenceCall	org.telegram.tgnet.tl.TL_phone$createConferenceCall
C	org.telegram.tgnet.tl.TL_phone$deleteConferenceCallParticipants	org.telegram.tgnet.tl.TL_phone$deleteConferenceCallParticipants
C	org.telegram.tgnet.tl.TL_phone$deleteGroupCallParticipantMessages	org.telegram.tgnet.tl.TL_communities$TL_communities_create
C	org.telegram.tgnet.tl.TL_phone$discardCall	org.telegram.tgnet.tl.TL_phone$discardCall
C	org.telegram.tgnet.tl.TL_phone$exportGroupCallInvite	org.telegram.tgnet.tl.TL_phone$exportGroupCallInvite
C	org.telegram.tgnet.tl.TL_phone$exportedGroupCallInvite	org.telegram.tgnet.tl.TL_phone$exportedGroupCallInvite
C	org.telegram.tgnet.tl.TL_phone$getGroupCallChainBlocks	org.telegram.tgnet.tl.TL_phone$getGroupCallChainBlocks
C	org.telegram.tgnet.tl.TL_phone$getGroupParticipants	org.telegram.tgnet.tl.TL_phone$getGroupParticipants
C	org.telegram.tgnet.tl.TL_phone$groupCall	org.telegram.tgnet.tl.TL_phone$groupCall
C	org.telegram.tgnet.tl.TL_phone$groupCallDonor	org.telegram.tgnet.tl.TL_phone$groupCallDonor
C	org.telegram.tgnet.tl.TL_phone$groupCallStars	org.telegram.tgnet.tl.TL_phone$groupCallStars
C	org.telegram.tgnet.tl.TL_phone$groupCallStreamRtmpUrl	org.telegram.tgnet.tl.TL_phone$groupCallStreamRtmpUrl
C	org.telegram.tgnet.tl.TL_phone$groupParticipants	org.telegram.tgnet.tl.TL_phone$groupParticipants
C	org.telegram.tgnet.tl.TL_phone$inviteToGroupCall	org.telegram.tgnet.tl.TL_phone$inviteToGroupCall
C	org.telegram.tgnet.tl.TL_phone$joinAsPeers	org.telegram.tgnet.tl.TL_phone$joinAsPeers
C	org.telegram.tgnet.tl.TL_phone$joinGroupCall	org.telegram.tgnet.tl.TL_phone$joinGroupCall
C	org.telegram.tgnet.tl.TL_phone$leaveGroupCall	org.telegram.tgnet.tl.TL_phone$getGroupCall
C	org.telegram.tgnet.tl.TL_phone$phoneCallRequested	org.telegram.tgnet.tl.TL_phone$phoneCallRequested
C	org.telegram.tgnet.tl.TL_phone$requestCall	org.telegram.tgnet.tl.TL_phone$requestCall
C	org.telegram.tgnet.tl.TL_phone$saveCallDebug	org.telegram.tgnet.tl.TL_phone$saveCallDebug
C	org.telegram.tgnet.tl.TL_phone$saveDefaultGroupCallJoinAs	org.telegram.tgnet.tl.TL_phone$saveDefaultGroupCallJoinAs
C	org.telegram.tgnet.tl.TL_phone$sendGroupCallMessage	org.telegram.tgnet.tl.TL_phone$sendGroupCallMessage
C	org.telegram.tgnet.tl.TL_phone$toggleGroupCallRecord	org.telegram.tgnet.tl.TL_phone$toggleGroupCallRecord
C	org.telegram.tgnet.tl.TL_phone$toggleGroupCallSettings	org.telegram.tgnet.tl.TL_phone$toggleGroupCallSettings
C	org.telegram.tgnet.tl.TL_stars$CheckCanSendGiftResult	org.telegram.tgnet.tl.TL_stars$CheckCanSendGiftResult
C	org.telegram.tgnet.tl.TL_stars$InputSavedStarGift	org.telegram.tgnet.tl.TL_stars$InputSavedStarGift
C	org.telegram.tgnet.tl.TL_stars$InputStarGiftAuction	org.telegram.tgnet.tl.TL_stars$InputStarGiftAuction
C	org.telegram.tgnet.tl.TL_stars$PaidReactionPrivacy	org.telegram.tgnet.tl.TL_stars$PaidReactionPrivacy
C	org.telegram.tgnet.tl.TL_stars$SavedStarGift	org.telegram.tgnet.tl.TL_stars$SavedStarGift
C	org.telegram.tgnet.tl.TL_stars$StarGift	org.telegram.tgnet.tl.TL_stars$StarGift
C	org.telegram.tgnet.tl.TL_stars$StarGiftAttribute	org.telegram.tgnet.tl.TL_stars$StarGiftAttribute
C	org.telegram.tgnet.tl.TL_stars$StarGiftAttributeId	org.telegram.tgnet.tl.TL_stars$StarGiftAttributeId
C	org.telegram.tgnet.tl.TL_stars$StarGiftAttributeRarity	org.telegram.tgnet.tl.TL_stars$StarGiftAttributeRarity
C	org.telegram.tgnet.tl.TL_stars$StarGiftAuctionState	org.telegram.tgnet.tl.TL_stars$StarGiftAuctionState
C	org.telegram.tgnet.tl.TL_stars$StarGiftCollections	org.telegram.tgnet.tl.TL_stars$StarGiftCollections
C	org.telegram.tgnet.tl.TL_stars$StarGiftUpgradePrice	org.telegram.tgnet.tl.TL_stars$StarGiftUpgradePrice
C	org.telegram.tgnet.tl.TL_stars$StarGifts	org.telegram.tgnet.tl.TL_stars$StarGifts
C	org.telegram.tgnet.tl.TL_stars$StarsAmount	org.telegram.tgnet.tl.TL_stars$StarsAmount
C	org.telegram.tgnet.tl.TL_stars$StarsTransaction	org.telegram.tgnet.tl.TL_stars$StarsTransaction
C	org.telegram.tgnet.tl.TL_stars$StarsTransactionPeer	org.telegram.tgnet.tl.TL_stars$StarsTransactionPeer
C	org.telegram.tgnet.tl.TL_stars$TL_AuctionBidLevel	org.telegram.tgnet.tl.TL_stars$TL_AuctionBidLevel
C	org.telegram.tgnet.tl.TL_stars$TL_StarGiftActiveAuctionState	org.telegram.tgnet.tl.TL_stars$TL_StarGiftActiveAuctionState
C	org.telegram.tgnet.tl.TL_stars$TL_StarGiftAuctionAcquiredGift	org.telegram.tgnet.tl.TL_stars$TL_StarGiftAuctionAcquiredGift
C	org.telegram.tgnet.tl.TL_stars$TL_StarGiftAuctionUserState	org.telegram.tgnet.tl.TL_stars$TL_StarGiftAuctionUserState
C	org.telegram.tgnet.tl.TL_stars$TL_changeStarsSubscription	org.telegram.tgnet.tl.TL_account$TL_inputBusinessChatLink
C	org.telegram.tgnet.tl.TL_stars$TL_inputSavedStarGiftChat	org.telegram.tgnet.tl.TL_stars$TL_inputSavedStarGiftChat
C	org.telegram.tgnet.tl.TL_stars$TL_inputSavedStarGiftSlug	org.telegram.tgnet.tl.TL_stars$TL_inputSavedStarGiftSlug
C	org.telegram.tgnet.tl.TL_stars$TL_inputSavedStarGiftUser	org.telegram.tgnet.tl.TL_stars$TL_inputSavedStarGiftUser
C	org.telegram.tgnet.tl.TL_stars$TL_inputStarGiftAuction	org.telegram.tgnet.tl.TL_stars$TL_inputStarGiftAuction
C	org.telegram.tgnet.tl.TL_stars$TL_inputStarGiftAuctionSlug	org.telegram.tgnet.tl.TL_stars$TL_inputStarGiftAuctionSlug
C	org.telegram.tgnet.tl.TL_stars$TL_payments_savedStarGifts	org.telegram.tgnet.tl.TL_stars$TL_payments_savedStarGifts
C	org.telegram.tgnet.tl.TL_stars$TL_payments_sendStarsForm	org.telegram.tgnet.tl.TL_stars$TL_payments_sendStarsForm
C	org.telegram.tgnet.tl.TL_stars$TL_payments_starsStatus	org.telegram.tgnet.tl.TL_stars$StarsStatus
C	org.telegram.tgnet.tl.TL_stars$TL_payments_starsStatus_layer194	org.telegram.tgnet.tl.TL_stars$TL_payments_starsStatus_layer194
C	org.telegram.tgnet.tl.TL_stars$TL_payments_uniqueStarGift	org.telegram.tgnet.tl.TL_stars$TL_payments_uniqueStarGift
C	org.telegram.tgnet.tl.TL_stars$TL_savedStarGift	org.telegram.tgnet.tl.TL_stars$TL_savedStarGift
C	org.telegram.tgnet.tl.TL_stars$TL_starGift	org.telegram.tgnet.tl.TL_stars$TL_starGift
C	org.telegram.tgnet.tl.TL_stars$TL_starGiftAttributeRarity	org.telegram.tgnet.tl.TL_stars$TL_starGiftAttributeRarity
C	org.telegram.tgnet.tl.TL_stars$TL_starGiftAttributeRarityEpic	org.telegram.tgnet.tl.TL_stars$TL_starGiftAttributeRarityEpic
C	org.telegram.tgnet.tl.TL_stars$TL_starGiftAttributeRarityLegendary	org.telegram.tgnet.tl.TL_stars$TL_starGiftAttributeRarityLegendary
C	org.telegram.tgnet.tl.TL_stars$TL_starGiftAttributeRarityRare	org.telegram.tgnet.tl.TL_stars$TL_starGiftAttributeRarityRare
C	org.telegram.tgnet.tl.TL_stars$TL_starGiftAttributeRarityUncommon	org.telegram.tgnet.tl.TL_stars$TL_starGiftAttributeRarityUncommon
C	org.telegram.tgnet.tl.TL_stars$TL_starGiftAuctionRoundExtendable	org.telegram.tgnet.tl.TL_stars$StarGiftAuctionRound
C	org.telegram.tgnet.tl.TL_stars$TL_starGiftAuctionState	org.telegram.tgnet.tl.TL_stars$TL_starGiftAuctionState
C	org.telegram.tgnet.tl.TL_stars$TL_starGiftAuctionStateFinished	org.telegram.tgnet.tl.TL_stars$TL_starGiftAuctionStateFinished
C	org.telegram.tgnet.tl.TL_stars$TL_starGiftAuctionStateNotModified	org.telegram.tgnet.tl.TL_stars$TL_starGiftAuctionStateNotModified
C	org.telegram.tgnet.tl.TL_stars$TL_starGiftBackground	org.telegram.tgnet.tl.TL_stars$TL_starGiftBackground
C	org.telegram.tgnet.tl.TL_stars$TL_starGiftCollection	org.telegram.tgnet.tl.TL_stars$TL_starGiftCollection
C	org.telegram.tgnet.tl.TL_stars$TL_starGiftCollections	org.telegram.tgnet.tl.TL_stars$TL_starGiftCollections
C	org.telegram.tgnet.tl.TL_stars$TL_starGiftCollectionsNotModified	org.telegram.tgnet.tl.TL_stars$TL_starGiftCollectionsNotModified
C	org.telegram.tgnet.tl.TL_stars$TL_starGiftUnique	org.telegram.tgnet.tl.TL_stars$TL_starGiftUnique
C	org.telegram.tgnet.tl.TL_stars$TL_starGifts	org.telegram.tgnet.tl.TL_stars$TL_starGifts
C	org.telegram.tgnet.tl.TL_stars$TL_starGiftsNotModified	org.telegram.tgnet.tl.TL_stars$TL_starGiftsNotModified
C	org.telegram.tgnet.tl.TL_stars$TL_starsAmount	org.telegram.tgnet.tl.TL_stars$TL_starsAmount
C	org.telegram.tgnet.tl.TL_stars$TL_starsGiftOption	org.telegram.tgnet.tl.TL_stars$TL_starsGiftOption
C	org.telegram.tgnet.tl.TL_stars$TL_starsGiveawayOption	org.telegram.tgnet.tl.TL_stars$TL_starsGiveawayOption
C	org.telegram.tgnet.tl.TL_stars$TL_starsGiveawayWinnersOption	org.telegram.tgnet.tl.TL_stars$TL_starsGiveawayWinnersOption
C	org.telegram.tgnet.tl.TL_stars$TL_starsSubscriptionPricing	org.telegram.tgnet.tl.TL_stars$TL_starsSubscriptionPricing
C	org.telegram.tgnet.tl.TL_stars$TL_starsSubscription_layer193	org.telegram.tgnet.tl.TL_stars$StarsSubscription
C	org.telegram.tgnet.tl.TL_stars$TL_starsSubscription_old	org.telegram.tgnet.tl.TL_stars$TL_starsSubscription_old
C	org.telegram.tgnet.tl.TL_stars$TL_starsTonAmount	org.telegram.tgnet.tl.TL_stars$TL_starsTonAmount
C	org.telegram.tgnet.tl.TL_stars$TL_starsTopupOption	org.telegram.tgnet.tl.TL_stars$TL_starsTopupOption
C	org.telegram.tgnet.tl.TL_stars$TL_starsTransactionPeer	org.telegram.tgnet.tl.TL_stars$TL_starsTransactionPeer
C	org.telegram.tgnet.tl.TL_stars$TL_starsTransactionPeerAPI	org.telegram.tgnet.tl.TL_stars$TL_starsTransactionPeerAPI
C	org.telegram.tgnet.tl.TL_stars$TL_starsTransactionPeerAds	org.telegram.tgnet.tl.TL_stars$TL_starsTransactionPeerAds
C	org.telegram.tgnet.tl.TL_stars$TL_starsTransactionPeerAppStore	org.telegram.tgnet.tl.TL_stars$TL_starsTransactionPeerAppStore
C	org.telegram.tgnet.tl.TL_stars$TL_starsTransactionPeerFragment	org.telegram.tgnet.tl.TL_stars$TL_starsTransactionPeerFragment
C	org.telegram.tgnet.tl.TL_stars$TL_starsTransactionPeerPlayMarket	org.telegram.tgnet.tl.TL_stars$TL_starsTransactionPeerPlayMarket
C	org.telegram.tgnet.tl.TL_stars$TL_starsTransactionPeerPremiumBot	org.telegram.tgnet.tl.TL_stars$TL_starsTransactionPeerPremiumBot
C	org.telegram.tgnet.tl.TL_stars$TL_starsTransactionPeerUnsupported	org.telegram.tgnet.tl.TL_stars$TL_starsTransactionPeerUnsupported
C	org.telegram.tgnet.tl.TL_stars$Tl_starsRating	org.telegram.tgnet.tl.TL_stars$Tl_starsRating
C	org.telegram.tgnet.tl.TL_stars$UniqueStarGiftValueInfo	org.telegram.tgnet.tl.TL_stars$UniqueStarGiftValueInfo
C	org.telegram.tgnet.tl.TL_stars$checkCanSendGiftResultFail	org.telegram.tgnet.tl.TL_stars$checkCanSendGiftResultFail
C	org.telegram.tgnet.tl.TL_stars$checkCanSendGiftResultOk	org.telegram.tgnet.tl.TL_stars$checkCanSendGiftResultOk
C	org.telegram.tgnet.tl.TL_stars$getResaleStarGifts	org.telegram.tgnet.tl.TL_stars$getResaleStarGifts
C	org.telegram.tgnet.tl.TL_stars$getSavedStarGifts	org.telegram.tgnet.tl.TL_stars$getSavedStarGifts
C	org.telegram.tgnet.tl.TL_stars$getStarGifts	org.telegram.tgnet.tl.TL_chatlists$TL_inputChatlistDialogFilter
C	org.telegram.tgnet.tl.TL_stars$paidReactionPrivacyAnonymous	org.telegram.tgnet.tl.TL_stars$paidReactionPrivacyAnonymous
C	org.telegram.tgnet.tl.TL_stars$paidReactionPrivacyDefault	org.telegram.tgnet.tl.TL_stars$paidReactionPrivacyDefault
C	org.telegram.tgnet.tl.TL_stars$paidReactionPrivacyPeer	org.telegram.tgnet.tl.TL_stars$paidReactionPrivacyPeer
C	org.telegram.tgnet.tl.TL_stars$resaleStarGifts	org.telegram.tgnet.tl.TL_stars$resaleStarGifts
C	org.telegram.tgnet.tl.TL_stars$starGiftAttributeBackdrop	org.telegram.tgnet.tl.TL_stars$starGiftAttributeBackdrop
C	org.telegram.tgnet.tl.TL_stars$starGiftAttributeIdBackdrop	org.telegram.tgnet.tl.TL_stars$starGiftAttributeIdBackdrop
C	org.telegram.tgnet.tl.TL_stars$starGiftAttributeModel	org.telegram.tgnet.tl.TL_stars$starGiftAttributeModel
C	org.telegram.tgnet.tl.TL_stars$starGiftAttributeModel_layer221	org.telegram.tgnet.tl.TL_stars$starGiftAttributeModel_layer221
C	org.telegram.tgnet.tl.TL_stars$starGiftAttributeOriginalDetails	org.telegram.tgnet.tl.TL_stars$starGiftAttributeOriginalDetails
C	org.telegram.tgnet.tl.TL_stars$starGiftAttributeOriginalDetails_layer197	org.telegram.tgnet.tl.TL_stars$starGiftAttributeOriginalDetails_layer197
C	org.telegram.tgnet.tl.TL_stars$starGiftAttributePattern	org.telegram.tgnet.tl.TL_stars$starGiftAttributePattern
C	org.telegram.tgnet.tl.TL_stars$starGiftAttributePattern_layer221	org.telegram.tgnet.tl.TL_stars$starGiftAttributePattern_layer221
C	org.telegram.tgnet.tl.TL_stars$starGiftUpgradeAttributes	org.telegram.tgnet.tl.TL_stars$starGiftUpgradeAttributes
C	org.telegram.tgnet.tl.TL_stars$starGiftUpgradePreview	org.telegram.tgnet.tl.TL_stars$starGiftUpgradePreview
C	org.telegram.tgnet.tl.TL_stars$starGiftWithdrawalUrl	org.telegram.tgnet.tl.TL_stars$starGiftWithdrawalUrl
C	org.telegram.tgnet.tl.TL_stars$toggleChatStarGiftNotifications	org.telegram.tgnet.tl.TL_stars$toggleChatStarGiftNotifications
C	org.telegram.tgnet.tl.TL_stars$updateStarGiftCollection	org.telegram.tgnet.tl.TL_stars$updateStarGiftCollection
C	org.telegram.tgnet.tl.TL_stars$updateStarGiftPrice	org.telegram.tgnet.tl.TL_account$getWebPagePreview
C	org.telegram.tgnet.tl.TL_stars$upgradeStarGift	org.telegram.tgnet.tl.TL_stars$saveStarGift
C	org.telegram.tgnet.tl.TL_stats$PostInteractionCounters	org.telegram.tgnet.tl.TL_stats$PostInteractionCounters
C	org.telegram.tgnet.tl.TL_stats$PublicForward	org.telegram.tgnet.tl.TL_stats$PublicForward
C	org.telegram.tgnet.tl.TL_stats$StatsGraph	org.telegram.tgnet.tl.TL_stats$StatsGraph
C	org.telegram.tgnet.tl.TL_stats$TL_getMegagroupStats	org.telegram.tgnet.TLRPC$TL_channels_reportAntiSpamFalsePositive
C	org.telegram.tgnet.tl.TL_stats$TL_loadAsyncGraph	org.telegram.tgnet.TLRPC$TL_messages_getCommonChats
C	org.telegram.tgnet.tl.TL_stats$TL_megagroupStats	org.telegram.tgnet.tl.TL_stats$TL_megagroupStats
C	org.telegram.tgnet.tl.TL_stats$TL_messageStats	org.telegram.tgnet.tl.TL_stats$TL_messageStats
C	org.telegram.tgnet.tl.TL_stats$TL_postInteractionCountersMessage	org.telegram.tgnet.tl.TL_stats$TL_postInteractionCountersMessage
C	org.telegram.tgnet.tl.TL_stats$TL_postInteractionCountersStory	org.telegram.tgnet.tl.TL_stats$TL_postInteractionCountersStory
C	org.telegram.tgnet.tl.TL_stats$TL_publicForwardMessage	org.telegram.tgnet.tl.TL_stats$TL_publicForwardMessage
C	org.telegram.tgnet.tl.TL_stats$TL_publicForwards	org.telegram.tgnet.tl.TL_stats$TL_publicForwards
C	org.telegram.tgnet.tl.TL_stats$TL_statsAbsValueAndPrev	org.telegram.tgnet.tl.TL_stats$TL_statsAbsValueAndPrev
C	org.telegram.tgnet.tl.TL_stats$TL_statsDateRangeDays	org.telegram.tgnet.tl.TL_stats$TL_statsDateRangeDays
C	org.telegram.tgnet.tl.TL_stats$TL_statsGraph	org.telegram.tgnet.tl.TL_stats$TL_statsGraph
C	org.telegram.tgnet.tl.TL_stats$TL_statsGraphError	org.telegram.tgnet.tl.TL_stats$TL_statsGraphError
C	org.telegram.tgnet.tl.TL_stats$TL_statsGroupTopAdmin	org.telegram.tgnet.tl.TL_stats$TL_statsGroupTopAdmin
C	org.telegram.tgnet.tl.TL_stats$TL_statsGroupTopInviter	org.telegram.tgnet.tl.TL_stats$TL_statsGroupTopInviter
C	org.telegram.tgnet.tl.TL_stats$TL_statsGroupTopPoster	org.telegram.tgnet.tl.TL_stats$TL_statsGroupTopPoster
C	org.telegram.tgnet.tl.TL_stats$TL_statsPercentValue	org.telegram.tgnet.tl.TL_stats$TL_statsPercentValue
C	org.telegram.tgnet.tl.TL_stories$Albums	org.telegram.tgnet.tl.TL_stories$Albums
C	org.telegram.tgnet.tl.TL_stories$Boost	org.telegram.tgnet.tl.TL_stories$Boost
C	org.telegram.tgnet.tl.TL_stories$MediaArea	org.telegram.tgnet.tl.TL_stories$MediaArea
C	org.telegram.tgnet.tl.TL_stories$PeerStories	org.telegram.tgnet.tl.TL_stories$PeerStories
C	org.telegram.tgnet.tl.TL_stories$PrepaidGiveaway	org.telegram.tgnet.tl.TL_stories$PrepaidGiveaway
C	org.telegram.tgnet.tl.TL_stories$StoryItem	org.telegram.tgnet.tl.TL_stories$StoryItem
C	org.telegram.tgnet.tl.TL_stories$StoryReaction	org.telegram.tgnet.tl.TL_stories$StoryReaction
C	org.telegram.tgnet.tl.TL_stories$StoryView	org.telegram.tgnet.tl.TL_stories$StoryView
C	org.telegram.tgnet.tl.TL_stories$TL_albums	org.telegram.tgnet.tl.TL_stories$TL_albums
C	org.telegram.tgnet.tl.TL_stories$TL_albumsNotModified	org.telegram.tgnet.tl.TL_stories$TL_albumsNotModified
C	org.telegram.tgnet.tl.TL_stories$TL_boost_layer186	org.telegram.tgnet.tl.TL_stories$TL_boost_layer186
C	org.telegram.tgnet.tl.TL_stories$TL_createAlbum	org.telegram.tgnet.TLRPC$TL_messages_editChatParticipantRank
C	org.telegram.tgnet.tl.TL_stories$TL_exportedStoryLink	org.telegram.tgnet.tl.TL_stories$TL_exportedStoryLink
C	org.telegram.tgnet.tl.TL_stories$TL_foundStories	org.telegram.tgnet.tl.TL_stories$TL_foundStories
C	org.telegram.tgnet.tl.TL_stories$TL_foundStory	org.telegram.tgnet.tl.TL_stories$TL_foundStory
C	org.telegram.tgnet.tl.TL_stories$TL_geoPointAddress	org.telegram.tgnet.tl.TL_stories$TL_geoPointAddress
C	org.telegram.tgnet.tl.TL_stories$TL_inputMediaAreaChannelPost	org.telegram.tgnet.tl.TL_stories$TL_inputMediaAreaChannelPost
C	org.telegram.tgnet.tl.TL_stories$TL_inputMediaAreaVenue	org.telegram.tgnet.tl.TL_stories$TL_inputMediaAreaVenue
C	org.telegram.tgnet.tl.TL_stories$TL_mediaAreaChannelPost	org.telegram.tgnet.tl.TL_stories$TL_mediaAreaChannelPost
C	org.telegram.tgnet.tl.TL_stories$TL_mediaAreaCoordinates_layer181	org.telegram.tgnet.tl.TL_stories$MediaAreaCoordinates
C	org.telegram.tgnet.tl.TL_stories$TL_mediaAreaStarGift	org.telegram.tgnet.tl.TL_stories$TL_mediaAreaStarGift
C	org.telegram.tgnet.tl.TL_stories$TL_mediaAreaSuggestedReaction	org.telegram.tgnet.tl.TL_stories$TL_mediaAreaSuggestedReaction
C	org.telegram.tgnet.tl.TL_stories$TL_mediaAreaUrl	org.telegram.tgnet.tl.TL_stories$TL_mediaAreaUrl
C	org.telegram.tgnet.tl.TL_stories$TL_mediaAreaVenue	org.telegram.tgnet.tl.TL_stories$TL_mediaAreaVenue
C	org.telegram.tgnet.tl.TL_stories$TL_mediaAreaWeather2	org.telegram.tgnet.tl.TL_stories$TL_mediaAreaWeather2
C	org.telegram.tgnet.tl.TL_stories$TL_mediaAreaWeatherOld	org.telegram.tgnet.tl.TL_stories$TL_mediaAreaWeatherOld
C	org.telegram.tgnet.tl.TL_stories$TL_myBoost	org.telegram.tgnet.tl.TL_stories$TL_myBoost
C	org.telegram.tgnet.tl.TL_stories$TL_peerStories	org.telegram.tgnet.tl.TL_stories$TL_peerStories
C	org.telegram.tgnet.tl.TL_stories$TL_peerStories_layer162	org.telegram.tgnet.tl.TL_stories$TL_peerStories_layer162
C	org.telegram.tgnet.tl.TL_stories$TL_premium_boostsStatus	org.telegram.tgnet.tl.TL_stories$TL_premium_boostsStatus
C	org.telegram.tgnet.tl.TL_stories$TL_premium_myBoosts	org.telegram.tgnet.tl.TL_stories$TL_premium_myBoosts
C	org.telegram.tgnet.tl.TL_stories$TL_prepaidGiveaway	org.telegram.tgnet.tl.TL_stories$TL_prepaidGiveaway
C	org.telegram.tgnet.tl.TL_stories$TL_prepaidStarsGiveaway	org.telegram.tgnet.tl.TL_stories$TL_prepaidStarsGiveaway
C	org.telegram.tgnet.tl.TL_stories$TL_publicForwardStory	org.telegram.tgnet.tl.TL_stories$TL_publicForwardStory
C	org.telegram.tgnet.tl.TL_stories$TL_reorderAlbums	org.telegram.tgnet.tl.TL_forum$TL_messages_getForumTopicsByID
C	org.telegram.tgnet.tl.TL_stories$TL_startLive	org.telegram.tgnet.tl.TL_stories$TL_startLive
C	org.telegram.tgnet.tl.TL_stories$TL_stats_storyStats	org.telegram.tgnet.tl.TL_stories$TL_stats_storyStats
C	org.telegram.tgnet.tl.TL_stories$TL_storiesStealthMode	org.telegram.tgnet.tl.TL_stories$TL_storiesStealthMode
C	org.telegram.tgnet.tl.TL_stories$TL_stories_activateStealthMode	org.telegram.tgnet.TLRPC$TL_payments_clearSavedInfo
C	org.telegram.tgnet.tl.TL_stories$TL_stories_allStories	org.telegram.tgnet.tl.TL_stories$TL_stories_allStories
C	org.telegram.tgnet.tl.TL_stories$TL_stories_allStoriesNotModified	org.telegram.tgnet.tl.TL_stories$TL_stories_allStoriesNotModified
C	org.telegram.tgnet.tl.TL_stories$TL_stories_editStory	org.telegram.tgnet.tl.TL_stories$TL_stories_editStory
C	org.telegram.tgnet.tl.TL_stories$TL_stories_getAlbumStories	org.telegram.tgnet.tl.TL_stories$TL_stories_getAlbumStories
C	org.telegram.tgnet.tl.TL_stories$TL_stories_readStories	org.telegram.tgnet.TLRPC$TL_messages_getDiscussionMessage
C	org.telegram.tgnet.tl.TL_stories$TL_stories_report	org.telegram.tgnet.tl.TL_stories$TL_stories_report
C	org.telegram.tgnet.tl.TL_stories$TL_stories_searchPosts	org.telegram.tgnet.tl.TL_stories$TL_stories_searchPosts
C	org.telegram.tgnet.tl.TL_stories$TL_stories_sendStory	org.telegram.tgnet.tl.TL_stories$TL_stories_sendStory
C	org.telegram.tgnet.tl.TL_stories$TL_stories_stories	org.telegram.tgnet.tl.TL_stories$TL_stories_stories
C	org.telegram.tgnet.tl.TL_stories$TL_stories_storyViews	org.telegram.tgnet.tl.TL_stories$TL_stories_storyViews
C	org.telegram.tgnet.tl.TL_stories$TL_storyAlbum	org.telegram.tgnet.tl.TL_stories$TL_storyAlbum
C	org.telegram.tgnet.tl.TL_stories$TL_storyFwdHeader	org.telegram.tgnet.tl.TL_stories$StoryFwdHeader
C	org.telegram.tgnet.tl.TL_stories$TL_storyItem	org.telegram.tgnet.tl.TL_stories$TL_storyItem
C	org.telegram.tgnet.tl.TL_stories$TL_storyItemDeleted	org.telegram.tgnet.tl.TL_stories$TL_storyItemDeleted
C	org.telegram.tgnet.tl.TL_stories$TL_storyReaction	org.telegram.tgnet.tl.TL_stories$TL_storyReaction
C	org.telegram.tgnet.tl.TL_stories$TL_storyReactionPublicForward	org.telegram.tgnet.tl.TL_stories$TL_storyReactionPublicForward
C	org.telegram.tgnet.tl.TL_stories$TL_storyReactionPublicRepost	org.telegram.tgnet.tl.TL_stories$TL_storyReactionPublicRepost
C	org.telegram.tgnet.tl.TL_stories$TL_storyReactionsList	org.telegram.tgnet.tl.TL_stories$TL_storyReactionsList
C	org.telegram.tgnet.tl.TL_stories$TL_storyView	org.telegram.tgnet.tl.TL_stories$TL_storyView
C	org.telegram.tgnet.tl.TL_stories$TL_storyViewPublicForward	org.telegram.tgnet.tl.TL_stories$TL_storyViewPublicForward
C	org.telegram.tgnet.tl.TL_stories$TL_storyViewPublicRepost	org.telegram.tgnet.tl.TL_stories$TL_storyViewPublicRepost
C	org.telegram.tgnet.tl.TL_stories$TL_storyViewsList_layer167	org.telegram.tgnet.tl.TL_stories$StoryViewsList
C	org.telegram.tgnet.tl.TL_stories$TL_storyViews_layer161	org.telegram.tgnet.tl.TL_stories$StoryViews
C	org.telegram.tgnet.tl.TL_stories$TL_updateReadStories	org.telegram.tgnet.tl.TL_stories$TL_updateReadStories
C	org.telegram.tgnet.tl.TL_stories$TL_updateStoriesStealthMode	org.telegram.tgnet.tl.TL_stories$TL_updateStoriesStealthMode
C	org.telegram.tgnet.tl.TL_stories$TL_updateStory	org.telegram.tgnet.tl.TL_stories$TL_updateStory
C	org.telegram.tgnet.tl.TL_stories$canSendStoryCount	org.telegram.tgnet.tl.TL_stories$canSendStoryCount
C	org.telegram.tgnet.tl.TL_update$TL_updateAiComposeTones	org.telegram.tgnet.tl.TL_update$TL_updateAiComposeTones
C	org.telegram.tgnet.tl.TL_update$TL_updateAttachMenuBots	org.telegram.tgnet.tl.TL_update$TL_updateAttachMenuBots
C	org.telegram.tgnet.tl.TL_update$TL_updateBotCommands	org.telegram.tgnet.tl.TL_update$TL_updateBotCommands
C	org.telegram.tgnet.tl.TL_update$TL_updateBotPurchasedPaidMedia	org.telegram.tgnet.tl.TL_update$TL_updateBotPurchasedPaidMedia
C	org.telegram.tgnet.tl.TL_update$TL_updateBotSubscriptionExpire	org.telegram.tgnet.tl.TL_update$TL_updateBotSubscriptionExpire
C	org.telegram.tgnet.tl.TL_update$TL_updateChannel	org.telegram.tgnet.tl.TL_update$TL_updateChannel
C	org.telegram.tgnet.tl.TL_update$TL_updateChannelAvailableMessages	org.telegram.tgnet.tl.TL_update$TL_updateChannelAvailableMessages
C	org.telegram.tgnet.tl.TL_update$TL_updateChannelMessageForwards	org.telegram.tgnet.tl.TL_update$TL_updateChannelMessageForwards
C	org.telegram.tgnet.tl.TL_update$TL_updateChannelMessageViews	org.telegram.tgnet.tl.TL_update$TL_updateChannelMessageViews
C	org.telegram.tgnet.tl.TL_update$TL_updateChannelParticipant	org.telegram.tgnet.tl.TL_update$TL_updateChannelParticipant
C	org.telegram.tgnet.tl.TL_update$TL_updateChannelReadMessagesContents	org.telegram.tgnet.tl.TL_update$TL_updateChannelReadMessagesContents
C	org.telegram.tgnet.tl.TL_update$TL_updateChannelTooLong	org.telegram.tgnet.tl.TL_update$TL_updateChannelTooLong
C	org.telegram.tgnet.tl.TL_update$TL_updateChannelUserTyping	org.telegram.tgnet.tl.TL_update$TL_updateChannelUserTyping
C	org.telegram.tgnet.tl.TL_update$TL_updateChannelViewForumAsMessages	org.telegram.tgnet.tl.TL_update$TL_updateChannelViewForumAsMessages
C	org.telegram.tgnet.tl.TL_update$TL_updateChannelWebPage	org.telegram.tgnet.tl.TL_update$TL_updateChannelWebPage
C	org.telegram.tgnet.tl.TL_update$TL_updateChat	org.telegram.tgnet.tl.TL_update$TL_updateChat
C	org.telegram.tgnet.tl.TL_update$TL_updateChatDefaultBannedRights	org.telegram.tgnet.tl.TL_update$TL_updateChatDefaultBannedRights
C	org.telegram.tgnet.tl.TL_update$TL_updateChatParticipantAdd	org.telegram.tgnet.tl.TL_update$TL_updateChatParticipantAdd
C	org.telegram.tgnet.tl.TL_update$TL_updateChatParticipantAdmin	org.telegram.tgnet.tl.TL_update$TL_updateChatParticipantAdmin
C	org.telegram.tgnet.tl.TL_update$TL_updateChatParticipantDelete	org.telegram.tgnet.tl.TL_update$TL_updateChatParticipantDelete
C	org.telegram.tgnet.tl.TL_update$TL_updateChatParticipantRank	org.telegram.tgnet.tl.TL_update$TL_updateChatParticipantRank
C	org.telegram.tgnet.tl.TL_update$TL_updateChatParticipants	org.telegram.tgnet.tl.TL_update$TL_updateChatParticipants
C	org.telegram.tgnet.tl.TL_update$TL_updateChatUserTyping	org.telegram.tgnet.tl.TL_update$TL_updateChatUserTyping
C	org.telegram.tgnet.tl.TL_update$TL_updateConfig	org.telegram.tgnet.tl.TL_update$TL_updateConfig
C	org.telegram.tgnet.tl.TL_update$TL_updateContactsReset	org.telegram.tgnet.tl.TL_update$TL_updateContactsReset
C	org.telegram.tgnet.tl.TL_update$TL_updateDcOptions	org.telegram.tgnet.tl.TL_update$TL_updateDcOptions
C	org.telegram.tgnet.tl.TL_update$TL_updateDeleteChannelMessages	org.telegram.tgnet.tl.TL_update$TL_updateDeleteChannelMessages
C	org.telegram.tgnet.tl.TL_update$TL_updateDeleteEphemeralMessages	org.telegram.tgnet.tl.TL_update$TL_updateDeleteEphemeralMessages
C	org.telegram.tgnet.tl.TL_update$TL_updateDeleteGroupCallMessages	org.telegram.tgnet.tl.TL_update$TL_updateDeleteGroupCallMessages
C	org.telegram.tgnet.tl.TL_update$TL_updateDeleteMessages	org.telegram.tgnet.tl.TL_update$TL_updateDeleteMessages
C	org.telegram.tgnet.tl.TL_update$TL_updateDeleteQuickReply	org.telegram.tgnet.tl.TL_update$TL_updateDeleteQuickReply
C	org.telegram.tgnet.tl.TL_update$TL_updateDeleteQuickReplyMessages	org.telegram.tgnet.tl.TL_update$TL_updateDeleteQuickReplyMessages
C	org.telegram.tgnet.tl.TL_update$TL_updateDeleteScheduledMessages	org.telegram.tgnet.tl.TL_update$TL_updateDeleteScheduledMessages
C	org.telegram.tgnet.tl.TL_update$TL_updateDialogFilter	org.telegram.tgnet.tl.TL_update$TL_updateDialogFilter
C	org.telegram.tgnet.tl.TL_update$TL_updateDialogFilterOrder	org.telegram.tgnet.tl.TL_update$TL_updateDialogFilterOrder
C	org.telegram.tgnet.tl.TL_update$TL_updateDialogFilters	org.telegram.tgnet.tl.TL_update$TL_updateDialogFilters
C	org.telegram.tgnet.tl.TL_update$TL_updateDialogPinned	org.telegram.tgnet.tl.TL_update$TL_updateDialogPinned
C	org.telegram.tgnet.tl.TL_update$TL_updateDialogUnreadMark	org.telegram.tgnet.tl.TL_update$TL_updateDialogUnreadMark
C	org.telegram.tgnet.tl.TL_update$TL_updateDraftMessage	org.telegram.tgnet.tl.TL_update$TL_updateDraftMessage
C	org.telegram.tgnet.tl.TL_update$TL_updateEditChannelMessage	org.telegram.tgnet.tl.TL_update$TL_updateEditChannelMessage
C	org.telegram.tgnet.tl.TL_update$TL_updateEditMessage	org.telegram.tgnet.tl.TL_update$TL_updateEditMessage
C	org.telegram.tgnet.tl.TL_update$TL_updateEmojiGameInfo	org.telegram.tgnet.tl.TL_update$TL_updateEmojiGameInfo
C	org.telegram.tgnet.tl.TL_update$TL_updateEncryptedChatTyping	org.telegram.tgnet.tl.TL_update$TL_updateEncryptedChatTyping
C	org.telegram.tgnet.tl.TL_update$TL_updateEncryptedMessagesRead	org.telegram.tgnet.tl.TL_update$TL_updateEncryptedMessagesRead
C	org.telegram.tgnet.tl.TL_update$TL_updateEncryption	org.telegram.tgnet.tl.TL_update$TL_updateEncryption
C	org.telegram.tgnet.tl.TL_update$TL_updateFavedStickers	org.telegram.tgnet.tl.TL_update$TL_updateFavedStickers
C	org.telegram.tgnet.tl.TL_update$TL_updateFolderPeers	org.telegram.tgnet.tl.TL_update$TL_updateFolderPeers
C	org.telegram.tgnet.tl.TL_update$TL_updateGeoLiveViewed	org.telegram.tgnet.tl.TL_update$TL_updateGeoLiveViewed
C	org.telegram.tgnet.tl.TL_update$TL_updateGroupCall	org.telegram.tgnet.tl.TL_update$TL_updateGroupCall
C	org.telegram.tgnet.tl.TL_update$TL_updateGroupCallChainBlocks	org.telegram.tgnet.tl.TL_update$TL_updateGroupCallChainBlocks
C	org.telegram.tgnet.tl.TL_update$TL_updateGroupCallConnection	org.telegram.tgnet.tl.TL_update$TL_updateGroupCallConnection
C	org.telegram.tgnet.tl.TL_update$TL_updateGroupCallEncryptedMessage	org.telegram.tgnet.tl.TL_update$TL_updateGroupCallEncryptedMessage
C	org.telegram.tgnet.tl.TL_update$TL_updateGroupCallMessage	org.telegram.tgnet.tl.TL_update$TL_updateGroupCallMessage
C	org.telegram.tgnet.tl.TL_update$TL_updateGroupCallParticipants	org.telegram.tgnet.tl.TL_update$TL_updateGroupCallParticipants
C	org.telegram.tgnet.tl.TL_update$TL_updateGroupCall_layer216	org.telegram.tgnet.tl.TL_update$TL_updateGroupCall_layer216
C	org.telegram.tgnet.tl.TL_update$TL_updateJoinChatWebViewDecision	org.telegram.tgnet.tl.TL_update$TL_updateJoinChatWebViewDecision
C	org.telegram.tgnet.tl.TL_update$TL_updateLangPack	org.telegram.tgnet.tl.TL_update$TL_updateLangPack
C	org.telegram.tgnet.tl.TL_update$TL_updateLangPackTooLong	org.telegram.tgnet.tl.TL_update$TL_updateLangPackTooLong
C	org.telegram.tgnet.tl.TL_update$TL_updateManagedBot	org.telegram.tgnet.tl.TL_update$TL_updateManagedBot
C	org.telegram.tgnet.tl.TL_update$TL_updateMessageExtendedMedia	org.telegram.tgnet.tl.TL_update$TL_updateMessageExtendedMedia
C	org.telegram.tgnet.tl.TL_update$TL_updateMessageID	org.telegram.tgnet.tl.TL_update$TL_updateMessageID
C	org.telegram.tgnet.tl.TL_update$TL_updateMessagePoll	org.telegram.tgnet.tl.TL_update$TL_updateMessagePoll
C	org.telegram.tgnet.tl.TL_update$TL_updateMessagePollVote	org.telegram.tgnet.tl.TL_update$TL_updateMessagePollVote
C	org.telegram.tgnet.tl.TL_update$TL_updateMessageReactions	org.telegram.tgnet.tl.TL_update$TL_updateMessageReactions
C	org.telegram.tgnet.tl.TL_update$TL_updateMonoForumNoPaidException	org.telegram.tgnet.tl.TL_update$TL_updateMonoForumNoPaidException
C	org.telegram.tgnet.tl.TL_update$TL_updateMoveStickerSetToTop	org.telegram.tgnet.tl.TL_update$TL_updateMoveStickerSetToTop
C	org.telegram.tgnet.tl.TL_update$TL_updateNewAuthorization	org.telegram.tgnet.tl.TL_update$TL_updateNewAuthorization
C	org.telegram.tgnet.tl.TL_update$TL_updateNewBotConnection	org.telegram.tgnet.tl.TL_update$TL_updateNewBotConnection
C	org.telegram.tgnet.tl.TL_update$TL_updateNewChannelMessage	org.telegram.tgnet.tl.TL_update$TL_updateNewChannelMessage
C	org.telegram.tgnet.tl.TL_update$TL_updateNewEncryptedMessage	org.telegram.tgnet.tl.TL_update$TL_updateNewEncryptedMessage
C	org.telegram.tgnet.tl.TL_update$TL_updateNewEphemeralMessage	org.telegram.tgnet.tl.TL_update$TL_updateNewEphemeralMessage
C	org.telegram.tgnet.tl.TL_update$TL_updateNewMessage	org.telegram.tgnet.tl.TL_update$TL_updateNewMessage
C	org.telegram.tgnet.tl.TL_update$TL_updateNewQuickReply	org.telegram.tgnet.tl.TL_update$TL_updateNewQuickReply
C	org.telegram.tgnet.tl.TL_update$TL_updateNewScheduledMessage	org.telegram.tgnet.tl.TL_update$TL_updateNewScheduledMessage
C	org.telegram.tgnet.tl.TL_update$TL_updateNewStickerSet	org.telegram.tgnet.tl.TL_update$TL_updateNewStickerSet
C	org.telegram.tgnet.tl.TL_update$TL_updateNewStoryReaction	org.telegram.tgnet.tl.TL_update$TL_updateNewStoryReaction
C	org.telegram.tgnet.tl.TL_update$TL_updateNotifySettings	org.telegram.tgnet.tl.TL_update$TL_updateNotifySettings
C	org.telegram.tgnet.tl.TL_update$TL_updatePaidReactionPrivacy	org.telegram.tgnet.tl.TL_update$TL_updatePaidReactionPrivacy
C	org.telegram.tgnet.tl.TL_update$TL_updatePeerBlocked	org.telegram.tgnet.tl.TL_update$TL_updatePeerBlocked
C	org.telegram.tgnet.tl.TL_update$TL_updatePeerHistoryTTL	org.telegram.tgnet.tl.TL_update$TL_updatePeerHistoryTTL
C	org.telegram.tgnet.tl.TL_update$TL_updatePeerLocated	org.telegram.tgnet.tl.TL_update$TL_updatePeerLocated
C	org.telegram.tgnet.tl.TL_update$TL_updatePeerSettings	org.telegram.tgnet.tl.TL_update$TL_updatePeerSettings
C	org.telegram.tgnet.tl.TL_update$TL_updatePeerWallpaper	org.telegram.tgnet.tl.TL_update$TL_updatePeerWallpaper
C	org.telegram.tgnet.tl.TL_update$TL_updatePendingJoinRequests	org.telegram.tgnet.tl.TL_update$TL_updatePendingJoinRequests
C	org.telegram.tgnet.tl.TL_update$TL_updatePhoneCall	org.telegram.tgnet.tl.TL_update$TL_updatePhoneCall
C	org.telegram.tgnet.tl.TL_update$TL_updatePhoneCallSignalingData	org.telegram.tgnet.tl.TL_update$TL_updatePhoneCallSignalingData
C	org.telegram.tgnet.tl.TL_update$TL_updatePinnedChannelMessages	org.telegram.tgnet.tl.TL_update$TL_updatePinnedChannelMessages
C	org.telegram.tgnet.tl.TL_update$TL_updatePinnedDialogs	org.telegram.tgnet.tl.TL_update$TL_updatePinnedDialogs
C	org.telegram.tgnet.tl.TL_update$TL_updatePinnedForumTopic	org.telegram.tgnet.tl.TL_update$TL_updatePinnedForumTopic
C	org.telegram.tgnet.tl.TL_update$TL_updatePinnedForumTopics	org.telegram.tgnet.tl.TL_update$TL_updatePinnedForumTopics
C	org.telegram.tgnet.tl.TL_update$TL_updatePinnedMessages	org.telegram.tgnet.tl.TL_update$TL_updatePinnedMessages
C	org.telegram.tgnet.tl.TL_update$TL_updatePinnedSavedDialogs	org.telegram.tgnet.tl.TL_update$TL_updatePinnedSavedDialogs
C	org.telegram.tgnet.tl.TL_update$TL_updatePrivacy	org.telegram.tgnet.tl.TL_update$TL_updatePrivacy
C	org.telegram.tgnet.tl.TL_update$TL_updateQuickReplies	org.telegram.tgnet.tl.TL_update$TL_updateQuickReplies
C	org.telegram.tgnet.tl.TL_update$TL_updateQuickReplyMessage	org.telegram.tgnet.tl.TL_update$TL_updateQuickReplyMessage
C	org.telegram.tgnet.tl.TL_update$TL_updateReadChannelDiscussionInbox	org.telegram.tgnet.tl.TL_update$TL_updateReadChannelDiscussionInbox
C	org.telegram.tgnet.tl.TL_update$TL_updateReadChannelDiscussionOutbox	org.telegram.tgnet.tl.TL_update$TL_updateReadChannelDiscussionOutbox
C	org.telegram.tgnet.tl.TL_update$TL_updateReadChannelInbox	org.telegram.tgnet.tl.TL_update$TL_updateReadChannelInbox
C	org.telegram.tgnet.tl.TL_update$TL_updateReadChannelOutbox	org.telegram.tgnet.tl.TL_update$TL_updateReadChannelOutbox
C	org.telegram.tgnet.tl.TL_update$TL_updateReadFeaturedEmojiStickers	org.telegram.tgnet.tl.TL_update$TL_updateReadFeaturedEmojiStickers
C	org.telegram.tgnet.tl.TL_update$TL_updateReadFeaturedStickers	org.telegram.tgnet.tl.TL_update$TL_updateReadFeaturedStickers
C	org.telegram.tgnet.tl.TL_update$TL_updateReadHistoryInbox	org.telegram.tgnet.tl.TL_update$TL_updateReadHistoryInbox
C	org.telegram.tgnet.tl.TL_update$TL_updateReadHistoryOutbox	org.telegram.tgnet.tl.TL_update$TL_updateReadHistoryOutbox
C	org.telegram.tgnet.tl.TL_update$TL_updateReadMessagesContents	org.telegram.tgnet.tl.TL_update$TL_updateReadMessagesContents
C	org.telegram.tgnet.tl.TL_update$TL_updateReadMonoForumInbox	org.telegram.tgnet.tl.TL_update$TL_updateReadMonoForumInbox
C	org.telegram.tgnet.tl.TL_update$TL_updateReadMonoForumOutbox	org.telegram.tgnet.tl.TL_update$TL_updateReadMonoForumOutbox
C	org.telegram.tgnet.tl.TL_update$TL_updateRecentEmojiStatuses	org.telegram.tgnet.tl.TL_update$TL_updateRecentEmojiStatuses
C	org.telegram.tgnet.tl.TL_update$TL_updateRecentReactions	org.telegram.tgnet.tl.TL_update$TL_updateRecentReactions
C	org.telegram.tgnet.tl.TL_update$TL_updateRecentStickers	org.telegram.tgnet.tl.TL_update$TL_updateRecentStickers
C	org.telegram.tgnet.tl.TL_update$TL_updateSavedDialogPinned	org.telegram.tgnet.tl.TL_update$TL_updateSavedDialogPinned
C	org.telegram.tgnet.tl.TL_update$TL_updateSavedGifs	org.telegram.tgnet.tl.TL_update$TL_updateSavedGifs
C	org.telegram.tgnet.tl.TL_update$TL_updateSavedReactionTags	org.telegram.tgnet.tl.TL_update$TL_updateSavedReactionTags
C	org.telegram.tgnet.tl.TL_update$TL_updateSavedRingtones	org.telegram.tgnet.tl.TL_update$TL_updateSavedRingtones
C	org.telegram.tgnet.tl.TL_update$TL_updateSentPhoneCode	org.telegram.tgnet.tl.TL_update$TL_updateSentPhoneCode
C	org.telegram.tgnet.tl.TL_update$TL_updateSentStoryReaction	org.telegram.tgnet.tl.TL_update$TL_updateSentStoryReaction
C	org.telegram.tgnet.tl.TL_update$TL_updateServiceNotification	org.telegram.tgnet.tl.TL_update$TL_updateServiceNotification
C	org.telegram.tgnet.tl.TL_update$TL_updateStarGiftAuctionState	org.telegram.tgnet.tl.TL_update$TL_updateStarGiftAuctionState
C	org.telegram.tgnet.tl.TL_update$TL_updateStarGiftAuctionUserState	org.telegram.tgnet.tl.TL_update$TL_updateStarGiftAuctionUserState
C	org.telegram.tgnet.tl.TL_update$TL_updateStarsBalance	org.telegram.tgnet.tl.TL_update$TL_updateStarsBalance
C	org.telegram.tgnet.tl.TL_update$TL_updateStarsRevenueStatus	org.telegram.tgnet.tl.TL_update$TL_updateStarsRevenueStatus
C	org.telegram.tgnet.tl.TL_update$TL_updateStickerSets	org.telegram.tgnet.tl.TL_update$TL_updateStickerSets
C	org.telegram.tgnet.tl.TL_update$TL_updateStickerSetsOrder	org.telegram.tgnet.tl.TL_update$TL_updateStickerSetsOrder
C	org.telegram.tgnet.tl.TL_update$TL_updateStoryID	org.telegram.tgnet.tl.TL_update$TL_updateStoryID
C	org.telegram.tgnet.tl.TL_update$TL_updateTheme	org.telegram.tgnet.tl.TL_update$TL_updateTheme
C	org.telegram.tgnet.tl.TL_update$TL_updateTranscribeAudio	org.telegram.tgnet.tl.TL_update$TL_updateTranscribeAudio
C	org.telegram.tgnet.tl.TL_update$TL_updateTranscribedAudio	org.telegram.tgnet.tl.TL_update$TL_updateTranscribedAudio
C	org.telegram.tgnet.tl.TL_update$TL_updateUser	org.telegram.tgnet.tl.TL_update$TL_updateUser
C	org.telegram.tgnet.tl.TL_update$TL_updateUserEmojiStatus	org.telegram.tgnet.tl.TL_update$TL_updateUserEmojiStatus
C	org.telegram.tgnet.tl.TL_update$TL_updateUserName	org.telegram.tgnet.tl.TL_update$TL_updateUserName
C	org.telegram.tgnet.tl.TL_update$TL_updateUserPhone	org.telegram.tgnet.tl.TL_update$TL_updateUserPhone
C	org.telegram.tgnet.tl.TL_update$TL_updateUserPhoto	org.telegram.tgnet.tl.TL_update$TL_updateUserPhoto
C	org.telegram.tgnet.tl.TL_update$TL_updateUserStatus	org.telegram.tgnet.tl.TL_update$TL_updateUserStatus
C	org.telegram.tgnet.tl.TL_update$TL_updateUserTyping	org.telegram.tgnet.tl.TL_update$TL_updateUserTyping
C	org.telegram.tgnet.tl.TL_update$TL_updateWebBrowserException	org.telegram.tgnet.tl.TL_update$TL_updateWebBrowserException
C	org.telegram.tgnet.tl.TL_update$TL_updateWebBrowserSettings	org.telegram.tgnet.tl.TL_update$TL_updateWebBrowserSettings
C	org.telegram.tgnet.tl.TL_update$TL_updateWebPage	org.telegram.tgnet.tl.TL_update$TL_updateWebPage
C	org.telegram.tgnet.tl.TL_update$TL_updateWebViewResultSent	org.telegram.tgnet.tl.TL_update$TL_updateWebViewResultSent
C	org.telegram.ui.AccountFrozenAlert	org.telegram.ui.b
C	org.telegram.ui.ActionBar.ActionBar$ActionBarMenuOnItemClick	org.telegram.ui.ActionBar.k
C	org.telegram.ui.ActionBar.ActionBar	org.telegram.ui.ActionBar.l
C	org.telegram.ui.ActionBar.ActionBarAnimatedSubtitleOverlayContainer	org.telegram.ui.ActionBar.j
C	org.telegram.ui.ActionBar.ActionBarLayout$LayoutContainer	org.telegram.ui.ActionBar.w
C	org.telegram.ui.ActionBar.ActionBarMenu$LazyItem	org.telegram.ui.ActionBar.y
C	org.telegram.ui.ActionBar.ActionBarMenu	org.telegram.ui.ActionBar.z
C	org.telegram.ui.ActionBar.ActionBarMenuItem$ActionBarMenuItemDelegate	org.telegram.ui.ActionBar.t0
C	org.telegram.ui.ActionBar.ActionBarMenuItem$Item	org.telegram.ui.ActionBar.v0
C	org.telegram.ui.ActionBar.ActionBarMenuItem	org.telegram.ui.ActionBar.x0
C	org.telegram.ui.ActionBar.ActionBarMenuSlider$SpeedSlider	org.telegram.ui.ActionBar.d1
C	org.telegram.ui.ActionBar.ActionBarMenuSlider	org.telegram.ui.ActionBar.e1
C	org.telegram.ui.ActionBar.ActionBarMenuSubItem	org.telegram.ui.ActionBar.h1
C	org.telegram.ui.ActionBar.ActionBarPopupWindow$GapView	org.telegram.ui.ActionBar.o1
C	org.telegram.ui.ActionBar.ActionBarPopupWindow$OnDispatchKeyEventListener	org.telegram.ui.ActionBar.p1
C	org.telegram.ui.ActionBar.ActionBarPopupWindow$onSizeChangedListener	org.telegram.ui.ActionBar.q1
C	org.telegram.ui.ActionBar.ActionBarPopupWindow	org.telegram.ui.Components.b80
C	org.telegram.ui.ActionBar.AlertDialog	org.telegram.ui.ActionBar.f2
C	org.telegram.ui.ActionBar.BackDrawable	org.telegram.ui.ActionBar.k2
C	org.telegram.ui.ActionBar.BaseFragment$AttachedSheet	org.telegram.ui.ActionBar.n2
C	org.telegram.ui.ActionBar.BaseFragment	org.telegram.ui.ActionBar.r2
C	org.telegram.ui.ActionBar.BottomSheet$ContainerView	org.telegram.ui.ActionBar.h3
C	org.telegram.ui.ActionBar.BottomSheet$SheetBackDrawable	org.telegram.ui.ActionBar.i3
C	org.telegram.ui.ActionBar.BottomSheet	org.telegram.ui.ActionBar.j3
C	org.telegram.ui.ActionBar.BottomSheetTabDialog	org.telegram.ui.ActionBar.m3
C	org.telegram.ui.ActionBar.BottomSheetTabs$TabDrawable	org.telegram.ui.ActionBar.o3
C	org.telegram.ui.ActionBar.BottomSheetTabs$TabsAccessibilityHelper	org.telegram.ui.ActionBar.p3
C	org.telegram.ui.ActionBar.BottomSheetTabs$WebTabData	org.telegram.ui.ActionBar.q3
C	org.telegram.ui.ActionBar.BottomSheetTabs	org.telegram.ui.ActionBar.r3
C	org.telegram.ui.ActionBar.BottomSheetTabsOverlay$OverlayAccessibilityHelper	org.telegram.ui.ActionBar.w3
C	org.telegram.ui.ActionBar.BottomSheetTabsOverlay$Sheet	org.telegram.ui.ActionBar.x3
C	org.telegram.ui.ActionBar.BottomSheetTabsOverlay	org.telegram.ui.ActionBar.a4
C	org.telegram.ui.ActionBar.DrawerLayoutContainer	org.telegram.ui.ActionBar.c4
C	org.telegram.ui.ActionBar.EdgeToEdgeSupportMode	org.telegram.ui.ActionBar.d4
C	org.telegram.ui.ActionBar.EmojiThemes$ThemeItem	org.telegram.ui.ActionBar.h4
C	org.telegram.ui.ActionBar.EmojiThemes	org.telegram.ui.ActionBar.i4
C	org.telegram.ui.ActionBar.FloatingActionMode	org.telegram.ui.ActionBar.n4
C	org.telegram.ui.ActionBar.FloatingToolbar$FloatingToolbarPopup	org.telegram.ui.ActionBar.a5
C	org.telegram.ui.ActionBar.FloatingToolbar	org.telegram.ui.ActionBar.c5
C	org.telegram.ui.ActionBar.INavigationLayout$BackButtonState	org.telegram.ui.ActionBar.e5
C	org.telegram.ui.ActionBar.INavigationLayout$INavigationLayoutDelegate	org.telegram.ui.ActionBar.f5
C	org.telegram.ui.ActionBar.INavigationLayout$NavigationParams	org.telegram.ui.ActionBar.g5
C	org.telegram.ui.ActionBar.INavigationLayout$ThemeAnimationSettings	org.telegram.ui.ActionBar.h5
C	org.telegram.ui.ActionBar.INavigationLayout	org.telegram.ui.ActionBar.i5
C	org.telegram.ui.ActionBar.MessageDrawable$PathDrawParams	l.e3
C	org.telegram.ui.ActionBar.MessageDrawable	org.telegram.ui.ActionBar.k5
C	org.telegram.ui.ActionBar.SimpleTextView	org.telegram.ui.ActionBar.o5
C	org.telegram.ui.ActionBar.Theme$BackgroundDrawableSettings	a4.i
C	org.telegram.ui.ActionBar.Theme$Colorable	org.telegram.ui.ActionBar.e6
C	org.telegram.ui.ActionBar.Theme$IvButtonColors	org.telegram.ui.ActionBar.f6
C	org.telegram.ui.ActionBar.Theme$OverrideWallpaperInfo	org.telegram.ui.ActionBar.g6
C	org.telegram.ui.ActionBar.Theme$ResourcesProvider	org.telegram.ui.ActionBar.j6
C	org.telegram.ui.ActionBar.Theme$ThemeAccent	org.telegram.ui.ActionBar.l6
C	org.telegram.ui.ActionBar.Theme$ThemeInfo	org.telegram.ui.ActionBar.n6
C	org.telegram.ui.ActionBar.Theme	org.telegram.ui.ActionBar.o6
C	org.telegram.ui.ActionBar.ThemeColors	org.telegram.ui.ActionBar.l5
C	org.telegram.ui.ActionBar.ThemeDescription$ThemeDescriptionDelegate	org.telegram.ui.ActionBar.p6
C	org.telegram.ui.ActionBar.ThemeDescription	org.telegram.ui.ActionBar.q6
C	org.telegram.ui.ActionBar.theme.ThemeKey	we.b
C	org.telegram.ui.ActionIntroActivity	org.telegram.ui.h
C	org.telegram.ui.Adapters.BaseLocationAdapter	xe.c
C	org.telegram.ui.Adapters.DialogsAdapter$DialogsPreloader	xe.h
C	org.telegram.ui.Adapters.DialogsAdapter$ItemInternal	xe.i
C	org.telegram.ui.Adapters.DialogsAdapter	xe.k
C	org.telegram.ui.Adapters.DialogsSearchAdapter$DialogSearchResult	xe.u
C	org.telegram.ui.Adapters.FiltersView$MediaFilterData	xe.e0
C	org.telegram.ui.Adapters.FiltersView	xe.g0
C	org.telegram.ui.Adapters.MentionsAdapter$HashtagHint	xe.s0
C	org.telegram.ui.Adapters.MentionsAdapter$MentionsAdapterDelegate	lf.t
C	org.telegram.ui.Adapters.MentionsAdapter	xe.u0
C	org.telegram.ui.Adapters.MessagesSearchAdapter	xe.y0
C	org.telegram.ui.Adapters.SearchAdapterHelper$HashtagObject	xe.i1
C	org.telegram.ui.Adapters.SearchAdapterHelper	xe.k1
C	org.telegram.ui.ArticleViewer$BlockAudioCell	org.telegram.ui.d1
C	org.telegram.ui.ArticleViewer$CheckForLongPress	org.telegram.ui.e3
C	org.telegram.ui.ArticleViewer$DrawingText	org.telegram.ui.f3
C	org.telegram.ui.ArticleViewer$PageLayout	org.telegram.ui.r3
C	org.telegram.ui.ArticleViewer$Resources	org.telegram.ui.v3
C	org.telegram.ui.ArticleViewer$Sheet$WindowView	org.telegram.ui.z3
C	org.telegram.ui.ArticleViewer$Sheet	org.telegram.ui.a4
C	org.telegram.ui.ArticleViewer$TL_pageBlockListItem	org.telegram.ui.d4
C	org.telegram.ui.ArticleViewer$TL_pageBlockListParent	org.telegram.ui.e4
C	org.telegram.ui.ArticleViewer$TL_pageBlockOrderedListItem	org.telegram.ui.f4
C	org.telegram.ui.ArticleViewer$TL_pageBlockOrderedListParent	org.telegram.ui.g4
C	org.telegram.ui.ArticleViewer$WebPageUtils	org.telegram.ui.k4
C	org.telegram.ui.ArticleViewer$WebpageAdapter	org.telegram.ui.l4
C	org.telegram.ui.ArticleViewer	org.telegram.ui.n4
C	org.telegram.ui.AutoDeleteMessagesActivity$RadioCellInternal	org.telegram.ui.t4
C	org.telegram.ui.AutoDeleteMessagesActivity	org.telegram.ui.u4
C	org.telegram.ui.BasePermissionsActivity	org.telegram.ui.l5
C	org.telegram.ui.Business.BusinessChatbotController	ye.f
C	org.telegram.ui.Business.BusinessLinksController	ye.u
C	org.telegram.ui.Business.QuickRepliesController$QuickReply	ye.q1
C	org.telegram.ui.Business.QuickRepliesController	ye.r1
C	org.telegram.ui.Business.TimezonesController	ye.u1
C	org.telegram.ui.CacheControlActivity$ItemInner	org.telegram.ui.y6
C	org.telegram.ui.CacheControlActivity$ListAdapter	org.telegram.ui.b7
C	org.telegram.ui.CacheControlActivity	org.telegram.ui.d7
C	org.telegram.ui.CallLogActivity$CallLogRow	org.telegram.ui.m9
C	org.telegram.ui.CallLogActivity$EmptyTextProgressView	org.telegram.ui.n9
C	org.telegram.ui.CallLogActivity	org.telegram.ui.q9
C	org.telegram.ui.CastSync	c1.f
C	org.telegram.ui.Cells.AboutLinkCell	org.telegram.ui.Cells.j
C	org.telegram.ui.Cells.AnimatedStatusView	org.telegram.ui.Cells.o
C	org.telegram.ui.Cells.AudioPlayerCell	org.telegram.ui.Cells.y
C	org.telegram.ui.Cells.BaseCell$CheckForLongPress	androidx.emoji2.text.j
C	org.telegram.ui.Cells.BaseCell$CheckForTap	oe.d
C	org.telegram.ui.Cells.BaseCell	org.telegram.ui.Cells.b0
C	org.telegram.ui.Cells.BotButton	org.telegram.ui.Cells.f0
C	org.telegram.ui.Cells.ChannelRecommendationsCell$ChannelBlock	org.telegram.ui.Cells.o0
C	org.telegram.ui.Cells.ChannelRecommendationsCell	org.telegram.ui.Cells.p0
C	org.telegram.ui.Cells.ChatActionCell$ChatActionCellDelegate	org.telegram.ui.Cells.u0
C	org.telegram.ui.Cells.ChatActionCell	org.telegram.ui.Cells.w0
C	org.telegram.ui.Cells.ChatMessageCell$ChatMessageCellDelegate	org.telegram.ui.Cells.m1
C	org.telegram.ui.Cells.ChatMessageCell$PollButton	org.telegram.ui.Cells.t1
C	org.telegram.ui.Cells.ChatMessageCell$TransitionParams	org.telegram.ui.Cells.u1
C	org.telegram.ui.Cells.ChatMessageCell	org.telegram.ui.Cells.v1
C	org.telegram.ui.Cells.ChatUnreadCell	org.telegram.ui.Cells.x1
C	org.telegram.ui.Cells.CheckBoxCell	org.telegram.ui.Cells.b2
C	org.telegram.ui.Cells.ContextLinkCell$ContextLinkCellDelegate	org.telegram.ui.Cells.f2
C	org.telegram.ui.Cells.ContextLinkCell	org.telegram.ui.Cells.g2
C	org.telegram.ui.Cells.DialogCell$CustomDialog	org.telegram.ui.Cells.o2
C	org.telegram.ui.Cells.DialogCell$DialogCellDelegate	org.telegram.ui.Cells.p2
C	org.telegram.ui.Cells.DialogCell$DialogUpdateHelper	org.telegram.ui.Cells.q2
C	org.telegram.ui.Cells.DialogCell$FixedWidthSpan	org.telegram.ui.Cells.r2
C	org.telegram.ui.Cells.DialogCell	org.telegram.ui.Cells.t2
C	org.telegram.ui.Cells.DialogRadioCell	org.telegram.ui.Cells.v2
C	org.telegram.ui.Cells.DialogsHintCell	org.telegram.ui.Cells.b3
C	org.telegram.ui.Cells.EditTextCell	org.telegram.ui.gi1
C	org.telegram.ui.Cells.GraySectionCell	org.telegram.ui.Cells.w3
C	org.telegram.ui.Cells.GroupCallUserCell$AvatarWavesDrawable	org.telegram.ui.Cells.d4
C	org.telegram.ui.Cells.GroupCallUserCell$VerifiedDrawable	org.telegram.ui.Cells.e4
C	org.telegram.ui.Cells.GroupCallUserCell	org.telegram.ui.Cells.f4
C	org.telegram.ui.Cells.GroupCreateUserCell	org.telegram.ui.Cells.h4
C	org.telegram.ui.Cells.GroupMedia$MediaHolder	org.telegram.ui.Cells.k4
C	org.telegram.ui.Cells.GroupMedia	org.telegram.ui.Cells.l4
C	org.telegram.ui.Cells.HeaderCell	org.telegram.ui.Cells.n4
C	org.telegram.ui.Cells.LoadingCell	org.telegram.ui.Cells.t4
C	org.telegram.ui.Cells.LocationCell	org.telegram.ui.Cells.v4
C	org.telegram.ui.Cells.ManageChatUserCell	org.telegram.ui.Cells.c5
C	org.telegram.ui.Cells.MentionCell	org.telegram.ui.Cells.i5
C	org.telegram.ui.Cells.NotificationsCheckCell	org.telegram.ui.Cells.k5
C	org.telegram.ui.Cells.PhotoAttachPhotoCell$PhotoAttachPhotoCellDelegate	org.telegram.ui.Cells.t5
C	org.telegram.ui.Cells.PhotoAttachPhotoCell	org.telegram.ui.Cells.u5
C	org.telegram.ui.Cells.PhotoPickerPhotoCell	org.telegram.ui.Cells.a6
C	org.telegram.ui.Cells.PollCreateCheckCell	org.telegram.ui.Cells.b6
C	org.telegram.ui.Cells.PollEditTextCell	org.telegram.ui.Cells.d6
C	org.telegram.ui.Cells.ProfileChannelCell$ChannelMessageFetcher	org.telegram.ui.Cells.g6
C	org.telegram.ui.Cells.ProfileChannelCell	org.telegram.ui.h11
C	org.telegram.ui.Cells.ProfileSearchCell	org.telegram.ui.Cells.i6
C	org.telegram.ui.Cells.RadioButtonCell	org.telegram.ui.Cells.j6
C	org.telegram.ui.Cells.RadioCell	org.telegram.ui.Cells.k6
C	org.telegram.ui.Cells.RadioColorCell	org.telegram.ui.Cells.l6
C	org.telegram.ui.Cells.ReactedUserHolderView	org.telegram.ui.Cells.o6
C	org.telegram.ui.Cells.SessionCell	org.telegram.ui.Cells.u6
C	org.telegram.ui.Cells.SettingsSearchCell$VerticalImageSpan	org.telegram.ui.Cells.w6
C	org.telegram.ui.Cells.SettingsSearchCell	org.telegram.ui.Cells.x6
C	org.telegram.ui.Cells.SlideIntChooseView$Options	org.telegram.ui.Cells.y7
C	org.telegram.ui.Cells.SlideIntChooseView	org.telegram.ui.Cells.z7
C	org.telegram.ui.Cells.StickerEmojiCell	org.telegram.ui.Cells.f8
C	org.telegram.ui.Cells.TextCell	org.telegram.ui.Cells.q8
C	org.telegram.ui.Cells.TextCheckCell2	org.telegram.ui.Cells.t8
C	org.telegram.ui.Cells.TextCheckCell	org.telegram.ui.Cells.u8
C	org.telegram.ui.Cells.TextColorCell	org.telegram.ui.Cells.w8
C	org.telegram.ui.Cells.TextDetailCell	org.telegram.ui.Cells.a9
C	org.telegram.ui.Cells.TextInfoPrivacyCell	org.telegram.ui.Cells.c9
C	org.telegram.ui.Cells.TextRadioCell	org.telegram.ui.Cells.e9
C	org.telegram.ui.Cells.TextSelectionHelper$ArticleSelectableView	org.telegram.ui.Cells.l9
C	org.telegram.ui.Cells.TextSelectionHelper$ArticleTextSelectionHelper	org.telegram.ui.Cells.m9
C	org.telegram.ui.Cells.TextSelectionHelper$ChatListTextSelectionHelper	org.telegram.ui.Cells.n9
C	org.telegram.ui.Cells.TextSelectionHelper$LayoutBlock	org.telegram.ui.Cells.p9
C	org.telegram.ui.Cells.TextSelectionHelper$ReplaceCopyTextSpannable	org.telegram.ui.Cells.s9
C	org.telegram.ui.Cells.TextSelectionHelper$SelectableView	org.telegram.ui.Cells.u9
C	org.telegram.ui.Cells.TextSelectionHelper$SimpleTextSelectionHelper	org.telegram.ui.ht0
C	org.telegram.ui.Cells.TextSelectionHelper$TextLayoutBlock	org.telegram.ui.Cells.x9
C	org.telegram.ui.Cells.TextSelectionHelper$TextSelectionOverlay	org.telegram.ui.Cells.y9
C	org.telegram.ui.Cells.TextSelectionHelper	org.telegram.ui.Cells.z9
C	org.telegram.ui.Cells.TextSettingsCell	org.telegram.ui.Cells.aa
C	org.telegram.ui.Cells.ThemeTypeCell	org.telegram.ui.Cells.fa
C	org.telegram.ui.Cells.UserCell	org.telegram.ui.Cells.va
C	org.telegram.ui.Cells.UserInfoCell$Row	org.telegram.ui.Cells.wa
C	org.telegram.ui.Cells.UserInfoCell	org.telegram.ui.Cells.xa
C	org.telegram.ui.Cells.WallpaperCell$WallpaperView	org.telegram.ui.Cells.za
C	org.telegram.ui.Cells.WallpaperCell	org.telegram.ui.Cells.ab
C	org.telegram.ui.ChannelMonetizationLayout$ProceedOverview	org.telegram.ui.ue
C	org.telegram.ui.ChannelMonetizationLayout	org.telegram.ui.xe
C	org.telegram.ui.Charts.data.ChartData$Line	af.a
C	org.telegram.ui.Charts.data.ChartData	af.b
C	org.telegram.ui.ChatActivity$ChatActivityAdapter	org.telegram.ui.an
C	org.telegram.ui.ChatActivity$ChatActivityDelegate	org.telegram.ui.bn
C	org.telegram.ui.ChatActivity$ChatActivityFragmentView	org.telegram.ui.gn
C	org.telegram.ui.ChatActivity$ChatActivityTextSelectionHelper	org.telegram.ui.hn
C	org.telegram.ui.ChatActivity$ChatListRecyclerView	org.telegram.ui.gk
C	org.telegram.ui.ChatActivity$ReplyQuote	org.telegram.ui.fo
C	org.telegram.ui.ChatActivity$ThemeDelegate	org.telegram.ui.no
C	org.telegram.ui.ChatActivity	org.telegram.ui.po
C	org.telegram.ui.ChatBackgroundDrawable	org.telegram.ui.so
C	org.telegram.ui.ChatRightsEditActivity$ListAdapter	org.telegram.ui.br
C	org.telegram.ui.ChatRightsEditActivity	org.telegram.ui.cr
C	org.telegram.ui.ChatUsersActivity$ListAdapter	org.telegram.ui.es
C	org.telegram.ui.ChatUsersActivity$SearchAdapter	org.telegram.ui.hs
C	org.telegram.ui.ChatUsersActivity	org.telegram.ui.is
C	org.telegram.ui.ChooseQualityLayout$QualityIcon	org.telegram.ui.ms
C	org.telegram.ui.CodeNumberField	org.telegram.ui.ts
C	org.telegram.ui.Components.AiButtonDrawable	org.telegram.ui.Components.m0
C	org.telegram.ui.Components.AlertsCreator	org.telegram.ui.Components.d5
C	org.telegram.ui.Components.AnimatedColor	org.telegram.ui.Components.g5
C	org.telegram.ui.Components.AnimatedEmojiDrawable$EmojiDocumentFetcher	org.telegram.ui.Components.l5
C	org.telegram.ui.Components.AnimatedEmojiDrawable$SwapAnimatedEmojiDrawable	org.telegram.ui.Components.n5
C	org.telegram.ui.Components.AnimatedEmojiDrawable	org.telegram.ui.Components.p5
C	org.telegram.ui.Components.AnimatedEmojiSpan$AnimatedEmojiHolder	org.telegram.ui.Components.t5
C	org.telegram.ui.Components.AnimatedEmojiSpan$EmojiGroupedSpans	org.telegram.ui.Components.u5
C	org.telegram.ui.Components.AnimatedEmojiSpan$InvalidateHolder	org.telegram.ui.Components.v5
C	org.telegram.ui.Components.AnimatedEmojiSpan$TextViewEmojis	org.telegram.ui.Components.x5
C	org.telegram.ui.Components.AnimatedEmojiSpan	org.telegram.ui.Components.y5
C	org.telegram.ui.Components.AnimatedFileBuffer	org.telegram.ui.Components.z5
C	org.telegram.ui.Components.AnimatedFileDrawable	org.telegram.ui.Components.c6
C	org.telegram.ui.Components.AnimatedFloat	org.telegram.ui.Components.d6
C	org.telegram.ui.Components.AnimatedLinearLayout$Holder	org.telegram.ui.Components.e6
C	org.telegram.ui.Components.AnimatedLinearLayout	org.telegram.ui.Components.f6
C	org.telegram.ui.Components.AnimatedTextView$AnimatedTextDrawable$Part	org.telegram.ui.Components.k6
C	org.telegram.ui.Components.AnimatedTextView$AnimatedTextDrawable	org.telegram.ui.Components.n6
C	org.telegram.ui.Components.AnimatedTextView	org.telegram.ui.Components.o6
C	org.telegram.ui.Components.AttachBotIntroTopView	org.telegram.ui.Components.v6
C	org.telegram.ui.Components.AttachableDrawable	org.telegram.ui.Components.w6
C	org.telegram.ui.Components.AudioPlayerAlert$ListAdapter	org.telegram.ui.Components.i8
C	org.telegram.ui.Components.AudioPlayerAlert	org.telegram.ui.Components.j8
C	org.telegram.ui.Components.AudioVisualizerDrawable	org.telegram.ui.Components.k8
C	org.telegram.ui.Components.AutoDeletePopupWrapper$Callback	org.telegram.ui.Components.n8
C	org.telegram.ui.Components.AutoDeletePopupWrapper	org.telegram.ui.Components.o8
C	org.telegram.ui.Components.AvatarDrawable	org.telegram.ui.Components.g9
C	org.telegram.ui.Components.AvatarsDrawable$DrawingState	org.telegram.ui.Components.h9
C	org.telegram.ui.Components.AvatarsDrawable	org.telegram.ui.Components.i9
C	org.telegram.ui.Components.AvatarsImageView	org.telegram.ui.Components.j9
C	org.telegram.ui.Components.AvatarsListDrawable	org.telegram.ui.Components.l9
C	org.telegram.ui.Components.BackgroundGradientDrawable$Disposable	org.telegram.ui.Components.t9
C	org.telegram.ui.Components.BackgroundGradientDrawable	org.telegram.ui.Components.u9
C	org.telegram.ui.Components.BackupImageView	org.telegram.ui.Components.v9
C	org.telegram.ui.Components.BadgeLevelDrawable	org.telegram.ui.Components.w9
C	org.telegram.ui.Components.BatchParticlesDrawHelper$BatchParticlesBuffer	d0.h0
C	org.telegram.ui.Components.BatchParticlesDrawHelper	f0.a
C	org.telegram.ui.Components.BitmapShaderTools	com.google.firebase.messaging.k
C	org.telegram.ui.Components.BlobDrawable	org.telegram.ui.Components.aa
C	org.telegram.ui.Components.BlurredRecyclerView	org.telegram.ui.Components.ga
C	org.telegram.ui.Components.BlurringShader$BlurManager	org.telegram.ui.Components.ha
C	org.telegram.ui.Components.BlurringShader$Program	org.telegram.ui.Components.ia
C	org.telegram.ui.Components.BlurringShader$StoryBlurDrawer	org.telegram.ui.Components.la
C	org.telegram.ui.Components.BlurringShader$ThumbBlurer	org.telegram.ui.Components.ma
C	org.telegram.ui.Components.BlurringShader	org.telegram.ui.Components.na
C	org.telegram.ui.Components.BottomSheetWithRecyclerListView	org.telegram.ui.Components.za
C	org.telegram.ui.Components.BubbleCounterPath	t7.b0
C	org.telegram.ui.Components.Bulletin$Button	org.telegram.ui.Components.kb
C	org.telegram.ui.Components.Bulletin$ButtonLayout	org.telegram.ui.Components.lb
C	org.telegram.ui.Components.Bulletin$Delegate	org.telegram.ui.Components.mb
C	org.telegram.ui.Components.Bulletin$Layout$Callback	org.telegram.ui.Components.pb
C	org.telegram.ui.Components.Bulletin$Layout	org.telegram.ui.Components.tb
C	org.telegram.ui.Components.Bulletin$LottieLayout	org.telegram.ui.Components.wb
C	org.telegram.ui.Components.Bulletin$TimerView	org.telegram.ui.Components.hc
C	org.telegram.ui.Components.Bulletin$TwoLineBackupLayout	org.telegram.ui.Components.jc
C	org.telegram.ui.Components.Bulletin	org.telegram.ui.Components.oc
C	org.telegram.ui.Components.BulletinFactory$FileType$Icon	org.telegram.ui.Components.tc
C	org.telegram.ui.Components.BulletinFactory$FileType	org.telegram.ui.Components.uc
C	org.telegram.ui.Components.BulletinFactory	org.telegram.ui.Components.vc
C	org.telegram.ui.Components.ButtonBounce	org.telegram.ui.Components.wc
C	org.telegram.ui.Components.CanvasButton	org.telegram.ui.Components.cd
C	org.telegram.ui.Components.CapsuleBlobDrawable$Layer	org.telegram.ui.Components.dd
C	org.telegram.ui.Components.CapsuleBlobDrawable	org.telegram.ui.Components.ed
C	org.telegram.ui.Components.CastMediaRouteButton	org.telegram.ui.Components.t7
C	org.telegram.ui.Components.ChatActivityEnterTopView$EditView	org.telegram.ui.Components.id
C	org.telegram.ui.Components.ChatActivityEnterTopView$EditViewButton	org.telegram.ui.Components.jd
C	org.telegram.ui.Components.ChatActivityEnterView$ChatActivityEnterViewDelegate	org.telegram.ui.Components.lg
C	org.telegram.ui.Components.ChatActivityEnterView$ControlsView	org.telegram.ui.Components.pg
C	org.telegram.ui.Components.ChatActivityEnterView$SlowModeBtn	org.telegram.ui.Components.tg
C	org.telegram.ui.Components.ChatActivityEnterView$TimerView	org.telegram.ui.Components.ug
C	org.telegram.ui.Components.ChatActivityEnterViewAnimatedIconView$State	org.telegram.ui.Components.wg
C	org.telegram.ui.Components.ChatActivityEnterViewAnimatedIconView$TransitState	org.telegram.ui.Components.xg
C	org.telegram.ui.Components.ChatActivityEnterViewAnimatedIconView	org.telegram.ui.Components.yg
C	org.telegram.ui.Components.ChatActivityInterface	org.telegram.ui.Components.zg
C	org.telegram.ui.Components.ChatActivityTopPanelLayout	org.telegram.ui.Components.ah
C	org.telegram.ui.Components.ChatAttachAlert$AttachAlertLayout	org.telegram.ui.Components.ni
C	org.telegram.ui.Components.ChatAttachAlert$ButtonsAdapter	org.telegram.ui.Components.ti
C	org.telegram.ui.Components.ChatAttachAlert$ChatAttachViewDelegate	org.telegram.ui.Components.ui
C	org.telegram.ui.Components.ChatAttachAlert	org.telegram.ui.Components.wi
C	org.telegram.ui.Components.ChatAttachAlertContactsLayout$ShareAdapter	org.telegram.ui.Components.wj
C	org.telegram.ui.Components.ChatAttachAlertContactsLayout$UserCell	org.telegram.ui.Components.bk
C	org.telegram.ui.Components.ChatAttachAlertContactsLayout	org.telegram.ui.Components.ck
C	org.telegram.ui.Components.ChatAttachAlertEmojiLayout	org.telegram.ui.Components.wk
C	org.telegram.ui.Components.ChatAttachAlertLocationLayout$MapOverlayView	org.telegram.ui.Components.ll
C	org.telegram.ui.Components.ChatAttachAlertLocationLayout	org.telegram.ui.Components.ol
C	org.telegram.ui.Components.ChatAttachAlertPhotoLayout$CameraViewInternal	org.telegram.ui.Components.nm
C	org.telegram.ui.Components.ChatAttachAlertPhotoLayout$PhotoAttachAdapter	org.telegram.ui.Components.rm
C	org.telegram.ui.Components.ChatAttachAlertPhotoLayoutPreview	org.telegram.ui.Components.an
C	org.telegram.ui.Components.ChatAttachAlertPollLayout$ListAdapter	org.telegram.ui.Components.bo
C	org.telegram.ui.Components.ChatAttachAlertPollLayout$ToggleRow	j7.i0
C	org.telegram.ui.Components.ChatAttachAlertPollLayout	org.telegram.ui.Components.eo
C	org.telegram.ui.Components.ChatAttachRestrictedLayout	org.telegram.ui.Components.fo
C	org.telegram.ui.Components.ChatAvatarContainer	org.telegram.ui.Components.no
C	org.telegram.ui.Components.ChatReplyContainer$Layout	org.telegram.ui.Components.zo
C	org.telegram.ui.Components.ChatScrimPopupContainerLayout	org.telegram.ui.Components.bp
C	org.telegram.ui.Components.ChatThemeBottomSheet$ChatThemeItem	org.telegram.ui.Components.vp
C	org.telegram.ui.Components.CheckBox2	org.telegram.ui.Components.xp
C	org.telegram.ui.Components.CheckBoxBase$ProgressDelegate	org.telegram.ui.Components.yp
C	org.telegram.ui.Components.CircleBezierDrawable	org.telegram.ui.Components.cq
C	org.telegram.ui.Components.CircularProgressDrawable	org.telegram.ui.Components.dq
C	org.telegram.ui.Components.ColorPicker$ColorPickerDelegate	org.telegram.ui.Components.vq
C	org.telegram.ui.Components.ColorPicker	org.telegram.ui.Components.wq
C	org.telegram.ui.Components.ColoredImageSpan	org.telegram.ui.Components.yq
C	org.telegram.ui.Components.CombinedDrawable	org.telegram.ui.Components.zq
C	org.telegram.ui.Components.ContextProgressView	org.telegram.ui.Components.dr
C	org.telegram.ui.Components.CornerPath	org.telegram.ui.Components.er
C	org.telegram.ui.Components.CounterView$CounterDrawable	org.telegram.ui.Components.fr
C	org.telegram.ui.Components.Crop.CropRotationWheel$RotationWheelListener	cf.e
C	org.telegram.ui.Components.Crop.CropRotationWheel	cf.f
C	org.telegram.ui.Components.Crop.CropView$CropState	cf.p
C	org.telegram.ui.Components.Crop.CropView	cf.r
C	org.telegram.ui.Components.CrossOutDrawable	org.telegram.ui.Components.wr
C	org.telegram.ui.Components.CrossfadeDrawable	org.telegram.ui.Components.yr
C	org.telegram.ui.Components.CubicBezierInterpolator	org.telegram.ui.Components.zr
C	org.telegram.ui.Components.CustomPhoneKeyboardView	org.telegram.ui.Components.es
C	org.telegram.ui.Components.CustomPopupMenu	org.telegram.ui.Components.hs
C	org.telegram.ui.Components.DialogCellTags$Tag	org.telegram.ui.Components.rs
C	org.telegram.ui.Components.DialogCellTags	org.telegram.ui.Components.ss
C	org.telegram.ui.Components.DialogsActivityStatusLayout	org.telegram.ui.Components.ts
C	org.telegram.ui.Components.DialogsActivityTopBubblesFadeView	org.telegram.ui.Components.us
C	org.telegram.ui.Components.DialogsActivityTopPanelLayout	org.telegram.ui.Components.vs
C	org.telegram.ui.Components.DotDividerSpan	org.telegram.ui.Components.mt
C	org.telegram.ui.Components.EdgeEffectTrackerFactory	org.telegram.ui.Components.wt
C	org.telegram.ui.Components.EditTextEffects	org.telegram.ui.Components.ku
C	org.telegram.ui.Components.EditTextEmoji	org.telegram.ui.Components.ru
C	org.telegram.ui.Components.EllipsizeSpanAnimator	com.google.firebase.messaging.j
C	org.telegram.ui.Components.EmojiPacksAlert$EmojiPacksLoader	org.telegram.ui.Components.xv
C	org.telegram.ui.Components.EmojiPacksAlert	org.telegram.ui.Components.aw
C	org.telegram.ui.Components.EmojiTabsStrip$EmojiTabButton	org.telegram.ui.Components.gw
C	org.telegram.ui.Components.EmojiTabsStrip$EmojiTabsView	org.telegram.ui.Components.iw
C	org.telegram.ui.Components.EmojiTabsStrip	org.telegram.ui.Components.kw
C	org.telegram.ui.Components.EmojiView$CustomEmoji	org.telegram.ui.Components.ay
C	org.telegram.ui.Components.EmojiView$EmojiPack	org.telegram.ui.Components.jy
C	org.telegram.ui.Components.EmojiView$EmojiViewDelegate	org.telegram.ui.Components.wy
C	org.telegram.ui.Components.EmojiView	org.telegram.ui.Components.yz
C	org.telegram.ui.Components.EmptyTextProgressView	org.telegram.ui.Components.a00
C	org.telegram.ui.Components.FillLastLinearLayoutManager	org.telegram.ui.Components.rj
C	org.telegram.ui.Components.FilledTabsView	org.telegram.ui.Components.e00
C	org.telegram.ui.Components.FilterGLThread	org.telegram.ui.Components.k00
C	org.telegram.ui.Components.FilterShaders	org.telegram.ui.Components.o00
C	org.telegram.ui.Components.FireworksOverlay	org.telegram.ui.Components.g10
C	org.telegram.ui.Components.FlickerLoadingView	org.telegram.ui.Components.i10
C	org.telegram.ui.Components.ForegroundColorSpanThemable	org.telegram.ui.Components.u10
C	org.telegram.ui.Components.ForegroundDetector$Listener	org.telegram.ui.Components.v10
C	org.telegram.ui.Components.ForegroundDetector	org.telegram.ui.Components.w10
C	org.telegram.ui.Components.FormattedDateSpan	org.telegram.ui.Components.x10
C	org.telegram.ui.Components.Forum.ForumBubbleDrawable	ef.a
C	org.telegram.ui.Components.Forum.ForumUtilities$GeneralTopicDrawable	ef.c
C	org.telegram.ui.Components.Forum.ForumUtilities	ef.d
C	org.telegram.ui.Components.FragmentContextViewWavesDrawable$WeavingState	org.telegram.ui.Components.m20
C	org.telegram.ui.Components.FragmentContextViewWavesDrawable	org.telegram.ui.Components.n20
C	org.telegram.ui.Components.FragmentFloatingButton	org.telegram.ui.Components.p20
C	org.telegram.ui.Components.FragmentSearchField	org.telegram.ui.bz
C	org.telegram.ui.Components.FragmentSpansContainer	org.telegram.ui.o70
C	org.telegram.ui.Components.GestureDetector2$OnGestureListener	org.telegram.ui.Components.z20
C	org.telegram.ui.Components.GestureDetector2	org.telegram.ui.Components.a30
C	org.telegram.ui.Components.GradientTools	org.telegram.ui.Components.f30
C	org.telegram.ui.Components.GroupCallFullscreenAdapter$GroupCallUserCell	org.telegram.ui.Components.j30
C	org.telegram.ui.Components.GroupCreateSpan	org.telegram.ui.Components.f40
C	org.telegram.ui.Components.GroupedPhotosListView	org.telegram.ui.Components.p40
C	org.telegram.ui.Components.HideViewAfterAnimation	cf.n
C	org.telegram.ui.Components.HintEditText	org.telegram.ui.Components.z40
C	org.telegram.ui.Components.HintView	org.telegram.ui.Components.c50
C	org.telegram.ui.Components.HorizontalRoundTabsLayout	org.telegram.ui.Components.f50
C	org.telegram.ui.Components.ImageUpdater$AvatarFor	org.telegram.ui.Components.m50
C	org.telegram.ui.Components.ImageUpdater$ImageUpdaterDelegate	org.telegram.ui.Components.n50
C	org.telegram.ui.Components.ImageUpdater	org.telegram.ui.Components.o50
C	org.telegram.ui.Components.InstantCameraView$AudioBufferInfo	org.telegram.ui.Components.e60
C	org.telegram.ui.Components.ItemOptions	org.telegram.ui.Components.g80
C	org.telegram.ui.Components.LayoutHelper	t7.d0
C	org.telegram.ui.Components.LinkPath	org.telegram.ui.Components.q90
C	org.telegram.ui.Components.LinkSpanDrawable$LinkCollector	org.telegram.ui.Components.t90
C	org.telegram.ui.Components.LinkSpanDrawable$LinksTextView	org.telegram.ui.Components.w90
C	org.telegram.ui.Components.LinkSpanDrawable	org.telegram.ui.Components.x90
C	org.telegram.ui.Components.ListView.AdapterWithDiffUtils$Item	ff.b
C	org.telegram.ui.Components.ListView.AdapterWithDiffUtils	ff.c
C	org.telegram.ui.Components.LivePhotoButton	org.telegram.ui.Components.y90
C	org.telegram.ui.Components.LoadingDrawable	org.telegram.ui.Components.aa0
C	org.telegram.ui.Components.MediaActionDrawable	org.telegram.ui.Components.ma0
C	org.telegram.ui.Components.MessagePreviewView$RLottieToggleDrawable	org.telegram.ui.Components.jc0
C	org.telegram.ui.Components.MessagePreviewView$ToggleButton	org.telegram.ui.Components.nc0
C	org.telegram.ui.Components.MessagePreviewView	org.telegram.ui.Components.oc0
C	org.telegram.ui.Components.MessageSeenCheckDrawable	org.telegram.ui.Components.tc0
C	org.telegram.ui.Components.MotionBackgroundDrawable	org.telegram.ui.Components.vc0
C	org.telegram.ui.Components.MotionBackgroundPaint$AgslImpl$RuntimeShaderState	org.telegram.ui.Components.xc0
C	org.telegram.ui.Components.MotionBackgroundPaint$AgslImpl	org.telegram.ui.Components.yc0
C	org.telegram.ui.Components.MotionBackgroundPaint$BitmapShaderState	org.telegram.ui.Components.zc0
C	org.telegram.ui.Components.MotionBackgroundPaint	org.telegram.ui.Components.ad0
C	org.telegram.ui.Components.MsgClockDrawable	org.telegram.ui.Components.dd0
C	org.telegram.ui.Components.NoClipCanvas	org.telegram.ui.Components.hd0
C	org.telegram.ui.Components.NumberPicker$PressedStateHelper	org.telegram.ui.Components.nd0
C	org.telegram.ui.Components.NumberPicker	org.telegram.ui.Components.od0
C	org.telegram.ui.Components.OutlineTextContainerView	org.telegram.ui.Components.sd0
C	org.telegram.ui.Components.Paint.PaintTypeface	gf.o0
C	org.telegram.ui.Components.Paint.PersistColorPalette	gf.z0
C	org.telegram.ui.Components.Paint.Shader	gf.l1
C	org.telegram.ui.Components.Paint.Views.EditTextOutline	hf.b
C	org.telegram.ui.Components.Paint.Views.LinkPreview$WebPagePreview	hf.z0
C	org.telegram.ui.Components.Paint.Views.LinkPreview	hf.a1
C	org.telegram.ui.Components.Paint.Views.LocationMarker	hf.f1
C	org.telegram.ui.Components.Paint.Views.StickerCutOutBtn	hf.s2
C	org.telegram.ui.Components.Paint.Views.StickerMakerBackgroundView	org.telegram.ui.z7
C	org.telegram.ui.Components.Paint.Views.StickerMakerView$SegmentedObject	hf.d3
C	org.telegram.ui.Components.Paint.Views.StickerMakerView$StickerUploader	hf.e3
C	org.telegram.ui.Components.Paint.Views.StickerMakerView	hf.g3
C	org.telegram.ui.Components.PaintingOverlay	org.telegram.ui.Components.ae0
C	org.telegram.ui.Components.PasscodeViewDialog	org.telegram.ui.Components.pe0
C	org.telegram.ui.Components.PathAnimator$CurveTo	org.telegram.ui.Components.qe0
C	org.telegram.ui.Components.PathAnimator$KeyFrame	org.telegram.ui.Components.re0
C	org.telegram.ui.Components.PathAnimator$LineTo	org.telegram.ui.Components.se0
C	org.telegram.ui.Components.PathAnimator$MoveTo	org.telegram.ui.Components.te0
C	org.telegram.ui.Components.PathAnimator	org.telegram.ui.Components.ue0
C	org.telegram.ui.Components.PermanentLinkBottomSheet	org.telegram.ui.Components.ve0
C	org.telegram.ui.Components.PermissionRequest	org.telegram.ui.Components.ye0
C	org.telegram.ui.Components.PhotoBubbleClip	org.telegram.ui.Components.lf0
C	org.telegram.ui.Components.PhotoCropView	org.telegram.ui.Components.qf0
C	org.telegram.ui.Components.PhotoFilterCurvesControl	org.telegram.ui.Components.wf0
C	org.telegram.ui.Components.PhotoFilterView$CurvesToolValue	org.telegram.ui.Components.bg0
C	org.telegram.ui.Components.PhotoFilterView$CurvesValue	org.telegram.ui.Components.cg0
C	org.telegram.ui.Components.PhotoFilterView	org.telegram.ui.Components.fg0
C	org.telegram.ui.Components.PhotoViewerCoverEditor	org.telegram.ui.Components.gg0
C	org.telegram.ui.Components.PhotoViewerWebView	org.telegram.ui.Components.og0
C	org.telegram.ui.Components.PickerBottomLayoutViewer	org.telegram.ui.Components.qg0
C	org.telegram.ui.Components.PlayPauseDrawable	org.telegram.ui.Components.fh0
C	org.telegram.ui.Components.PopupAudioView	org.telegram.ui.Components.ph0
C	org.telegram.ui.Components.PopupSwipeBackLayout	org.telegram.ui.Components.th0
C	org.telegram.ui.Components.Premium.GLIcon.GLIconRenderer	kf.a
C	org.telegram.ui.Components.Premium.GLIcon.GLIconTextureView	kf.h
C	org.telegram.ui.Components.Premium.GLIcon.Icon3D	kf.i
C	org.telegram.ui.Components.Premium.LimitPreviewView$CounterView$AnimatedLayout	jf.v
C	org.telegram.ui.Components.Premium.LimitPreviewView$CounterView	jf.w
C	org.telegram.ui.Components.Premium.LimitReachedBottomSheet$LimitParams	androidx.emoji2.text.p
C	org.telegram.ui.Components.Premium.LimitReachedBottomSheet	jf.r0
C	org.telegram.ui.Components.Premium.PremiumFeatureBottomSheet	jf.k1
C	org.telegram.ui.Components.Premium.PremiumGradient$InternalDrawable	jf.l1
C	org.telegram.ui.Components.Premium.PremiumGradient$PremiumGradientTools	jf.m1
C	org.telegram.ui.Components.Premium.PremiumGradient	jf.n1
C	org.telegram.ui.Components.Premium.PremiumLockIconView	jf.o1
C	org.telegram.ui.Components.Premium.PremiumTierCell	jf.g2
C	org.telegram.ui.Components.Premium.StarParticlesView$Drawable$Particle	jf.k2
C	org.telegram.ui.Components.Premium.StarParticlesView$Drawable	jf.l2
C	org.telegram.ui.Components.Premium.StarParticlesView	jf.m2
C	org.telegram.ui.Components.Premium.boosts.BoostDialogs	lf.p
C	org.telegram.ui.Components.Premium.boosts.BoostRepository	lf.m0
C	org.telegram.ui.Components.Premium.boosts.UserSelectorBottomSheet	lf.q2
C	org.telegram.ui.Components.Premium.boosts.cells.msg.GiveawayMessageCell	of.a
C	org.telegram.ui.Components.Premium.boosts.cells.msg.GiveawayResultsMessageCell	of.c
C	org.telegram.ui.Components.ProfileActionsView$Action	org.telegram.ui.Components.zh0
C	org.telegram.ui.Components.ProfileActionsView$OnActionClickListener	org.telegram.ui.Components.bi0
C	org.telegram.ui.Components.ProfileActionsView	org.telegram.ui.Components.ci0
C	org.telegram.ui.Components.ProfileGalleryBlurView	org.telegram.ui.Components.ei0
C	org.telegram.ui.Components.ProfileMetaballView$BlurBitmapHolder	org.telegram.ui.Components.si0
C	org.telegram.ui.Components.ProfileMusicView	org.telegram.ui.Components.ui0
C	org.telegram.ui.Components.ProgressView	org.telegram.ui.Components.xi0
C	org.telegram.ui.Components.ProximitySheet	org.telegram.ui.Components.dj0
C	org.telegram.ui.Components.ProxyDrawable	org.telegram.ui.Components.ej0
C	org.telegram.ui.Components.PullForegroundDrawable	org.telegram.ui.Components.hj0
C	org.telegram.ui.Components.QuoteHighlight$Rect	org.telegram.ui.Components.lj0
C	org.telegram.ui.Components.QuoteHighlight	org.telegram.ui.Components.mj0
C	org.telegram.ui.Components.QuoteSpan$QuoteStyleSpan	org.telegram.ui.Components.qj0
C	org.telegram.ui.Components.QuoteSpan	org.telegram.ui.Components.rj0
C	org.telegram.ui.Components.RLottieDrawable	org.telegram.ui.Components.xj0
C	org.telegram.ui.Components.RLottieImageView	org.telegram.ui.Components.ak0
C	org.telegram.ui.Components.RadialProgress	org.telegram.ui.Components.bk0
C	org.telegram.ui.Components.ReactedUsersListView$ContainerLinerLayout	org.telegram.ui.Components.lk0
C	org.telegram.ui.Components.ReactionTabHolderView	org.telegram.ui.Components.qk0
C	org.telegram.ui.Components.Reactions.AnimatedEmojiEffect	rf.d
C	org.telegram.ui.Components.Reactions.ChatSelectionReactionMenuOverlay	rf.t
C	org.telegram.ui.Components.Reactions.CustomEmojiReactionsWindow	rf.b0
C	org.telegram.ui.Components.Reactions.HwEmojis	rf.e0
C	org.telegram.ui.Components.Reactions.ReactionsLayoutInBubble$ReactionButton	rf.n0
C	org.telegram.ui.Components.Reactions.ReactionsLayoutInBubble$VisibleReaction	rf.p0
C	org.telegram.ui.Components.Reactions.ReactionsLayoutInBubble	rf.q0
C	org.telegram.ui.Components.Reactions.ReactionsUtils	rf.r0
C	org.telegram.ui.Components.ReactionsContainerLayout$ReactionsContainerDelegate	org.telegram.ui.Components.fl0
C	org.telegram.ui.Components.ReactionsContainerLayout	org.telegram.ui.Components.gl0
C	org.telegram.ui.Components.RecordedAudioPlayerView	org.telegram.ui.Components.hl0
C	org.telegram.ui.Components.RectOld	org.telegram.ui.Components.il0
C	org.telegram.ui.Components.RecyclerItemsEnterAnimator	org.telegram.ui.Components.pl0
C	org.telegram.ui.Components.RecyclerListView$FastScroll	org.telegram.ui.Components.rl0
C	org.telegram.ui.Components.RecyclerListView$ListSectionsDecoration	org.telegram.ui.Components.wl0
C	org.telegram.ui.Components.RecyclerListView$OnItemClickListener	org.telegram.ui.Components.yl0
C	org.telegram.ui.Components.RecyclerListView$OnItemClickListenerExtended	org.telegram.ui.Components.zl0
C	org.telegram.ui.Components.RecyclerListView$OnItemLongClickListener	org.telegram.ui.Components.am0
C	org.telegram.ui.Components.RecyclerListView	org.telegram.ui.Components.jm0
C	org.telegram.ui.Components.RecyclerViewItemRangeSelector	org.telegram.ui.Components.lm0
C	org.telegram.ui.Components.ReplaceableIconDrawable	org.telegram.ui.Components.om0
C	org.telegram.ui.Components.ReplyMessageLine$IconCoords	org.telegram.ui.Components.pm0
C	org.telegram.ui.Components.ReplyMessageLine	org.telegram.ui.Components.qm0
C	org.telegram.ui.Components.ScaleStateListAnimator	t7.f0
C	org.telegram.ui.Components.ScamDrawable	org.telegram.ui.Components.vm0
C	org.telegram.ui.Components.ScrimOptions	org.telegram.ui.Components.ym0
C	org.telegram.ui.Components.ScrollSlidingTextTabStrip$ScrollSlidingTabStripDelegate	org.telegram.ui.Components.in0
C	org.telegram.ui.Components.ScrollableHorizontalScrollView	org.telegram.ui.Components.jn0
C	org.telegram.ui.Components.Scroller	org.telegram.ui.Components.kn0
C	org.telegram.ui.Components.SearchDownloadsContainer$DownloadsAdapter	org.telegram.ui.Components.rn0
C	org.telegram.ui.Components.SearchDownloadsContainer	org.telegram.ui.Components.sn0
C	org.telegram.ui.Components.SearchViewPager	org.telegram.ui.Components.so0
C	org.telegram.ui.Components.SeekBar	org.telegram.ui.Components.vo0
C	org.telegram.ui.Components.SeekBarView$SeekBarViewDelegate	org.telegram.ui.Components.yo0
C	org.telegram.ui.Components.SeekBarWaveform	org.telegram.ui.Components.cp0
C	org.telegram.ui.Components.SeekSpeedDrawable	org.telegram.ui.Components.ep0
C	org.telegram.ui.Components.ShareTopView$Layout	org.telegram.ui.Components.fr0
C	org.telegram.ui.Components.ShareTopView	org.telegram.ui.Components.hr0
C	org.telegram.ui.Components.SharedMediaLayout$Period	org.telegram.ui.Components.ru0
C	org.telegram.ui.Components.SharedMediaLayout$SharedMediaData	org.telegram.ui.Components.kv0
C	org.telegram.ui.Components.SharedMediaLayout$SharedMediaPreloader	org.telegram.ui.Components.nv0
C	org.telegram.ui.Components.SharedMediaLayout$SharedMediaPreloaderDelegate	org.telegram.ui.Components.ov0
C	org.telegram.ui.Components.ShutterButton$ShutterButtonDelegate	org.telegram.ui.Components.aw0
C	org.telegram.ui.Components.ShutterButton$State	org.telegram.ui.Components.bw0
C	org.telegram.ui.Components.SimpleFloatPropertyCompat$Getter	org.telegram.ui.Components.dw0
C	org.telegram.ui.Components.SimpleFloatPropertyCompat	org.telegram.ui.Components.fw0
C	org.telegram.ui.Components.SimpleThemeDescription	t7.g0
C	org.telegram.ui.Components.SizeNotifierFrameLayout$SizeNotifierFrameLayoutDelegate	org.telegram.ui.Components.lw0
C	org.telegram.ui.Components.SizeNotifierFrameLayout	org.telegram.ui.Components.mw0
C	org.telegram.ui.Components.SizeNotifierFrameLayoutPhoto	org.telegram.ui.Components.nw0
C	org.telegram.ui.Components.SlideChooseView$Callback	org.telegram.ui.Components.pw0
C	org.telegram.ui.Components.SlideChooseView	org.telegram.ui.Components.qw0
C	org.telegram.ui.Components.SnowflakesEffect	org.telegram.ui.Components.xw0
C	org.telegram.ui.Components.SquigglyLinesSpan	org.telegram.ui.Components.yw0
C	org.telegram.ui.Components.StarRatingView$Colors	org.telegram.ui.Components.dx0
C	org.telegram.ui.Components.StarRatingView	org.telegram.ui.Components.fx0
C	org.telegram.ui.Components.StatusDrawable	org.telegram.ui.Components.ix0
C	org.telegram.ui.Components.StickerEmptyView	org.telegram.ui.Components.wx0
C	org.telegram.ui.Components.StickerImageView	org.telegram.ui.Components.xx0
C	org.telegram.ui.Components.SuggestEmojiView	org.telegram.ui.Components.lz0
C	org.telegram.ui.Components.TableLayout$Alignment	org.telegram.ui.Components.uz0
C	org.telegram.ui.Components.TableLayout$Bounds	org.telegram.ui.Components.zz0
C	org.telegram.ui.Components.TableLayout$CellText	org.telegram.ui.Components.a01
C	org.telegram.ui.Components.TableLayout$Child	org.telegram.ui.Components.b01
C	org.telegram.ui.Components.TableLayout$Interval	org.telegram.ui.Components.c01
C	org.telegram.ui.Components.TableLayout$LayoutParams	org.telegram.ui.Components.d01
C	org.telegram.ui.Components.TableLayout$Spec	org.telegram.ui.Components.f01
C	org.telegram.ui.Components.TableLayout	org.telegram.ui.Components.i01
C	org.telegram.ui.Components.TableView	org.telegram.ui.Components.n01
C	org.telegram.ui.Components.Text	org.telegram.ui.Components.f11
C	org.telegram.ui.Components.TextHelper	t7.h0
C	org.telegram.ui.Components.TextPaintImageReceiverSpan	org.telegram.ui.Components.g11
C	org.telegram.ui.Components.TextPaintUrlSpan	org.telegram.ui.Components.j11
C	org.telegram.ui.Components.TextStyleSpan$TextStyleRun	org.telegram.ui.Components.n11
C	org.telegram.ui.Components.TextStyleSpan	org.telegram.ui.Components.o11
C	org.telegram.ui.Components.TextViewSwitcher	org.telegram.ui.Components.p11
C	org.telegram.ui.Components.ThanosEffect	org.telegram.ui.Components.w11
C	org.telegram.ui.Components.ThemeEditorView$EditorAlert$ColorPicker	org.telegram.ui.Components.i21
C	org.telegram.ui.Components.ThemeEditorView$EditorAlert$SearchAdapter	org.telegram.ui.Components.k21
C	org.telegram.ui.Components.ThemeEditorView$EditorAlert$SearchField	org.telegram.ui.Components.o21
C	org.telegram.ui.Components.TimerDrawable	org.telegram.ui.Components.t21
C	org.telegram.ui.Components.TimerParticles	org.telegram.ui.Components.v21
C	org.telegram.ui.Components.TopicSeparator	org.telegram.ui.Components.z21
C	org.telegram.ui.Components.TopicsTabsView$Position	org.telegram.ui.Components.r31
C	org.telegram.ui.Components.TopicsTabsView	org.telegram.ui.Components.v31
C	org.telegram.ui.Components.TornEdge$Params	org.telegram.ui.Components.w31
C	org.telegram.ui.Components.TranscribeButton	org.telegram.ui.Components.c41
C	org.telegram.ui.Components.TransformableLoginButtonView	org.telegram.ui.Components.d41
C	org.telegram.ui.Components.TranslateAlert2$PaddedAdapter	org.telegram.ui.Components.s41
C	org.telegram.ui.Components.TranslateAlert2	org.telegram.ui.Components.t41
C	org.telegram.ui.Components.TypefaceSpan	org.telegram.ui.Components.d61
C	org.telegram.ui.Components.TypingDotsDrawable	org.telegram.ui.Components.e61
C	org.telegram.ui.Components.UItem$UItemFactory	org.telegram.ui.Components.f61
C	org.telegram.ui.Components.UItem	org.telegram.ui.Components.g61
C	org.telegram.ui.Components.URLSpanBotCommand	org.telegram.ui.Components.h61
C	org.telegram.ui.Components.URLSpanBrowser	org.telegram.ui.Components.i61
C	org.telegram.ui.Components.URLSpanNoUnderline	org.telegram.ui.Components.k61
C	org.telegram.ui.Components.URLSpanReplacement	org.telegram.ui.Components.m61
C	org.telegram.ui.Components.URLSpanUserMention	org.telegram.ui.Components.n61
C	org.telegram.ui.Components.UniversalAdapter$Section	org.telegram.ui.Components.s61
C	org.telegram.ui.Components.UniversalAdapter	org.telegram.ui.Components.u61
C	org.telegram.ui.Components.UniversalFragment	org.telegram.ui.Components.y61
C	org.telegram.ui.Components.UniversalRecyclerView	org.telegram.ui.Components.e71
C	org.telegram.ui.Components.UnreadCounterTextView	org.telegram.ui.gl
C	org.telegram.ui.Components.UnsupportedBlockDrawable	org.telegram.ui.Components.h71
C	org.telegram.ui.Components.VectorAvatarThumbDrawable	org.telegram.ui.Components.m71
C	org.telegram.ui.Components.VideoCompressButton	org.telegram.ui.Components.o71
C	org.telegram.ui.Components.VideoEditTextureView$VideoEditTextureViewDelegate	org.telegram.ui.Components.p71
C	org.telegram.ui.Components.VideoEditTextureView	org.telegram.ui.Components.q71
C	org.telegram.ui.Components.VideoPlayer$Quality	org.telegram.ui.Components.y71
C	org.telegram.ui.Components.VideoPlayer$VideoPlayerDelegate	org.telegram.ui.Components.z71
C	org.telegram.ui.Components.VideoPlayer$VideoUri	org.telegram.ui.Components.a81
C	org.telegram.ui.Components.VideoPlayer	org.telegram.ui.Components.c81
C	org.telegram.ui.Components.VideoPlayerSeekBar	org.telegram.ui.Components.e81
C	org.telegram.ui.Components.VideoTimelineView$TimeHintView	org.telegram.ui.Components.p81
C	org.telegram.ui.Components.VideoTimelineView$VideoTimelineViewDelegate	org.telegram.ui.Components.q81
C	org.telegram.ui.Components.VideoTimelineView	org.telegram.ui.Components.r81
C	org.telegram.ui.Components.ViewPagerFixed$Adapter	org.telegram.ui.Components.w81
C	org.telegram.ui.Components.ViewPagerFixed$TabsView$TabsViewDelegate	org.telegram.ui.Components.d91
C	org.telegram.ui.Components.ViewPagerFixed$TabsView	org.telegram.ui.Components.e91
C	org.telegram.ui.Components.WallpaperCheckBoxView	org.telegram.ui.Components.g91
C	org.telegram.ui.Components.WallpaperParallaxEffect	org.telegram.ui.Components.i91
C	org.telegram.ui.Components.WallpaperUpdater$WallpaperUpdaterDelegate	org.telegram.ui.Components.l91
C	org.telegram.ui.Components.WallpaperUpdater	org.telegram.ui.Components.m91
C	org.telegram.ui.Components.WebPlayerView$CallJavaResultInterface	org.telegram.ui.Components.o91
C	org.telegram.ui.Components.ZoomControlView$ZoomControlViewDelegate	org.telegram.ui.Components.z91
C	org.telegram.ui.Components.ZoomControlView	org.telegram.ui.Components.aa1
C	org.telegram.ui.Components.blur3.BlurredBackgroundDrawableViewFactory	sf.a
C	org.telegram.ui.Components.blur3.BlurredBackgroundWithFadeDrawable	sf.b
C	org.telegram.ui.Components.blur3.DownscaleScrollableNoiseSuppressor$DownscaledRenderNode	sf.c
C	org.telegram.ui.Components.blur3.DownscaleScrollableNoiseSuppressor$SourcePart	sf.d
C	org.telegram.ui.Components.blur3.DownscaleScrollableNoiseSuppressor	sf.e
C	org.telegram.ui.Components.blur3.RenderNodeWithHash$Renderer	sf.g
C	org.telegram.ui.Components.blur3.RenderNodeWithHash	sf.h
C	org.telegram.ui.Components.blur3.StrokeDrawable	sf.i
C	org.telegram.ui.Components.blur3.ViewGroupPartRenderer$DrawChildMethod	sf.j
C	org.telegram.ui.Components.blur3.ViewGroupPartRenderer	sf.k
C	org.telegram.ui.Components.blur3.drawable.BlurredBackgroundDrawable$Props	uf.a
C	org.telegram.ui.Components.blur3.drawable.BlurredBackgroundDrawable	uf.b
C	org.telegram.ui.Components.blur3.drawable.BlurredBackgroundDrawableSource	uf.d
C	org.telegram.ui.Components.blur3.drawable.color.BlurredBackgroundColorProvider	vf.a
C	org.telegram.ui.Components.blur3.drawable.color.BlurredBackgroundProvider	vf.d
C	org.telegram.ui.Components.blur3.drawable.color.impl.BlurredBackgroundProviderImpl	wf.b
C	org.telegram.ui.Components.blur3.source.BlurredBackgroundSource	xf.a
C	org.telegram.ui.Components.blur3.source.BlurredBackgroundSourceBitmap	xf.b
C	org.telegram.ui.Components.blur3.source.BlurredBackgroundSourceColor	xf.c
C	org.telegram.ui.Components.blur3.source.BlurredBackgroundSourceRenderNode	xf.d
C	org.telegram.ui.Components.blur3.utils.BitmapMemoizedMetadata	androidx.biometric.e
C	org.telegram.ui.Components.chat.ChatActivityBottomViewsVisibilityController	e6.f
C	org.telegram.ui.Components.chat.ChatActivityDraftMessageMeasureController	zf.a
C	org.telegram.ui.Components.chat.ChatActivityMessageMetricsView	zf.d
C	org.telegram.ui.Components.chat.ChatActivitySearchContainer	hf.m2
C	org.telegram.ui.Components.chat.ChatInputViewsContainer	zf.e
C	org.telegram.ui.Components.chat.ViewPositionWatcher$OnChangedListener	zf.f
C	org.telegram.ui.Components.chat.ViewPositionWatcher$Tracked	zf.g
C	org.telegram.ui.Components.chat.ViewPositionWatcher	zf.h
C	org.telegram.ui.Components.chat.layouts.ChatActivityActionsButtonsLayout	bg.c
C	org.telegram.ui.Components.chat.layouts.ChatActivityFadeView	bg.g
C	org.telegram.ui.Components.chat.layouts.ChatActivitySideControlsButtonsLayout	bg.j
C	org.telegram.ui.Components.glass.GlassTabView$TabAnimation	gg.a
C	org.telegram.ui.Components.glass.GlassTabView	gg.b
C	org.telegram.ui.Components.inset.WindowInsetsInAppController	hg.f
C	org.telegram.ui.Components.inset.WindowInsetsProvider	hg.g
C	org.telegram.ui.Components.inset.WindowInsetsStateHolder	hg.i
C	org.telegram.ui.Components.poll.FileState	ig.a
C	org.telegram.ui.Components.poll.PollAttachedMedia	ig.h
C	org.telegram.ui.Components.poll.PollContentDrawable	ig.j
C	org.telegram.ui.Components.poll.PollSendParams	ig.k
C	org.telegram.ui.Components.poll.WebPageLoader	ig.w
C	org.telegram.ui.Components.poll.attached.PollAttachedMediaFile	jg.c
C	org.telegram.ui.Components.poll.attached.PollAttachedMediaGallery	jg.d
C	org.telegram.ui.Components.poll.buttons.PollAddButtonDrawable	kg.a
C	org.telegram.ui.Components.poll.buttons.PollButtonDrawable	kg.b
C	org.telegram.ui.Components.poll.buttons.PollButtonDrawableBase	kg.c
C	org.telegram.ui.Components.quickforward.BlurVisibilityDrawable$DrawRunnable	mg.a
C	org.telegram.ui.Components.quickforward.BlurVisibilityDrawable	mg.b
C	org.telegram.ui.Components.spoilers.SpoilerEffect2	ng.j
C	org.telegram.ui.Components.spoilers.SpoilerEffect	ng.k
C	org.telegram.ui.Components.spoilers.SpoilersTextView	ng.r
C	org.telegram.ui.Components.voip.CellFlickerDrawable	org.telegram.ui.Components.voip.h
C	org.telegram.ui.Components.voip.GroupCallGridCell	org.telegram.ui.Components.voip.l
C	org.telegram.ui.Components.voip.GroupCallMiniTextureView	org.telegram.ui.Components.voip.t
C	org.telegram.ui.Components.voip.GroupCallStatusIcon	org.telegram.ui.Components.voip.o0
C	org.telegram.ui.Components.voip.ImageWithWavesView$AvatarWavesDrawable	org.telegram.ui.Components.voip.q0
C	org.telegram.ui.Components.voip.ImageWithWavesView	org.telegram.ui.Components.voip.r0
C	org.telegram.ui.Components.voip.VoIPFloatingLayout	org.telegram.ui.Components.voip.s1
C	org.telegram.ui.Components.voip.VoIPHelper	org.telegram.ui.Components.voip.f2
C	org.telegram.ui.Components.voip.VoIPPiPView$FloatingView	org.telegram.ui.Components.voip.l2
C	org.telegram.ui.Components.voip.VoIPPiPView	org.telegram.ui.Components.voip.m2
C	org.telegram.ui.Components.voip.VoIPTextureView	org.telegram.ui.Components.voip.s2
C	org.telegram.ui.ComposeDrawable	org.telegram.ui.us
C	org.telegram.ui.ContentPreviewViewer	org.telegram.ui.fu
C	org.telegram.ui.DarkBlueThemeResourcesProvider	org.telegram.ui.Components.lq0
C	org.telegram.ui.DataAutoDownloadActivity$ListAdapter	org.telegram.ui.xu
C	org.telegram.ui.DataSettingsActivity$ListAdapter	org.telegram.ui.cv
C	org.telegram.ui.Delegates.ChatActivityMemberRequestsDelegate$ChangeVisibilityDelegate	og.d
C	org.telegram.ui.Delegates.ChatActivityMemberRequestsDelegate	og.e
C	org.telegram.ui.DialogsActivity$ContentView	org.telegram.ui.ez
C	org.telegram.ui.DialogsActivity$DialogsActivityDelegate	org.telegram.ui.fz
C	org.telegram.ui.DialogsActivity$DialogsHeader	org.telegram.ui.gz
C	org.telegram.ui.DialogsActivity$DialogsRecyclerView	org.telegram.ui.hz
C	org.telegram.ui.DialogsActivity$ViewPage	org.telegram.ui.kz
C	org.telegram.ui.DialogsActivity	org.telegram.ui.lz
C	org.telegram.ui.EmptyBaseFragment	org.telegram.ui.ActionBar.s
C	org.telegram.ui.FiltersSetupActivity$ItemInner	org.telegram.ui.t20
C	org.telegram.ui.FiltersSetupActivity$ListAdapter	org.telegram.ui.v20
C	org.telegram.ui.GLIconSettingsView	hf.k3
C	org.telegram.ui.Gifts.AuctionBidSheet$Params	pg.m
C	org.telegram.ui.Gifts.GiftMessageDrawable	pg.m0
C	org.telegram.ui.Gifts.GiftSheet$CardBackground	pg.f1
C	org.telegram.ui.Gifts.GiftSheet$SharedBackgroundDrawables	pg.m1
C	org.telegram.ui.GradientClip	org.telegram.ui.d30
C	org.telegram.ui.GradientHeaderActivity	org.telegram.ui.j30
C	org.telegram.ui.GroupCallActivity$CallEncryptionCellDrawable	org.telegram.ui.l60
C	org.telegram.ui.GroupCallActivity	org.telegram.ui.a70
C	org.telegram.ui.GroupCreateActivity$GroupCreateAdapter	org.telegram.ui.u70
C	org.telegram.ui.GroupCreateActivity$Letter	org.telegram.ui.v70
C	org.telegram.ui.GroupCreateActivity	org.telegram.ui.w70
C	org.telegram.ui.HeaderShadowView	jf.g0
C	org.telegram.ui.IArticleViewer	org.telegram.ui.l80
C	org.telegram.ui.LanguageSelectActivity$ListAdapter	org.telegram.ui.i90
C	org.telegram.ui.LinkManager	org.telegram.ui.vc0
C	org.telegram.ui.LiteModeSettingsActivity	org.telegram.ui.dd0
C	org.telegram.ui.LocationActivity$LiveLocation	org.telegram.ui.sd0
C	org.telegram.ui.LocationActivity$MapOverlayView	org.telegram.ui.vd0
C	org.telegram.ui.LocationActivity$SearchButton	org.telegram.ui.Components.ml
C	org.telegram.ui.LocationActivity	org.telegram.ui.yd0
C	org.telegram.ui.MainTabsActivity	org.telegram.ui.vh0
C	org.telegram.ui.MainTabsLayout	org.telegram.ui.xh0
C	org.telegram.ui.MessageSeenView	org.telegram.ui.wi0
C	org.telegram.ui.MultiLayoutTypingAnimator$Block	org.telegram.ui.ik0
C	org.telegram.ui.MultiLayoutTypingAnimator$Renderer	org.telegram.ui.jk0
C	org.telegram.ui.MultiLayoutTypingAnimator	org.telegram.ui.kk0
C	org.telegram.ui.NotificationsCustomSettingsActivity$ItemInner	org.telegram.ui.dl0
C	org.telegram.ui.NotificationsCustomSettingsActivity$ListAdapter	org.telegram.ui.el0
C	org.telegram.ui.NotificationsCustomSettingsActivity$SearchAdapter	org.telegram.ui.gl0
C	org.telegram.ui.NotificationsSettingsActivity$ListAdapter	org.telegram.ui.il0
C	org.telegram.ui.NotificationsSettingsActivity$NotificationException	org.telegram.ui.jl0
C	org.telegram.ui.PeerColorActivity$Page	org.telegram.ui.hq0
C	org.telegram.ui.PeerColorActivity$PeerColorDrawable	org.telegram.ui.iq0
C	org.telegram.ui.PeerColorActivity$PeerColorGrid$ColorButton	org.telegram.ui.jq0
C	org.telegram.ui.PeerColorActivity$PeerColorGrid	org.telegram.ui.kq0
C	org.telegram.ui.PeerColorActivity$PeerColorSpan	org.telegram.ui.Components.z01
C	org.telegram.ui.PeerColorActivity	org.telegram.ui.nq0
C	org.telegram.ui.PhotoViewer$BlurButton	org.telegram.ui.zu0
C	org.telegram.ui.PhotoViewer$CaptionScrollView	org.telegram.ui.mu0
C	org.telegram.ui.PhotoViewer$CaptionTextViewSwitcher	org.telegram.ui.dv0
C	org.telegram.ui.PhotoViewer$EditState	org.telegram.ui.ev0
C	org.telegram.ui.PhotoViewer$FirstFrameView	org.telegram.ui.gv0
C	org.telegram.ui.PhotoViewer$FrameLayoutDrawer	org.telegram.ui.hv0
C	org.telegram.ui.PhotoViewer$ListAdapter	org.telegram.ui.iv0
C	org.telegram.ui.PhotoViewer$PhotoCountView	org.telegram.ui.kv0
C	org.telegram.ui.PhotoViewer$PhotoProgressView	org.telegram.ui.lv0
C	org.telegram.ui.PhotoViewer$PhotoViewerProvider	org.telegram.ui.nv0
C	org.telegram.ui.PhotoViewer$PlaceProviderObject	org.telegram.ui.pv0
C	org.telegram.ui.PhotoViewer$QualityChooseView	org.telegram.ui.rv0
C	org.telegram.ui.PhotoViewer$SelectedPhotosListView	org.telegram.ui.vv0
C	org.telegram.ui.PhotoViewer$VideoPlayerControlFrameLayout	org.telegram.ui.wv0
C	org.telegram.ui.PremiumFeatureCell	org.telegram.ui.ex0
C	org.telegram.ui.PremiumPreviewFragment$BackgroundView	org.telegram.ui.tx0
C	org.telegram.ui.PremiumPreviewFragment$PremiumFeatureData	org.telegram.ui.ux0
C	org.telegram.ui.PrivacyControlActivity$DiffCallback	org.telegram.ui.hy0
C	org.telegram.ui.PrivacyControlActivity$ListAdapter	org.telegram.ui.ly0
C	org.telegram.ui.PrivacyControlActivity$MessageCell	org.telegram.ui.my0
C	org.telegram.ui.PrivacySettingsActivity$ListAdapter	org.telegram.ui.py0
C	org.telegram.ui.ProfileActivity$ListAdapter	org.telegram.ui.q11
C	org.telegram.ui.ProfileActivity$NestedFrameLayout	org.telegram.ui.a11
C	org.telegram.ui.ProfileActivity$OverlaysView	org.telegram.ui.r11
C	org.telegram.ui.ProfileActivity$PagerIndicatorView	org.telegram.ui.t11
C	org.telegram.ui.ProfileActivity$SearchAdapter$SearchResult	org.telegram.ui.z11
C	org.telegram.ui.ProfileActivity$SearchAdapter	org.telegram.ui.a21
C	org.telegram.ui.ProfileActivity$ShowDrawable	org.telegram.ui.b21
C	org.telegram.ui.ProfileActivity$TopView	org.telegram.ui.d21
C	org.telegram.ui.ProfileBirthdayEffect$BirthdayEffectFetcher	org.telegram.ui.e21
C	org.telegram.ui.ProfileBirthdayEffect$ImageReceiverAsset	org.telegram.ui.g21
C	org.telegram.ui.ProfileBirthdayEffect	org.telegram.ui.h21
C	org.telegram.ui.ProxyListActivity$ListAdapter	org.telegram.ui.x21
C	org.telegram.ui.ProxyListActivity$TextDetailProxyCell	org.telegram.ui.y21
C	org.telegram.ui.ProxySettingsActivity	org.telegram.ui.g31
C	org.telegram.ui.RecyclerListViewScroller	a9.l0
C	org.telegram.ui.RestrictedLanguagesSelectActivity$ListAdapter	org.telegram.ui.v41
C	org.telegram.ui.RestrictedLanguagesSelectActivity	org.telegram.ui.w41
C	org.telegram.ui.SearchTabsAndFiltersLayout	org.telegram.ui.k51
C	org.telegram.ui.SecretMediaViewer$FrameLayoutDrawer	df.k
C	org.telegram.ui.SecretMediaViewer$SecretDeleteTimer	org.telegram.ui.t51
C	org.telegram.ui.SecretMediaViewer$VideoPlayerControlFrameLayout	org.telegram.ui.u51
C	org.telegram.ui.SelectAnimatedEmojiDialog$EmojiPackExpand	org.telegram.ui.d71
C	org.telegram.ui.SelectAnimatedEmojiDialog$ImageViewEmoji	org.telegram.ui.i71
C	org.telegram.ui.SelectAnimatedEmojiDialog$SelectAnimatedEmojiDialogWindow	org.telegram.ui.hy
C	org.telegram.ui.SelectAnimatedEmojiDialog	org.telegram.ui.z71
C	org.telegram.ui.SessionsActivity$ListAdapter	org.telegram.ui.j91
C	org.telegram.ui.SettingsActivity$SettingCell$Factory	org.telegram.ui.u91
C	org.telegram.ui.SettingsActivity	org.telegram.ui.y91
C	org.telegram.ui.Stars.BalanceCloud	qg.a
C	org.telegram.ui.Stars.BotStarsActivity	qg.j
C	org.telegram.ui.Stars.BotStarsController$ChannelConnectedBots	qg.o
C	org.telegram.ui.Stars.BotStarsController$ChannelSuggestedBots	qg.p
C	org.telegram.ui.Stars.BotStarsController	qg.r
C	org.telegram.ui.Stars.ExplainStarsSheet$FeatureCell	qg.u
C	org.telegram.ui.Stars.MessageSuggestionOfferSheet	qg.f0
C	org.telegram.ui.Stars.ProfileGiftsView$Gift	qg.g0
C	org.telegram.ui.Stars.ProfileGiftsView	qg.h0
C	org.telegram.ui.Stars.StarGiftUniqueActionLayout	qg.e4
C	org.telegram.ui.Stars.StarReactionsOverlay	qg.g4
C	org.telegram.ui.Stars.StarsController$GiftsList	qg.r5
C	org.telegram.ui.Stars.StarsController$MessageId	qg.t5
C	org.telegram.ui.Stars.StarsController$PendingPaidReactions	qg.y5
C	org.telegram.ui.Stars.StarsController	qg.z5
C	org.telegram.ui.Stars.StarsIntroActivity$StarTierView$Factory	qg.q7
C	org.telegram.ui.Stars.StarsIntroActivity$StarsNeededSheet$HeaderView	org.telegram.ui.g30
C	org.telegram.ui.Stars.StarsIntroActivity$StarsNeededSheet	qg.t7
C	org.telegram.ui.Stars.StarsIntroActivity$StarsTransactionsLayout$PageAdapter	qg.b8
C	org.telegram.ui.Stars.StarsIntroActivity$StarsTransactionsLayout	qg.c8
C	org.telegram.ui.Stars.StarsIntroActivity	qg.d8
C	org.telegram.ui.Stars.StarsReactionsSheet$Particles$Particle	qg.p8
C	org.telegram.ui.Stars.StarsReactionsSheet$Particles	qg.q8
C	org.telegram.ui.StatisticActivity$ChartViewData	org.telegram.ui.fb1
C	org.telegram.ui.Storage.CacheModel$FileInfo	rg.a
C	org.telegram.ui.Storage.CacheModel	rg.b
C	org.telegram.ui.Stories.DarkThemeResourceProvider	sg.c
C	org.telegram.ui.Stories.DialogStoriesCell	org.telegram.ui.cy
C	org.telegram.ui.Stories.HighlightMessageSheet	sg.s
C	org.telegram.ui.Stories.LivePlayer	sg.a1
C	org.telegram.ui.Stories.PeerStoriesView$8	sg.e3
C	org.telegram.ui.Stories.PeerStoriesView$Delegate	sg.f3
C	org.telegram.ui.Stories.PeerStoriesView$SharedResources	sg.h3
C	org.telegram.ui.Stories.PeerStoriesView$VideoPlayerSharedScope	f2.y
C	org.telegram.ui.Stories.PeerStoriesView	sg.j3
C	org.telegram.ui.Stories.ProfileStoriesView$StoryCircle	sg.l3
C	org.telegram.ui.Stories.SelfStoriesPreviewView$ImageHolder	sg.m3
C	org.telegram.ui.Stories.SelfStoryViewsPage$FiltersState	sg.t3
C	org.telegram.ui.Stories.SelfStoryViewsPage$Item	sg.y3
C	org.telegram.ui.Stories.SelfStoryViewsPage$ListAdapter	sg.c4
C	org.telegram.ui.Stories.SelfStoryViewsPage$ViewsModel	sg.f4
C	org.telegram.ui.Stories.SelfStoryViewsPage	sg.g4
C	org.telegram.ui.Stories.SelfStoryViewsView$ContainerView	sg.l4
C	org.telegram.ui.Stories.SelfStoryViewsView$StoryItemInternal	sg.m4
C	org.telegram.ui.Stories.SelfStoryViewsView$ViewPagerInner	sg.i4
C	org.telegram.ui.Stories.SelfStoryViewsView	sg.n4
C	org.telegram.ui.Stories.StoriesController$BotPreview	sg.y4
C	org.telegram.ui.Stories.StoriesController$BotPreviewsList	sg.z4
C	org.telegram.ui.Stories.StoriesController$StoriesList	sg.h5
C	org.telegram.ui.Stories.StoriesController$StoryLimit	e4.w
C	org.telegram.ui.Stories.StoriesController$UploadingStory	sg.n5
C	org.telegram.ui.Stories.StoriesController	sg.o5
C	org.telegram.ui.Stories.StoriesLikeButton	sg.t5
C	org.telegram.ui.Stories.StoriesListPlaceProvider$LoadNextInterface	sg.w5
C	org.telegram.ui.Stories.StoriesListPlaceProvider	sg.x5
C	org.telegram.ui.Stories.StoriesStorage	sg.a6
C	org.telegram.ui.Stories.StoriesUtilities$StoryGradientTools	sg.d6
C	org.telegram.ui.Stories.StoriesUtilities	sg.f6
C	org.telegram.ui.Stories.StoryCustomParamsHelper	sg.x6
C	org.telegram.ui.Stories.StoryViewer$VideoPlayerHolder	sg.y7
C	org.telegram.ui.Stories.StoryViewer	sg.z7
C	org.telegram.ui.Stories.recorder.ButtonWithCounterView	ug.d
C	org.telegram.ui.Stories.recorder.CaptionContainerView$PeriodDrawable	ug.l
C	org.telegram.ui.Stories.recorder.CaptionContainerView	ug.m
C	org.telegram.ui.Stories.recorder.CollageLayout$Part	ug.s
C	org.telegram.ui.Stories.recorder.CollageLayout	ug.t
C	org.telegram.ui.Stories.recorder.DownloadButton$PreparingVideoToast	ug.o0
C	org.telegram.ui.Stories.recorder.GalleryListView	ug.a9
C	org.telegram.ui.Stories.recorder.HintView2	ug.f3
C	org.telegram.ui.Stories.recorder.KeyboardNotifier	ug.h3
C	org.telegram.ui.Stories.recorder.RecordControl$Delegate	ug.m5
C	org.telegram.ui.Stories.recorder.RecordControl$RecordControlAccessibilityHelper	ug.n5
C	org.telegram.ui.Stories.recorder.RecordControl	ug.o5
C	org.telegram.ui.Stories.recorder.SliderView	org.telegram.ui.ld1
C	org.telegram.ui.Stories.recorder.StoryEntry$HDRInfo	ug.p6
C	org.telegram.ui.Stories.recorder.StoryEntry	ug.q6
C	org.telegram.ui.Stories.recorder.StoryPrivacyBottomSheet$StoryPrivacy	ug.a8
C	org.telegram.ui.Stories.recorder.StoryPrivacyBottomSheet$UserCell	ug.b8
C	org.telegram.ui.Stories.recorder.StoryRecorder$WindowView	ug.x9
C	org.telegram.ui.Stories.recorder.StoryRecorder	ug.y9
C	org.telegram.ui.Stories.recorder.TimelineView$AudioWaveformLoader	ug.ba
C	org.telegram.ui.Stories.recorder.TimelineView$TimelineDelegate	ug.ca
C	org.telegram.ui.Stories.recorder.TimelineView$Track	ug.da
C	org.telegram.ui.Stories.recorder.TimelineView$VideoThumbsLoader$BitmapFrame	ug.fa
C	org.telegram.ui.Stories.recorder.TimelineView$VideoThumbsLoader	ug.ga
C	org.telegram.ui.Stories.recorder.TimelineView$WaveformPath	ug.ha
C	org.telegram.ui.Stories.recorder.TimelineView	ug.ia
C	org.telegram.ui.Stories.recorder.Weather$State	ug.ta
C	org.telegram.ui.TON.TONIntroActivity$StarsNeededSheet	vg.g
C	org.telegram.ui.TON.TONIntroActivity	vg.h
C	org.telegram.ui.ThemeActivity$ListAdapter	org.telegram.ui.yc1
C	org.telegram.ui.ThemePreviewActivity$BackgroundView	org.telegram.ui.de1
C	org.telegram.ui.ThemePreviewActivity$BlurButton	org.telegram.ui.ee1
C	org.telegram.ui.ThemePreviewActivity$DayNightSwitchDelegate	org.telegram.ui.fe1
C	org.telegram.ui.ThemePreviewActivity$DialogsAdapter	org.telegram.ui.ge1
C	org.telegram.ui.ThemePreviewActivity$MessagesAdapter	org.telegram.ui.ke1
C	org.telegram.ui.ThemePreviewActivity$PatternsAdapter	org.telegram.ui.me1
C	org.telegram.ui.ThemePreviewActivity	org.telegram.ui.oe1
C	org.telegram.ui.TopicsFragment$Adapter	org.telegram.ui.mg1
C	org.telegram.ui.TopicsFragment$Item	org.telegram.ui.og1
C	org.telegram.ui.TopicsFragment$MessagesSearchContainer$ViewPagerAdapter	org.telegram.ui.sg1
C	org.telegram.ui.TopicsFragment$MessagesSearchContainer	org.telegram.ui.tg1
C	org.telegram.ui.TopicsFragment$TopicDialogCell	org.telegram.ui.ug1
C	org.telegram.ui.TopicsFragment$TopicsRecyclerView	org.telegram.ui.vg1
C	org.telegram.ui.TopicsFragment	org.telegram.ui.xg1
C	org.telegram.ui.TwoStepVerificationActivity$ListAdapter	org.telegram.ui.nh1
C	org.telegram.ui.TwoStepVerificationActivity$TwoStepVerificationActivityDelegate	org.telegram.ui.oh1
C	org.telegram.ui.TwoStepVerificationSetupActivity	org.telegram.ui.bi1
C	org.telegram.ui.UpdateLayoutWrapper	org.telegram.ui.di1
C	org.telegram.ui.UsersSelectActivity$SpansContainer	org.telegram.ui.ri1
C	org.telegram.ui.ViewPagerActivity$FragmentState	org.telegram.ui.si1
C	org.telegram.ui.ViewPagerActivity$ViewPagerActivityPagerLayout	org.telegram.ui.ti1
C	org.telegram.ui.ViewPagerActivity	org.telegram.ui.ui1
C	org.telegram.ui.VoIPFragment	org.telegram.ui.nj1
C	org.telegram.ui.WallpapersListActivity$ColorWallpaper	org.telegram.ui.zj1
C	org.telegram.ui.WallpapersListActivity$FileWallpaper	org.telegram.ui.ak1
C	org.telegram.ui.WallpapersListActivity$ListAdapter	org.telegram.ui.bk1
C	org.telegram.ui.WallpapersListActivity$SearchAdapter	org.telegram.ui.dk1
C	org.telegram.ui.WebviewActivity	org.telegram.ui.jk1
C	org.telegram.ui.bots.BotBiometry	wg.p
C	org.telegram.ui.bots.BotDownloads$DownloadBulletin	wg.f0
C	org.telegram.ui.bots.BotLocation	wg.q0
C	org.telegram.ui.bots.BotSensors	wg.u0
C	org.telegram.ui.bots.BotWebViewSheet$WindowView	wg.o2
C	org.telegram.ui.bots.BotWebViewSheet	wg.p2
C	org.telegram.ui.bots.ChannelAffiliateProgramsFragment	wg.e3
C	org.telegram.ui.bots.WebViewRequestProps	wg.z3
C	org.telegram.ui.community.CommunityArrowDrawable	xg.a
C	org.telegram.ui.community.cells.CommunityLinkView	yg.b
C	org.telegram.ui.community.cells.CommunityRequestsCell	yg.i
C	org.telegram.ui.iv.Latex	ah.f0
C	org.telegram.ui.iv.MathSpan	ah.g0
C	org.telegram.ui.iv.RichInlineButtonSpan	ah.v5
C	org.telegram.ui.iv.RichTextStyle$Run	ah.t7
C	org.telegram.ui.iv.RichTextStyle	ah.u7
C	org.telegram.ui.web.BotWebViewContainer$MyWebView	org.telegram.ui.web.z0
C	org.telegram.ui.web.BotWebViewContainer$WebViewScrollListener	org.telegram.ui.web.c1
C	org.telegram.ui.web.BotWebViewContainer	org.telegram.ui.web.d1
C	org.telegram.ui.web.SearchEngine	org.telegram.ui.web.p1
C	org.telegram.ui.web.WebInstantView$WebPhoto	org.telegram.ui.web.i2
C	org.telegram.ui.web.WebInstantView	org.telegram.ui.web.j2
F	xe.i1	date	b
F	xe.c	currentAccount	F
F	xe.c	stories	d
F	xe.k1	currentAccount	m
F	xe.s0	resourcesProvider	a
F	xe.u0	chat	k0
F	xe.u0	currentAccount	f
F	xe.u0	delegate	U
F	xe.u0	dialog_id	n
F	xe.u0	info	v
F	xe.u0	messages	c0
F	xe.u0	parentFragment	F0
F	xe.u0	stickers	z0
F	xe.e0	filter	e
F	xe.g0	filters	Y2
F	xe.y0	currentAccount	r
F	xe.i	pinned	g
F	xe.k	currentAccount	E
F	xe.k	itemInternals	L
F	xe.k	parentFragment	Q
F	xe.k	selectedDialogs	x
F	xe.u	date	b
F	xf.b	bitmap	d
F	xf.c	paint	a
F	xg.a	alpha	c
F	b2.l	reason	a
F	b2.o	length	f
F	b2.o	uri	a
F	be.a	cover	o
F	be.c	failed	s
F	ye.f	callbacks	d
F	ye.f	currentAccount	a
F	ye.f	loaded	f
F	ye.u	currentAccount	a
F	ye.u	loaded	d
F	ye.u	loading	c
F	ye.q1	id	a
F	ye.q1	local	g
F	ye.q1	name	b
F	ye.r1	currentAccount	a
F	ye.r1	filtered	d
F	ye.u1	currentAccount	a
F	ye.u1	loaded	c
F	ye.u1	loading	b
F	yg.b	resourcesProvider	a
F	yg.i	mini	h
F	yg.i	resourcesProvider	a
F	c1.f	type	a
F	zf.e	captured	K
F	zf.g	last	c
F	zf.g	listener	b
F	zf.g	parent	a
F	com.google.android.gms.maps.model.CameraPosition	target	a
F	da.l	members	a
F	dd.f	factor	e
F	dd.f	id	a
F	dd.f	target	b
F	dd.h	item	a
F	dd.h	position	c
F	dd.h	visibility	d
F	dd.k	callback	a
F	dd.k	entries	b
F	dd.n	from	b
F	dd.n	now	a
F	dd.n	to	c
F	dd.o	bottom	d
F	dd.o	left	a
F	dd.o	right	c
F	dd.o	top	b
F	af.a	color	h
F	af.a	id	c
F	af.a	name	d
F	af.a	y	a
F	af.b	lines	d
F	af.b	x	a
F	ah.v5	button	a
F	ah.v5	currentAccount	d
F	ah.v5	resourcesProvider	e
F	ah.f0	bitmap	a
F	ah.f0	depth	d
F	ah.f0	height	c
F	ah.f0	width	b
F	ah.g0	bitmap	b
F	ah.g0	depth	e
F	ah.g0	height	d
F	ah.g0	paint	f
F	ah.g0	source	a
F	ah.g0	width	c
F	e4.w	type	b
F	e4.w	until	c
F	bg.i	fallback	b
F	ed.b	delegate	a
F	bg.j	resourcesProvider	b
F	fa.m	height	r
F	fa.m	key	f
F	fa.m	left	b
F	fa.m	next	d
F	fa.m	parent	a
F	fa.m	right	c
F	fa.m	value	n
F	fa.n	header	f
F	fa.n	root	c
F	fa.n	size	d
F	cf.f	rotation	n
F	cf.p	height	b
F	cf.p	matrix	k
F	cf.p	rotation	i
F	cf.p	scale	e
F	cf.p	width	a
F	cf.r	bitmap	w
F	cf.r	imageView	b
F	cf.r	state	K
F	cf.r	values	G
F	h0.b	NONE	e
F	h0.b	bottom	d
F	h0.b	left	a
F	h0.b	right	c
F	h0.b	top	b
F	hb.b	L	b
F	hb.b	M	c
F	he.e	activity	a
F	he.e	delegate	b
F	he.e	priority	e
F	he.f	delegate	g
F	he.f	params	h
F	ef.a	gradient	b
F	ef.c	color	c
F	ef.c	icon	a
F	ef.c	scale	b
F	jb.b	bytes	a
F	jb.b	height	c
F	jb.b	width	b
F	ff.b	selectable	b
F	gg.b	counter	f
F	gg.b	imageView	b
F	gg.b	resourcesProvider	d
F	gg.b	textView	a
F	k4.b	this$0	c
F	ke.b	position	a
F	ke.b	ratio	b
F	le.b	document	a
F	le.c	clientUserId	a
F	le.c	currentAccount	c
F	le.c	loaded	f
F	hf.a1	bounds	e0
F	hf.a1	currentAccount	a
F	hf.a1	density	e
F	hf.a1	height	r0
F	hf.a1	icon	y
F	hf.a1	maxWidth	b
F	hf.a1	padding	x
F	hf.a1	path	g0
F	hf.a1	width	q0
F	hf.b	lines	v
F	hf.b	paint	d
F	hf.b	path	s
F	hf.g3	currentAccount	a
F	hf.g3	objects	G
F	hf.g3	selectedObject	D
F	hf.f1	isVideo	K
F	hf.f1	maxWidth	a
F	hf.f1	text	b
F	hf.s2	state	i0
F	hf.d3	bounds	h
F	hf.d3	select	a
F	hf.z0	flags	a
F	hf.z0	name	b
F	hf.z0	photoSize	i
F	hf.z0	url	c
F	hf.e3	file	g
F	hf.e3	messageObject	r
F	ig.a	attachPath	c
F	ig.a	currentAccount	a
F	ig.a	document	b
F	ig.a	messageObject	d
F	ig.j	alpha	b0
F	ig.j	attachPath	E
F	ig.j	isFile	V
F	ig.j	isVideo	F
F	ig.j	messageObject	G
F	ig.k	groupId	d
F	ig.w	callbacks	c
F	ig.w	currentAccount	a
F	ig.w	pages	b
F	m1.c	bytes	d
F	m1.c	format	a
F	jf.g2	matrix	G
F	jf.g2	paint	y
F	jf.k2	alpha	m
F	jf.k2	first	q
F	jf.k2	i	b
F	jf.k2	scale	c
F	jf.k2	x	d
F	jf.k2	y	e
F	jf.l2	count	p
F	jf.l2	paint	i
F	jf.l2	points	D
F	jf.l2	type	N
F	jf.l1	colors	a
F	jf.m2	drawable	a
F	jf.m2	size	b
F	jf.m1	colors	l
F	jf.m1	paint	f
F	jf.m1	resourcesProvider	a
F	jf.n1	instance	j
F	jf.o1	paint	x
F	jf.o1	path	w
F	jf.o1	resourcesProvider	d
F	jf.o1	type	a
F	jf.r0	dialogId	Z
F	jf.r0	loading	H0
F	jf.r0	type	g0
F	jf.v	progress	c
F	jf.v	x	e
F	jf.w	path	a
F	jg.c	name	d
F	jg.c	path	b
F	jg.c	size	e
F	jg.c	uri	c
F	n4.k1	itemView	a
F	n8.e	firstName	b
F	n8.e	lastName	d
F	n8.m	format	a
F	kf.a	context	n
F	kf.a	model	c
F	kf.a	night	t
F	kf.a	style	A
F	kf.a	type	B
F	kf.h	attached	L
F	kf.h	type	N
F	kf.i	night	D
F	kf.i	time	Z
F	kf.i	type	X
F	kg.c	alpha	c
F	oe.a	flags	a
F	oe.a	id	b
F	oe.v	state	a
F	oe.c0	count	b
F	lf.q2	type	W
F	org.telegram.tgnet.TLRPC$TL_messageMediaVideoStream	call	call
F	org.telegram.tgnet.TLRPC$TL_messageMediaVideoStream	flags	flags
F	org.telegram.tgnet.TLRPC$DialogFilter	color	color
F	org.telegram.tgnet.TLRPC$DialogFilter	contacts	contacts
F	org.telegram.tgnet.TLRPC$DialogFilter	flags	flags
F	org.telegram.tgnet.TLRPC$DialogFilter	groups	groups
F	org.telegram.tgnet.TLRPC$DialogFilter	id	id
F	org.telegram.tgnet.TLRPC$DialogFilter	title	title
F	org.telegram.tgnet.TLRPC$InputFile	id	id
F	org.telegram.tgnet.TLRPC$InputFile	name	name
F	org.telegram.tgnet.TLRPC$TL_messages_chatInviteImporters	count	count
F	org.telegram.tgnet.TLRPC$TL_messages_chatInviteImporters	users	users
F	org.telegram.tgnet.TLRPC$MessageReactions	flags	flags
F	org.telegram.tgnet.TLRPC$MessageReactions	min	min
F	org.telegram.tgnet.TLRPC$TL_messages_editChatDefaultBannedRights	peer	peer
F	org.telegram.tgnet.TLRPC$ReplyMarkup	flags	flags
F	org.telegram.tgnet.TLRPC$TL_messages_getChatInviteImporters	flags	flags
F	org.telegram.tgnet.TLRPC$TL_messages_getChatInviteImporters	limit	limit
F	org.telegram.tgnet.TLRPC$TL_messages_getChatInviteImporters	link	link
F	org.telegram.tgnet.TLRPC$TL_messages_getChatInviteImporters	offset_date	offset_date
F	org.telegram.tgnet.TLRPC$TL_messages_getChatInviteImporters	peer	peer
F	org.telegram.tgnet.TLRPC$TL_messages_getChatInviteImporters	requested	requested
F	org.telegram.tgnet.TLRPC$TL_messages_quickReplies	chats	chats
F	org.telegram.tgnet.TLRPC$TL_messages_quickReplies	messages	messages
F	org.telegram.tgnet.TLRPC$TL_messages_quickReplies	users	users
F	org.telegram.tgnet.TLRPC$TL_messages_savedDialogsNotModified	count	count
F	org.telegram.tgnet.TLRPC$TL_messages_setChatAvailableReactions	flags	flags
F	org.telegram.tgnet.TLRPC$TL_messages_setChatAvailableReactions	peer	peer
F	org.telegram.tgnet.TLRPC$TL_channelAdminLogEventsFilter	delete	delete
F	org.telegram.tgnet.TLRPC$TL_channelAdminLogEventsFilter	edit	edit
F	org.telegram.tgnet.TLRPC$TL_channelAdminLogEventsFilter	flags	flags
F	org.telegram.tgnet.TLRPC$TL_channelAdminLogEventsFilter	info	info
F	org.telegram.tgnet.TLRPC$TL_channelAdminLogEventsFilter	join	join
F	org.telegram.tgnet.TLRPC$TL_channelAdminLogEventsFilter	pinned	pinned
F	org.telegram.tgnet.TLRPC$TL_channelAdminLogEventsFilter	send	send
F	org.telegram.tgnet.TLRPC$TL_channelAdminLogEventsFilter	settings	settings
F	org.telegram.tgnet.TLRPC$TL_payments_giveawayInfo	flags	flags
F	org.telegram.tgnet.TLRPC$TL_photos_photo	photo	photo
F	org.telegram.tgnet.TLRPC$TL_photos_photo	users	users
F	org.telegram.tgnet.TLRPC$TL_secureValueErrorSelfie	text	text
F	org.telegram.tgnet.TLRPC$TL_secureValueErrorSelfie	type	type
F	org.telegram.tgnet.TLRPC$TL_stickerSetFullCovered	documents	documents
F	org.telegram.tgnet.TLRPC$TL_stickerSetFullCovered	keywords	keywords
F	org.telegram.tgnet.TLRPC$TL_emojiKeywordsDifference	keywords	keywords
F	org.telegram.tgnet.TLRPC$TL_emojiKeywordsDifference	version	version
F	org.telegram.tgnet.TLRPC$TL_fileHash	hash	hash
F	org.telegram.tgnet.TLRPC$TL_fileHash	limit	limit
F	org.telegram.tgnet.TLRPC$TL_fileHash	offset	offset
F	org.telegram.tgnet.TLRPC$TL_help_appConfig	config	config
F	org.telegram.tgnet.TLRPC$TL_help_appConfig	hash	hash
F	org.telegram.tgnet.TLRPC$WebDocument	access_hash	access_hash
F	org.telegram.tgnet.TLRPC$WebDocument	attributes	attributes
F	org.telegram.tgnet.TLRPC$WebDocument	mime_type	mime_type
F	org.telegram.tgnet.TLRPC$WebDocument	size	size
F	org.telegram.tgnet.TLRPC$WebDocument	url	url
F	org.telegram.tgnet.TLRPC$messages_BotResults	flags	flags
F	org.telegram.tgnet.TLRPC$messages_BotResults	users	users
F	org.telegram.tgnet.TLRPC$TL_inputMediaWebPage	optional	optional
F	org.telegram.tgnet.TLRPC$TL_inputMediaWebPage	url	url
F	org.telegram.tgnet.TLRPC$updates_Difference	chats	chats
F	org.telegram.tgnet.TLRPC$updates_Difference	date	date
F	org.telegram.tgnet.TLRPC$updates_Difference	users	users
F	org.telegram.tgnet.TLRPC$TL_inputPeerPhotoFileLocation	peer	peer
F	org.telegram.tgnet.TLRPC$TL_inputStorePaymentStarsGift	amount	amount
F	org.telegram.tgnet.TLRPC$TL_inputStorePaymentStarsGift	user_id	user_id
F	org.telegram.tgnet.TLRPC$TL_jsonNumber	value	value
F	org.telegram.tgnet.TLRPC$TL_messageActionPrizeStars	flags	flags
F	org.telegram.tgnet.TLRPC$TL_messageEntityMentionName	user_id	user_id
F	org.telegram.tgnet.TLRPC$InputFileLocation	access_hash	access_hash
F	org.telegram.tgnet.TLRPC$InputFileLocation	file_reference	file_reference
F	org.telegram.tgnet.TLRPC$InputFileLocation	flags	flags
F	org.telegram.tgnet.TLRPC$InputFileLocation	id	id
F	org.telegram.tgnet.TLRPC$InputFileLocation	local_id	local_id
F	org.telegram.tgnet.TLRPC$InputFileLocation	secret	secret
F	org.telegram.tgnet.TLRPC$InputFileLocation	volume_id	volume_id
F	org.telegram.tgnet.TLRPC$MessageReplyHeader	flags	flags
F	org.telegram.tgnet.TLRPC$MessageReplyHeader	peer	peer
F	org.telegram.tgnet.TLRPC$MessageReplyHeader	quote	quote
F	org.telegram.tgnet.TLRPC$TL_messages_editChatParticipantRank	title	rank
F	org.telegram.tgnet.TLRPC$TL_messages_getCommonChats	flags	limit
F	org.telegram.tgnet.TLRPC$TL_messages_getCommonChats	x	max_id
F	org.telegram.tgnet.TLRPC$TL_messages_getUnreadMentions	flags	flags
F	org.telegram.tgnet.TLRPC$TL_messages_getUnreadMentions	limit	limit
F	org.telegram.tgnet.TLRPC$TL_messages_getUnreadMentions	peer	peer
F	org.telegram.tgnet.tl.TL_account$TL_inputBusinessChatLink	flags	flags
F	org.telegram.tgnet.TLRPC$TL_messages_savedDialogsSlice	chats	chats
F	org.telegram.tgnet.TLRPC$TL_messages_savedDialogsSlice	count	count
F	org.telegram.tgnet.TLRPC$TL_messages_savedDialogsSlice	dialogs	dialogs
F	org.telegram.tgnet.TLRPC$TL_messages_savedDialogsSlice	messages	messages
F	org.telegram.tgnet.TLRPC$TL_messages_savedDialogsSlice	users	users
F	org.telegram.tgnet.TLRPC$TL_messages_setChatWallPaper	flags	flags
F	org.telegram.tgnet.TLRPC$TL_messages_setChatWallPaper	id	id
F	org.telegram.tgnet.TLRPC$TL_messages_setChatWallPaper	peer	peer
F	org.telegram.tgnet.TLRPC$TL_channelAdminRights_layer92	delete_messages	delete_messages
F	org.telegram.tgnet.TLRPC$TL_channelAdminRights_layer92	flags	flags
F	org.telegram.tgnet.TLRPC$TL_payments_giveawayInfoResults	flags	flags
F	org.telegram.tgnet.TLRPC$TL_channels_getMessages	channel	channel
F	org.telegram.tgnet.TLRPC$TL_channels_getMessages	id	id
F	org.telegram.tgnet.TLRPC$TL_requestPeerTypeUser	premium	premium
F	org.telegram.tgnet.TLRPC$TL_secureValueErrorTranslationFile	text	text
F	org.telegram.tgnet.TLRPC$TL_secureValueErrorTranslationFile	type	type
F	org.telegram.tgnet.TLRPC$TL_emojiList	hash	hash
F	org.telegram.tgnet.TLRPC$TL_help_recentMeUrls	chats	chats
F	org.telegram.tgnet.TLRPC$TL_help_recentMeUrls	users	users
F	org.telegram.tgnet.TLRPC$TL_inputChatUploadedPhoto	file	file
F	org.telegram.tgnet.TLRPC$TL_inputChatUploadedPhoto	flags	flags
F	org.telegram.tgnet.TLRPC$TL_inputChatUploadedPhoto	video	video
F	org.telegram.tgnet.TLRPC$WebPage	attributes	attributes
F	org.telegram.tgnet.TLRPC$WebPage	date	date
F	org.telegram.tgnet.TLRPC$WebPage	description	description
F	org.telegram.tgnet.TLRPC$WebPage	document	document
F	org.telegram.tgnet.TLRPC$WebPage	flags	flags
F	org.telegram.tgnet.TLRPC$WebPage	hash	hash
F	org.telegram.tgnet.TLRPC$WebPage	id	id
F	org.telegram.tgnet.TLRPC$WebPage	photo	photo
F	org.telegram.tgnet.TLRPC$WebPage	title	title
F	org.telegram.tgnet.TLRPC$WebPage	type	type
F	org.telegram.tgnet.TLRPC$WebPage	url	url
F	org.telegram.tgnet.TLRPC$messages_Chats	chats	chats
F	org.telegram.tgnet.TLRPC$messages_Chats	count	count
F	org.telegram.tgnet.TLRPC$TL_inputMessageEntityMentionName	user_id	user_id
F	org.telegram.tgnet.TLRPC$upload_CdnFile	bytes	bytes
F	org.telegram.tgnet.TLRPC$TL_inputSecureFile	access_hash	access_hash
F	org.telegram.tgnet.TLRPC$TL_inputSecureFile	id	id
F	org.telegram.tgnet.TLRPC$TL_inputStorePaymentStarsGiveaway	amount	amount
F	org.telegram.tgnet.TLRPC$TL_inputStorePaymentStarsGiveaway	flags	flags
F	org.telegram.tgnet.TLRPC$TL_inputStorePaymentStarsGiveaway	users	users
F	org.telegram.tgnet.TLRPC$TL_jsonObject	value	value
F	org.telegram.tgnet.TLRPC$TL_messageActionGiveawayResults	flags	flags
F	org.telegram.tgnet.TLRPC$TL_messageActionTopicEdit	closed	closed
F	org.telegram.tgnet.TLRPC$TL_messageActionTopicEdit	hidden	hidden
F	org.telegram.tgnet.TLRPC$DisallowedGiftsSettings	flags	flags
F	org.telegram.tgnet.TLRPC$RequestPeerType	flags	flags
F	org.telegram.tgnet.tl.TL_phone$createConferenceCall	flags	flags
F	org.telegram.tgnet.TLRPC$TL_messages_reactions	hash	hash
F	org.telegram.tgnet.TLRPC$TL_messages_reactions	reactions	reactions
F	org.telegram.tgnet.TLRPC$TL_channelAdminLogEventActionParticipantJoinByInvite	flags	flags
F	org.telegram.tgnet.TLRPC$TL_channelBannedRights_layer92	flags	flags
F	org.telegram.tgnet.TLRPC$TL_photos_uploadContactProfilePhoto	file	file
F	org.telegram.tgnet.TLRPC$TL_photos_uploadContactProfilePhoto	flags	flags
F	org.telegram.tgnet.TLRPC$TL_photos_uploadContactProfilePhoto	user_id	user_id
F	org.telegram.tgnet.TLRPC$TL_photos_uploadContactProfilePhoto	video	video
F	org.telegram.tgnet.TLRPC$TL_chatReactionsAll	flags	flags
F	org.telegram.tgnet.TLRPC$TL_secureValueErrorTranslationFiles	text	text
F	org.telegram.tgnet.TLRPC$TL_secureValueErrorTranslationFiles	type	type
F	org.telegram.tgnet.TLRPC$TL_sendMessageRichMessageDraftAction	flags	flags
F	org.telegram.tgnet.TLRPC$TL_help_countriesList	hash	hash
F	org.telegram.tgnet.TLRPC$TL_help_support	user	user
F	org.telegram.tgnet.TLRPC$WebPageAttribute	flags	flags
F	org.telegram.tgnet.TLRPC$TL_inputInvoicePremiumGiftStars	flags	flags
F	org.telegram.tgnet.TLRPC$TL_inputInvoicePremiumGiftStars	message	message
F	org.telegram.tgnet.TLRPC$TL_inputInvoicePremiumGiftStars	user_id	user_id
F	org.telegram.tgnet.TLRPC$messages_DhConfig	g	g
F	org.telegram.tgnet.TLRPC$messages_DhConfig	p	p
F	org.telegram.tgnet.TLRPC$messages_DhConfig	version	version
F	org.telegram.tgnet.TLRPC$upload_File	bytes	bytes
F	org.telegram.tgnet.TLRPC$upload_File	dc_id	dc_id
F	org.telegram.tgnet.TLRPC$TL_inputSecureFileUploaded	id	id
F	org.telegram.tgnet.TLRPC$TL_inputSecureFileUploaded	secret	secret
F	org.telegram.tgnet.TLRPC$TL_inputStorePaymentStarsTopup	amount	amount
F	org.telegram.tgnet.TLRPC$TL_jsonObjectValue	key	key
F	org.telegram.tgnet.TLRPC$TL_jsonObjectValue	value	value
F	org.telegram.tgnet.TLRPC$TL_messageActionRequestedPeer_layer168	peer	peer
F	org.telegram.tgnet.TLRPC$InputGroupCall	access_hash	access_hash
F	org.telegram.tgnet.TLRPC$InputGroupCall	id	id
F	org.telegram.tgnet.TLRPC$TL_messages_getStickers	format	emoticon
F	org.telegram.tgnet.TLRPC$TL_messages_getStickers	hash	hash
F	org.telegram.tgnet.TLRPC$RestrictionReason	reason	reason
F	org.telegram.tgnet.TLRPC$RestrictionReason	text	text
F	org.telegram.tgnet.TLRPC$TL_messages_getDialogs	flags	flags
F	org.telegram.tgnet.TLRPC$TL_messages_getDialogs	limit	limit
F	org.telegram.tgnet.TLRPC$TL_messages_getDialogs	offset_date	offset_date
F	org.telegram.tgnet.TLRPC$TL_messages_getDialogs	offset_id	offset_id
F	org.telegram.tgnet.TLRPC$TL_auth_sentCodePaymentRequired	amount	amount
F	org.telegram.tgnet.TLRPC$TL_notificationSoundLocal	data	data
F	org.telegram.tgnet.TLRPC$TL_notificationSoundLocal	title	title
F	org.telegram.tgnet.TLRPC$TL_photos_uploadProfilePhoto	file	file
F	org.telegram.tgnet.TLRPC$TL_photos_uploadProfilePhoto	flags	flags
F	org.telegram.tgnet.TLRPC$TL_photos_uploadProfilePhoto	video	video
F	org.telegram.tgnet.TLRPC$TL_contacts_found	chats	chats
F	org.telegram.tgnet.TLRPC$TL_contacts_found	users	users
F	org.telegram.tgnet.TLRPC$TL_emojiStatus	flags	flags
F	org.telegram.tgnet.TLRPC$TL_help_termsOfService	flags	flags
F	org.telegram.tgnet.TLRPC$TL_help_termsOfService	id	id
F	org.telegram.tgnet.TLRPC$TL_help_termsOfService	popup	popup
F	org.telegram.tgnet.TLRPC$TL_help_termsOfService	text	text
F	org.telegram.tgnet.TLRPC$TL_inputCheckPasswordSRP	A	A
F	org.telegram.tgnet.TLRPC$messages_Dialogs	chats	chats
F	org.telegram.tgnet.TLRPC$messages_Dialogs	count	count
F	org.telegram.tgnet.TLRPC$messages_Dialogs	dialogs	dialogs
F	org.telegram.tgnet.TLRPC$messages_Dialogs	messages	messages
F	org.telegram.tgnet.TLRPC$messages_Dialogs	users	users
F	org.telegram.tgnet.TLRPC$TL_inputSecureValue	data	data
F	org.telegram.tgnet.TLRPC$TL_inputSecureValue	files	files
F	org.telegram.tgnet.TLRPC$TL_inputSecureValue	flags	flags
F	org.telegram.tgnet.TLRPC$TL_inputSecureValue	type	type
F	org.telegram.tgnet.TLRPC$TL_jsonString	value	value
F	org.telegram.tgnet.TLRPC$Audio	access_hash	access_hash
F	org.telegram.tgnet.TLRPC$Audio	date	date
F	org.telegram.tgnet.TLRPC$Audio	dc_id	dc_id
F	org.telegram.tgnet.TLRPC$Audio	id	id
F	org.telegram.tgnet.TLRPC$Audio	key	key
F	org.telegram.tgnet.TLRPC$Audio	size	size
F	org.telegram.tgnet.TLRPC$Audio	user_id	user_id
F	org.telegram.tgnet.TLRPC$DocumentAttribute	file_name	file_name
F	org.telegram.tgnet.TLRPC$DocumentAttribute	flags	flags
F	org.telegram.tgnet.TLRPC$DocumentAttribute	h	h
F	org.telegram.tgnet.TLRPC$DocumentAttribute	title	title
F	org.telegram.tgnet.TLRPC$DocumentAttribute	voice	voice
F	org.telegram.tgnet.TLRPC$DocumentAttribute	w	w
F	org.telegram.tgnet.TLRPC$TL_messages_acceptUrlAuth	flags	flags
F	org.telegram.tgnet.TLRPC$TL_messages_acceptUrlAuth	peer	peer
F	org.telegram.tgnet.TLRPC$TL_messages_acceptUrlAuth	url	url
F	org.telegram.tgnet.TLRPC$InputMedia	attributes	attributes
F	org.telegram.tgnet.TLRPC$InputMedia	file	file
F	org.telegram.tgnet.TLRPC$InputMedia	flags	flags
F	org.telegram.tgnet.TLRPC$InputMedia	mime_type	mime_type
F	org.telegram.tgnet.TLRPC$InputMedia	stickers	stickers
F	org.telegram.tgnet.TLRPC$InputMedia	ttl_seconds	ttl_seconds
F	org.telegram.tgnet.TLRPC$InputMedia	video	video
F	org.telegram.tgnet.TLRPC$TL_messages_checkHistoryImportPeer	peer	peer
F	org.telegram.tgnet.TLRPC$SavedMusic	count	count
F	org.telegram.tgnet.TLRPC$SavedMusic	documents	documents
F	org.telegram.tgnet.TLRPC$TL_messages_historyImport	id	id
F	org.telegram.tgnet.tl.TL_stars$toggleChatStarGiftNotifications	flags	flags
F	org.telegram.tgnet.tl.TL_stars$toggleChatStarGiftNotifications	peer	peer
F	org.telegram.tgnet.TLRPC$TL_chatReactionsSome	reactions	reactions
F	org.telegram.tgnet.TLRPC$TL_contacts_getBlocked	flags	flags
F	org.telegram.tgnet.TLRPC$TL_contacts_getBlocked	limit	limit
F	org.telegram.tgnet.TLRPC$TL_contacts_getBlocked	offset	offset
F	org.telegram.tgnet.TLRPC$TL_sendMessageTextDraftAction	flags	flags
F	org.telegram.tgnet.TLRPC$TL_sendMessageTextDraftAction	text	text
F	org.telegram.tgnet.TLRPC$TL_stickers_addStickerToSet	sticker	sticker
F	org.telegram.tgnet.TLRPC$TL_emojiStatusCollectible	flags	flags
F	org.telegram.tgnet.TLRPC$TL_emojiStatusCollectible	title	title
F	org.telegram.tgnet.TLRPC$TL_emojiStatusCollectible	until	until
F	org.telegram.tgnet.TLRPC$TL_help_country	flags	flags
F	org.telegram.tgnet.TLRPC$TL_help_country	hidden	hidden
F	org.telegram.tgnet.TLRPC$TL_help_country	name	name
F	org.telegram.tgnet.TLRPC$TL_inputInvoiceStarGift	flags	flags
F	org.telegram.tgnet.TLRPC$TL_inputInvoiceStarGift	message	message
F	org.telegram.tgnet.TLRPC$TL_inputInvoiceStarGift	peer	peer
F	org.telegram.tgnet.TLRPC$TL_inputSingleMedia	flags	flags
F	org.telegram.tgnet.TLRPC$TL_inputSingleMedia	media	media
F	org.telegram.tgnet.TLRPC$TL_inputSingleMedia	message	message
F	org.telegram.tgnet.TLRPC$TL_inputTheme	access_hash	access_hash
F	org.telegram.tgnet.TLRPC$TL_inputTheme	id	id
F	org.telegram.tgnet.TLRPC$TL_messageActionSecureValuesSent	types	types
F	org.telegram.tgnet.TLRPC$TL_messagePeerReaction_layer137	user_id	user_id
F	org.telegram.tgnet.TLRPC$DraftMessage	date	date
F	org.telegram.tgnet.TLRPC$DraftMessage	flags	flags
F	org.telegram.tgnet.TLRPC$DraftMessage	media	media
F	org.telegram.tgnet.TLRPC$DraftMessage	message	message
F	org.telegram.tgnet.TLRPC$TL_messages_addChatUser	chat_id	chat_id
F	org.telegram.tgnet.TLRPC$TL_messages_addChatUser	user_id	user_id
F	org.telegram.tgnet.TLRPC$InputPeer	access_hash	access_hash
F	org.telegram.tgnet.TLRPC$InputPeer	channel_id	channel_id
F	org.telegram.tgnet.TLRPC$InputPeer	chat_id	chat_id
F	org.telegram.tgnet.TLRPC$InputPeer	peer	peer
F	org.telegram.tgnet.TLRPC$InputPeer	user_id	user_id
F	org.telegram.tgnet.TLRPC$TL_messages_editMessage	flags	flags
F	org.telegram.tgnet.TLRPC$TL_messages_editMessage	id	id
F	org.telegram.tgnet.TLRPC$TL_messages_editMessage	media	media
F	org.telegram.tgnet.TLRPC$TL_messages_editMessage	message	message
F	org.telegram.tgnet.TLRPC$TL_messages_editMessage	peer	peer
F	org.telegram.tgnet.TLRPC$SearchPostsFlood	flags	flags
F	org.telegram.tgnet.TLRPC$TL_messages_getExportedChatInvites	flags	flags
F	org.telegram.tgnet.TLRPC$TL_messages_getExportedChatInvites	limit	limit
F	org.telegram.tgnet.TLRPC$TL_messages_getExportedChatInvites	offset_date	offset_date
F	org.telegram.tgnet.TLRPC$TL_messages_getExportedChatInvites	peer	peer
F	org.telegram.tgnet.TLRPC$TL_messages_historyImportParsed	flags	flags
F	org.telegram.tgnet.TLRPC$TL_messages_historyImportParsed	group	group
F	org.telegram.tgnet.TLRPC$TL_messages_historyImportParsed	pm	pm
F	org.telegram.tgnet.TLRPC$TL_messages_historyImportParsed	title	title
F	org.telegram.tgnet.TLRPC$TL_messages_setTyping	flags	flags
F	org.telegram.tgnet.TLRPC$TL_messages_setTyping	id	top_msg_id
F	org.telegram.tgnet.TLRPC$TL_messages_setTyping	peer	peer
F	org.telegram.tgnet.TLRPC$TL_channels_inviteToChannel	channel	channel
F	org.telegram.tgnet.TLRPC$TL_channels_inviteToChannel	users	users
F	org.telegram.tgnet.TLRPC$TL_savedReactionTag	count	count
F	org.telegram.tgnet.TLRPC$TL_savedReactionTag	flags	flags
F	org.telegram.tgnet.TLRPC$TL_savedReactionTag	reaction	reaction
F	org.telegram.tgnet.TLRPC$TL_savedReactionTag	title	title
F	org.telegram.tgnet.TLRPC$TL_stickers_createStickerSet	flags	flags
F	org.telegram.tgnet.TLRPC$TL_stickers_createStickerSet	stickers	stickers
F	org.telegram.tgnet.TLRPC$TL_stickers_createStickerSet	title	title
F	org.telegram.tgnet.TLRPC$TL_folder	flags	flags
F	org.telegram.tgnet.TLRPC$TL_folder	id	id
F	org.telegram.tgnet.TLRPC$TL_folder	photo	photo
F	org.telegram.tgnet.TLRPC$TL_folder	title	title
F	org.telegram.tgnet.TLRPC$TL_help_countryCode	flags	flags
F	org.telegram.tgnet.TLRPC$TL_help_countryCode	prefixes	prefixes
F	org.telegram.tgnet.TLRPC$auth_SentCode	flags	flags
F	org.telegram.tgnet.TLRPC$auth_SentCode	type	type
F	org.telegram.tgnet.TLRPC$TL_inputInvoiceStarGiftAuctionBid	flags	flags
F	org.telegram.tgnet.TLRPC$TL_inputInvoiceStarGiftAuctionBid	message	message
F	org.telegram.tgnet.TLRPC$TL_inputInvoiceStarGiftAuctionBid	peer	peer
F	org.telegram.tgnet.TLRPC$messages_ExportedChatInvite	users	users
F	org.telegram.tgnet.TLRPC$TL_inputPhoneCall	access_hash	access_hash
F	org.telegram.tgnet.TLRPC$TL_inputPhoneCall	id	id
F	org.telegram.tgnet.TLRPC$TL_inputThemeSettings	flags	flags
F	org.telegram.tgnet.TLRPC$TL_langPackDifference	version	version
F	org.telegram.tgnet.TLRPC$TL_messageActionSetChatTheme	theme	theme
F	org.telegram.tgnet.TLRPC$TL_messageActionWebViewDataSent	text	text
F	org.telegram.tgnet.TLRPC$TL_messages_addPollAnswer	peer	peer
F	org.telegram.tgnet.TLRPC$InputPhoto	access_hash	access_hash
F	org.telegram.tgnet.TLRPC$InputPhoto	file_reference	file_reference
F	org.telegram.tgnet.TLRPC$InputPhoto	id	id
F	org.telegram.tgnet.TLRPC$PaymentForm	description	description
F	org.telegram.tgnet.TLRPC$PaymentForm	flags	flags
F	org.telegram.tgnet.TLRPC$PaymentForm	photo	photo
F	org.telegram.tgnet.TLRPC$PaymentForm	title	title
F	org.telegram.tgnet.TLRPC$PaymentForm	url	url
F	org.telegram.tgnet.TLRPC$PaymentForm	users	users
F	org.telegram.tgnet.TLRPC$TL_messages_importChatInvite	hash	hash
F	org.telegram.tgnet.TLRPC$TL_messages_recentStickers	hash	hash
F	org.telegram.tgnet.TLRPC$TL_messages_recentStickers	stickers	stickers
F	org.telegram.tgnet.TLRPC$TL_messages_search	add_offset	add_offset
F	org.telegram.tgnet.TLRPC$TL_messages_search	filter	filter
F	org.telegram.tgnet.TLRPC$TL_messages_search	flags	flags
F	org.telegram.tgnet.TLRPC$TL_messages_search	from_id	from_id
F	org.telegram.tgnet.TLRPC$TL_messages_search	limit	limit
F	org.telegram.tgnet.TLRPC$TL_messages_search	offset_id	offset_id
F	org.telegram.tgnet.TLRPC$TL_messages_search	peer	peer
F	org.telegram.tgnet.TLRPC$TL_messages_startBot	peer	peer
F	org.telegram.tgnet.TLRPC$TL_pendingSuggestion	description	description
F	org.telegram.tgnet.TLRPC$TL_pendingSuggestion	title	title
F	org.telegram.tgnet.TLRPC$TL_pendingSuggestion	url	url
F	org.telegram.tgnet.TLRPC$TL_channels_joinChannel	channel	channel
F	org.telegram.tgnet.TLRPC$TL_searchResultPosition	date	date
F	org.telegram.tgnet.TLRPC$TL_searchResultPosition	offset	offset
F	org.telegram.tgnet.TLRPC$TL_messages_getDiscussionMessage	max_id	msg_id
F	org.telegram.tgnet.TLRPC$TL_emojiStatusUntil_layer197	until	until
F	org.telegram.tgnet.TLRPC$TL_folderPeer	peer	peer
F	org.telegram.tgnet.TLRPC$TL_help_deepLinkInfo	flags	flags
F	org.telegram.tgnet.TLRPC$TL_help_deepLinkInfo	message	message
F	org.telegram.tgnet.TLRPC$auth_SentCodeType	flags	flags
F	org.telegram.tgnet.TLRPC$auth_SentCodeType	length	length
F	org.telegram.tgnet.TLRPC$auth_SentCodeType	pattern	pattern
F	org.telegram.tgnet.TLRPC$auth_SentCodeType	prefix	prefix
F	org.telegram.tgnet.TLRPC$auth_SentCodeType	url	url
F	org.telegram.tgnet.TLRPC$TL_inputInvoiceStarGiftResale	flags	flags
F	org.telegram.tgnet.TLRPC$TL_inputInvoiceStarGiftResale	message	message
F	org.telegram.tgnet.TLRPC$messages_FavedStickers	hash	hash
F	org.telegram.tgnet.TLRPC$messages_FavedStickers	stickers	stickers
F	org.telegram.tgnet.Vector	objects	objects
F	org.telegram.tgnet.TLRPC$TL_inputPhoneContact	first_name	first_name
F	org.telegram.tgnet.TLRPC$TL_inputPhoneContact	flags	flags
F	org.telegram.tgnet.TLRPC$TL_inputPhoneContact	last_name	last_name
F	org.telegram.tgnet.TLRPC$TL_inputPhoneContact	note	note
F	org.telegram.tgnet.TLRPC$TL_inputPhoneContact	phone	phone
F	org.telegram.tgnet.TLRPC$TL_langPackLanguage	flags	flags
F	org.telegram.tgnet.TLRPC$TL_langPackLanguage	name	name
F	org.telegram.tgnet.TLRPC$TL_langPackLanguage	official	official
F	org.telegram.tgnet.TLRPC$TL_messageActionWebViewDataSentMe	data	data
F	org.telegram.tgnet.TLRPC$TL_messageActionWebViewDataSentMe	text	text
F	org.telegram.tgnet.TLRPC$BotInlineMessage	address	address
F	org.telegram.tgnet.TLRPC$BotInlineMessage	first_name	first_name
F	org.telegram.tgnet.TLRPC$BotInlineMessage	flags	flags
F	org.telegram.tgnet.TLRPC$BotInlineMessage	last_name	last_name
F	org.telegram.tgnet.TLRPC$BotInlineMessage	message	message
F	org.telegram.tgnet.TLRPC$BotInlineMessage	provider	provider
F	org.telegram.tgnet.TLRPC$BotInlineMessage	reply_markup	reply_markup
F	org.telegram.tgnet.TLRPC$BotInlineMessage	safe	safe
F	org.telegram.tgnet.TLRPC$BotInlineMessage	title	title
F	org.telegram.tgnet.TLRPC$BotInlineMessage	url	url
F	org.telegram.tgnet.TLRPC$EmojiGroup	title	title
F	org.telegram.tgnet.TLRPC$TL_messages_affectedFoundMessages	messages	messages
F	org.telegram.tgnet.TLRPC$TL_messages_affectedFoundMessages	offset	offset
F	org.telegram.tgnet.TLRPC$PaymentReceipt	date	date
F	org.telegram.tgnet.TLRPC$PaymentReceipt	description	description
F	org.telegram.tgnet.TLRPC$PaymentReceipt	flags	flags
F	org.telegram.tgnet.TLRPC$PaymentReceipt	info	info
F	org.telegram.tgnet.TLRPC$PaymentReceipt	photo	photo
F	org.telegram.tgnet.TLRPC$PaymentReceipt	title	title
F	org.telegram.tgnet.TLRPC$PaymentReceipt	users	users
F	org.telegram.tgnet.TLRPC$TL_messages_emojiGroups	groups	groups
F	org.telegram.tgnet.TLRPC$TL_messages_emojiGroups	hash	hash
F	org.telegram.tgnet.TLRPC$TL_messages_getHistory	add_offset	add_offset
F	org.telegram.tgnet.TLRPC$TL_messages_getHistory	limit	limit
F	org.telegram.tgnet.TLRPC$TL_messages_getHistory	offset_date	offset_date
F	org.telegram.tgnet.TLRPC$TL_messages_getHistory	offset_id	offset_id
F	org.telegram.tgnet.TLRPC$TL_messages_getHistory	peer	peer
F	org.telegram.tgnet.TLRPC$TL_messages_inactiveChats	chats	chats
F	org.telegram.tgnet.TLRPC$TL_messages_inactiveChats	users	users
F	org.telegram.tgnet.TLRPC$TL_messages_searchCounter	count	count
F	org.telegram.tgnet.TLRPC$TL_messages_searchCounter	filter	filter
F	org.telegram.tgnet.TLRPC$TL_messages_searchCounter	flags	flags
F	org.telegram.tgnet.TLRPC$TL_messages_startHistoryImport	peer	peer
F	org.telegram.tgnet.TLRPC$TL_channels_toggleAutotranslation	channel_id	channel
F	org.telegram.tgnet.TLRPC$TL_channels_toggleAutotranslation	enabled	enabled
F	org.telegram.tgnet.TLRPC$TL_chatInviteExported	date	date
F	org.telegram.tgnet.TLRPC$TL_chatInviteExported	flags	flags
F	org.telegram.tgnet.TLRPC$TL_chatInviteExported	link	link
F	org.telegram.tgnet.TLRPC$TL_chatInviteExported	requested	requested
F	org.telegram.tgnet.TLRPC$TL_chatInviteExported	title	title
F	org.telegram.tgnet.TLRPC$TL_privacyValueAllowChatParticipants	chats	chats
F	org.telegram.tgnet.TLRPC$TL_searchResultsCalendarPeriod	count	count
F	org.telegram.tgnet.TLRPC$TL_searchResultsCalendarPeriod	date	date
F	org.telegram.tgnet.TLRPC$TL_forumTopic	closed	closed
F	org.telegram.tgnet.TLRPC$TL_forumTopic	date	date
F	org.telegram.tgnet.TLRPC$TL_forumTopic	flags	flags
F	org.telegram.tgnet.TLRPC$TL_forumTopic	from_id	from_id
F	org.telegram.tgnet.TLRPC$TL_forumTopic	groupedMessages	groupedMessages
F	org.telegram.tgnet.TLRPC$TL_forumTopic	hidden	hidden
F	org.telegram.tgnet.TLRPC$TL_forumTopic	id	id
F	org.telegram.tgnet.TLRPC$TL_forumTopic	my	my
F	org.telegram.tgnet.TLRPC$TL_forumTopic	peer	peer
F	org.telegram.tgnet.TLRPC$TL_forumTopic	pinned	pinned
F	org.telegram.tgnet.TLRPC$TL_forumTopic	title	title
F	org.telegram.tgnet.TLRPC$TL_forumTopic	unread_count	unread_count
F	org.telegram.tgnet.TLRPC$channels_ChannelParticipants	chats	chats
F	org.telegram.tgnet.TLRPC$channels_ChannelParticipants	count	count
F	org.telegram.tgnet.TLRPC$channels_ChannelParticipants	users	users
F	org.telegram.tgnet.TLRPC$TL_messageActionSetChatWallPaper	same	same
F	org.telegram.tgnet.TLRPC$TL_messageMediaGiveawayResults	channel_id	channel_id
F	org.telegram.tgnet.TLRPC$BotInlineResult	content	content
F	org.telegram.tgnet.TLRPC$BotInlineResult	description	description
F	org.telegram.tgnet.TLRPC$BotInlineResult	document	document
F	org.telegram.tgnet.TLRPC$BotInlineResult	flags	flags
F	org.telegram.tgnet.TLRPC$BotInlineResult	id	id
F	org.telegram.tgnet.TLRPC$BotInlineResult	photo	photo
F	org.telegram.tgnet.TLRPC$BotInlineResult	title	title
F	org.telegram.tgnet.TLRPC$BotInlineResult	type	type
F	org.telegram.tgnet.TLRPC$BotInlineResult	url	url
F	org.telegram.tgnet.TLRPC$TL_messages_affectedHistory	offset	offset
F	org.telegram.tgnet.TLRPC$InputReplyTo	flags	flags
F	org.telegram.tgnet.TLRPC$InputReplyTo	peer	peer
F	org.telegram.tgnet.TLRPC$TL_messages_createChat	flags	flags
F	org.telegram.tgnet.TLRPC$TL_messages_createChat	title	title
F	org.telegram.tgnet.TLRPC$TL_messages_createChat	users	users
F	org.telegram.tgnet.TLRPC$Peer	channel_id	channel_id
F	org.telegram.tgnet.TLRPC$Peer	chat_id	chat_id
F	org.telegram.tgnet.TLRPC$Peer	user_id	user_id
F	org.telegram.tgnet.TLRPC$TL_messages_initHistoryImport	file	file
F	org.telegram.tgnet.TLRPC$TL_messages_initHistoryImport	peer	peer
F	org.telegram.tgnet.TLRPC$TL_messages_reorderPinnedDialogs	enabled	force
F	org.telegram.tgnet.TLRPC$TL_messages_reorderPinnedDialogs	flags	flags
F	org.telegram.tgnet.TLRPC$TL_channelLocation	address	address
F	org.telegram.tgnet.TLRPC$TL_channels_adminLogResults	chats	chats
F	org.telegram.tgnet.TLRPC$TL_channels_adminLogResults	events	events
F	org.telegram.tgnet.TLRPC$TL_channels_adminLogResults	users	users
F	org.telegram.tgnet.TLRPC$TL_channels_searchPosts	flags	flags
F	org.telegram.tgnet.TLRPC$TL_channels_searchPosts	limit	limit
F	org.telegram.tgnet.TLRPC$TL_channels_searchPosts	offset_id	offset_id
F	org.telegram.tgnet.TLRPC$TL_channels_searchPosts	query	query
F	org.telegram.tgnet.TLRPC$TL_chatInviteImporter	date	date
F	org.telegram.tgnet.TLRPC$TL_chatInviteImporter	flags	flags
F	org.telegram.tgnet.TLRPC$TL_chatInviteImporter	requested	requested
F	org.telegram.tgnet.TLRPC$TL_chatInviteImporter	user_id	user_id
F	org.telegram.tgnet.TLRPC$TL_secureData	data	data
F	org.telegram.tgnet.TLRPC$TL_secureData	secret	secret
F	org.telegram.tgnet.TLRPC$TL_textWithEntities	text	text
F	org.telegram.tgnet.TLRPC$TL_emojiURL	url	url
F	org.telegram.tgnet.TLRPC$TL_importedContact	user_id	user_id
F	org.telegram.tgnet.TLRPC$TL_inputEmojiStatusCollectible	flags	flags
F	org.telegram.tgnet.TLRPC$TL_inputEmojiStatusCollectible	until	until
F	org.telegram.tgnet.TLRPC$PeerColor	color	color
F	org.telegram.tgnet.TLRPC$PeerColor	colors	colors
F	org.telegram.tgnet.TLRPC$PeerColor	flags	flags
F	org.telegram.tgnet.TLRPC$TL_messages_getMessageReactionsList	flags	flags
F	org.telegram.tgnet.TLRPC$TL_messages_getMessageReactionsList	id	id
F	org.telegram.tgnet.TLRPC$TL_messages_getMessageReactionsList	limit	limit
F	org.telegram.tgnet.TLRPC$TL_messages_getMessageReactionsList	offset	offset
F	org.telegram.tgnet.TLRPC$TL_messages_getMessageReactionsList	peer	peer
F	org.telegram.tgnet.TLRPC$TL_messages_getMessageReactionsList	reaction	reaction
F	org.telegram.tgnet.TLRPC$TL_messages_searchGlobal	filter	filter
F	org.telegram.tgnet.TLRPC$TL_messages_searchGlobal	flags	flags
F	org.telegram.tgnet.TLRPC$TL_messages_searchGlobal	limit	limit
F	org.telegram.tgnet.TLRPC$TL_messages_searchGlobal	offset_id	offset_id
F	org.telegram.tgnet.TLRPC$TL_notifyForumTopic	peer	peer
F	org.telegram.tgnet.TLRPC$TL_payments_paymentVerificationNeeded	url	url
F	org.telegram.tgnet.TLRPC$TL_channels_channelParticipant	chats	chats
F	org.telegram.tgnet.TLRPC$TL_channels_channelParticipant	users	users
F	org.telegram.tgnet.TLRPC$TL_channels_sendAsPeers	chats	chats
F	org.telegram.tgnet.TLRPC$TL_channels_sendAsPeers	users	users
F	org.telegram.tgnet.TLRPC$TL_chatInviteJoinResultOk	updates	updates
F	org.telegram.tgnet.TLRPC$TL_contacts_importContacts	contacts	contacts
F	org.telegram.tgnet.TLRPC$TL_secureFile	access_hash	access_hash
F	org.telegram.tgnet.TLRPC$TL_secureFile	date	date
F	org.telegram.tgnet.TLRPC$TL_secureFile	dc_id	dc_id
F	org.telegram.tgnet.TLRPC$TL_secureFile	id	id
F	org.telegram.tgnet.TLRPC$TL_secureFile	secret	secret
F	org.telegram.tgnet.TLRPC$TL_secureFile	size	size
F	org.telegram.tgnet.TLRPC$TL_theme	access_hash	access_hash
F	org.telegram.tgnet.TLRPC$TL_theme	document	document
F	org.telegram.tgnet.TLRPC$TL_theme	flags	flags
F	org.telegram.tgnet.TLRPC$TL_theme	id	id
F	org.telegram.tgnet.TLRPC$TL_theme	settings	settings
F	org.telegram.tgnet.TLRPC$TL_theme	title	title
F	org.telegram.tgnet.TLRPC$TL_inlineBotSwitchPM	text	text
F	org.telegram.tgnet.TLRPC$TL_webViewResultUrl	flags	flags
F	org.telegram.tgnet.TLRPC$TL_webViewResultUrl	url	url
F	org.telegram.tgnet.TLRPC$contacts_Blocked	blocked	blocked
F	org.telegram.tgnet.TLRPC$contacts_Blocked	chats	chats
F	org.telegram.tgnet.TLRPC$contacts_Blocked	count	count
F	org.telegram.tgnet.TLRPC$contacts_Blocked	users	users
F	org.telegram.tgnet.TLRPC$messages_FoundStickers	flags	flags
F	org.telegram.tgnet.TLRPC$EmojiStatus	until	until
F	org.telegram.tgnet.TLRPC$InputStickerSet	access_hash	access_hash
F	org.telegram.tgnet.TLRPC$InputStickerSet	id	id
F	org.telegram.tgnet.TLRPC$TL_messages_deleteHistory	flags	flags
F	org.telegram.tgnet.TLRPC$TL_messages_deleteHistory	max_id	max_id
F	org.telegram.tgnet.TLRPC$TL_messages_deleteHistory	peer	peer
F	org.telegram.tgnet.TLRPC$TL_messages_deleteHistory	revoke	revoke
F	org.telegram.tgnet.TLRPC$TL_messages_getMessages	id	id
F	org.telegram.tgnet.TLRPC$TL_auth_authorization	flags	flags
F	org.telegram.tgnet.TLRPC$TL_auth_authorization	user	user
F	org.telegram.tgnet.TLRPC$TL_messages_invitedUsers	updates	updates
F	org.telegram.tgnet.TLRPC$TL_messages_report	id	id
F	org.telegram.tgnet.TLRPC$TL_messages_report	message	message
F	org.telegram.tgnet.TLRPC$TL_messages_report	peer	peer
F	org.telegram.tgnet.TLRPC$TL_messages_searchResultsCalendar	chats	chats
F	org.telegram.tgnet.TLRPC$TL_messages_searchResultsCalendar	count	count
F	org.telegram.tgnet.TLRPC$TL_messages_searchResultsCalendar	flags	flags
F	org.telegram.tgnet.TLRPC$TL_messages_searchResultsCalendar	messages	messages
F	org.telegram.tgnet.TLRPC$TL_messages_searchResultsCalendar	users	users
F	org.telegram.tgnet.TLRPC$TL_notifyPeer	peer	peer
F	org.telegram.tgnet.TLRPC$TL_payments_sendPaymentForm	flags	flags
F	org.telegram.tgnet.TLRPC$TL_chatInviteJoinResultWebView	users	users
F	org.telegram.tgnet.TLRPC$TL_contacts_importedContacts	users	users
F	org.telegram.tgnet.TLRPC$TL_updates_getDifference	date	date
F	org.telegram.tgnet.TLRPC$TL_updates_getDifference	flags	flags
F	org.telegram.tgnet.TLRPC$TL_game	access_hash	access_hash
F	org.telegram.tgnet.TLRPC$TL_game	description	description
F	org.telegram.tgnet.TLRPC$TL_game	document	document
F	org.telegram.tgnet.TLRPC$TL_game	flags	flags
F	org.telegram.tgnet.TLRPC$TL_game	id	id
F	org.telegram.tgnet.TLRPC$TL_game	photo	photo
F	org.telegram.tgnet.TLRPC$TL_game	title	title
F	org.telegram.tgnet.TLRPC$TL_inlineBotWebView	text	text
F	org.telegram.tgnet.TLRPC$TL_inlineBotWebView	url	url
F	org.telegram.tgnet.TLRPC$ThemeSettings	flags	flags
F	org.telegram.tgnet.TLRPC$contacts_Contacts	contacts	contacts
F	org.telegram.tgnet.TLRPC$contacts_Contacts	users	users
F	org.telegram.tgnet.TLRPC$messages_Messages	chats	chats
F	org.telegram.tgnet.TLRPC$messages_Messages	count	count
F	org.telegram.tgnet.TLRPC$messages_Messages	flags	flags
F	org.telegram.tgnet.TLRPC$messages_Messages	messages	messages
F	org.telegram.tgnet.TLRPC$messages_Messages	topics	topics
F	org.telegram.tgnet.TLRPC$messages_Messages	users	users
F	org.telegram.tgnet.TLRPC$ChannelParticipant	date	date
F	org.telegram.tgnet.TLRPC$ChannelParticipant	flags	flags
F	org.telegram.tgnet.TLRPC$ChannelParticipant	left	left
F	org.telegram.tgnet.TLRPC$ChannelParticipant	peer	peer
F	org.telegram.tgnet.TLRPC$ChannelParticipant	self	self
F	org.telegram.tgnet.TLRPC$ChannelParticipant	user_id	user_id
F	org.telegram.tgnet.TLRPC$EncryptedChat	access_hash	access_hash
F	org.telegram.tgnet.TLRPC$EncryptedChat	date	date
F	org.telegram.tgnet.TLRPC$EncryptedChat	flags	flags
F	org.telegram.tgnet.TLRPC$EncryptedChat	id	id
F	org.telegram.tgnet.TLRPC$EncryptedChat	user_id	user_id
F	org.telegram.tgnet.TLRPC$TL_messages_deleteMessages	flags	flags
F	org.telegram.tgnet.TLRPC$TL_messages_deleteMessages	id	id
F	org.telegram.tgnet.TLRPC$TL_messages_deleteMessages	revoke	revoke
F	org.telegram.tgnet.TLRPC$PeerNotifySettings	flags	flags
F	org.telegram.tgnet.TLRPC$TL_messages_exportedChatInvites	count	count
F	org.telegram.tgnet.TLRPC$TL_messages_exportedChatInvites	users	users
F	org.telegram.tgnet.TLRPC$TL_messages_getMessagesViews	id	id
F	org.telegram.tgnet.TLRPC$TL_messages_getMessagesViews	peer	peer
F	org.telegram.tgnet.TLRPC$TL_auth_authorizationSignUpRequired	flags	flags
F	org.telegram.tgnet.tl.TL_aicompose$getToneExample	version	num
F	org.telegram.tgnet.TLRPC$TL_messages_searchResultsPositions	count	count
F	org.telegram.tgnet.TLRPC$TL_messages_searchResultsPositions	positions	positions
F	org.telegram.tgnet.TLRPC$TL_channelAdminLogEventActionPinTopic	flags	flags
F	org.telegram.tgnet.TLRPC$TL_payments_starsRevenueAdsAccountUrl	url	url
F	org.telegram.tgnet.TLRPC$TL_privacyValueAllowUsers	users	users
F	org.telegram.tgnet.TLRPC$TL_contacts_link_layer101	user	user
F	org.telegram.tgnet.TLRPC$TL_decryptedMessageLayer	message	message
F	org.telegram.tgnet.TLRPC$TL_updates_state	date	date
F	org.telegram.tgnet.TLRPC$TL_updates_state	unread_count	unread_count
F	org.telegram.tgnet.TLRPC$TL_inputMediaDocument	id	id
F	org.telegram.tgnet.TLRPC$TL_inputMediaDocument	query	query
F	org.telegram.tgnet.TLRPC$TL_inputWallPaper	access_hash	access_hash
F	org.telegram.tgnet.TLRPC$TL_inputWallPaper	id	id
F	org.telegram.tgnet.TLRPC$TL_messageExtendedMedia	media	media
F	org.telegram.tgnet.TLRPC$TL_messageMediaInvoice_layer145	photo	photo
F	org.telegram.tgnet.TLRPC$EncryptedFile	access_hash	access_hash
F	org.telegram.tgnet.TLRPC$EncryptedFile	dc_id	dc_id
F	org.telegram.tgnet.TLRPC$EncryptedFile	id	id
F	org.telegram.tgnet.TLRPC$EncryptedFile	size	size
F	org.telegram.tgnet.TLRPC$TL_messages_appendTodoList	options	list
F	org.telegram.tgnet.TLRPC$TL_messages_appendTodoList	peer	peer
F	org.telegram.tgnet.TLRPC$InputUser	access_hash	access_hash
F	org.telegram.tgnet.TLRPC$InputUser	user_id	user_id
F	org.telegram.tgnet.TLRPC$PeerSettings	flags	flags
F	org.telegram.tgnet.TLRPC$SendMessageAction	progress	progress
F	org.telegram.tgnet.TLRPC$TL_messages_messageEditData	caption	caption
F	org.telegram.tgnet.TLRPC$TL_messages_messageEditData	flags	flags
F	org.telegram.tgnet.tl.TL_account$getPaidMessagesRevenue	id	flags
F	org.telegram.tgnet.tl.TL_account$getPaidMessagesRevenue	peer	parent_peer
F	org.telegram.tgnet.tl.TL_account$getPaidMessagesRevenue	user_id	user_id
F	org.telegram.tgnet.TLRPC$TL_messages_stickers	hash	hash
F	org.telegram.tgnet.TLRPC$TL_messages_stickers	stickers	stickers
F	org.telegram.tgnet.TLRPC$TL_channelAdminLogEventActionSendMessage	message	message
F	org.telegram.tgnet.TLRPC$TL_payments_starsRevenueStats	flags	flags
F	org.telegram.tgnet.TLRPC$TL_payments_starsRevenueStats	status	status
F	org.telegram.tgnet.TLRPC$TL_channels_sponsoredMessageReportResultChooseOption	options	options
F	org.telegram.tgnet.TLRPC$TL_channels_sponsoredMessageReportResultChooseOption	title	title
F	org.telegram.tgnet.TLRPC$TL_codeSettings	flags	flags
F	org.telegram.tgnet.TLRPC$TL_codeSettings	token	token
F	org.telegram.tgnet.TLRPC$TL_dialogFilterSuggested	description	description
F	org.telegram.tgnet.TLRPC$TL_dialogFilterSuggested	filter	filter
F	org.telegram.tgnet.TLRPC$TL_help_inviteText	message	message
F	org.telegram.tgnet.TLRPC$TL_inputMediaDocumentExternal	url	url
F	org.telegram.tgnet.TLRPC$TL_inputWallPaperNoFile	id	id
F	org.telegram.tgnet.TLRPC$TL_maskCoords	n	n
F	org.telegram.tgnet.TLRPC$TL_maskCoords	x	x
F	org.telegram.tgnet.TLRPC$TL_maskCoords	y	y
F	org.telegram.tgnet.TLRPC$TL_messageActionConferenceCall	active	active
F	org.telegram.tgnet.TLRPC$TL_messageActionConferenceCall	flags	flags
F	org.telegram.tgnet.TLRPC$TL_messageActionStarGift	from_id	from_id
F	org.telegram.tgnet.TLRPC$TL_messageActionStarGift	message	message
F	org.telegram.tgnet.TLRPC$TL_messageActionStarGift	saved	saved
F	org.telegram.tgnet.TLRPC$TL_messageExtendedMediaPreview	flags	flags
F	org.telegram.tgnet.TLRPC$TL_messageExtendedMediaPreview	h	h
F	org.telegram.tgnet.TLRPC$TL_messageExtendedMediaPreview	w	w
F	org.telegram.tgnet.TLRPC$Chat	access_hash	access_hash
F	org.telegram.tgnet.TLRPC$Chat	broadcast	broadcast
F	org.telegram.tgnet.TLRPC$Chat	color	color
F	org.telegram.tgnet.TLRPC$Chat	date	date
F	org.telegram.tgnet.TLRPC$Chat	flags	flags
F	org.telegram.tgnet.TLRPC$Chat	id	id
F	org.telegram.tgnet.TLRPC$Chat	left	left
F	org.telegram.tgnet.TLRPC$Chat	level	level
F	org.telegram.tgnet.TLRPC$Chat	min	min
F	org.telegram.tgnet.TLRPC$Chat	photo	photo
F	org.telegram.tgnet.TLRPC$Chat	restricted	restricted
F	org.telegram.tgnet.TLRPC$Chat	title	title
F	org.telegram.tgnet.TLRPC$Chat	username	username
F	org.telegram.tgnet.TLRPC$Chat	version	version
F	org.telegram.tgnet.TLRPC$TL_messages_archivedStickers	count	count
F	org.telegram.tgnet.TLRPC$StickerSet	access_hash	access_hash
F	org.telegram.tgnet.TLRPC$StickerSet	archived	archived
F	org.telegram.tgnet.TLRPC$StickerSet	count	count
F	org.telegram.tgnet.TLRPC$StickerSet	flags	flags
F	org.telegram.tgnet.TLRPC$StickerSet	hash	hash
F	org.telegram.tgnet.TLRPC$StickerSet	id	id
F	org.telegram.tgnet.TLRPC$StickerSet	official	official
F	org.telegram.tgnet.TLRPC$StickerSet	title	title
F	org.telegram.tgnet.TLRPC$TL_messages_messageReactionsList	chats	chats
F	org.telegram.tgnet.TLRPC$TL_messages_messageReactionsList	count	count
F	org.telegram.tgnet.TLRPC$TL_messages_messageReactionsList	flags	flags
F	org.telegram.tgnet.TLRPC$TL_messages_messageReactionsList	reactions	reactions
F	org.telegram.tgnet.TLRPC$TL_messages_messageReactionsList	users	users
F	org.telegram.tgnet.tl.TL_forum$TL_messages_getForumTopicsByID	order	topics
F	org.telegram.tgnet.tl.TL_forum$TL_messages_getForumTopicsByID	peer	peer
F	org.telegram.tgnet.TLRPC$TL_botInlineMessageMediaInvoice	description	description
F	org.telegram.tgnet.TLRPC$TL_botInlineMessageMediaInvoice	photo	photo
F	org.telegram.tgnet.TLRPC$TL_botInlineMessageMediaInvoice	test	test
F	org.telegram.tgnet.TLRPC$TL_channelAdminLogEventActionStartGroupCall	call	call
F	org.telegram.tgnet.TLRPC$TL_outboxReadDate	date	date
F	org.telegram.tgnet.TLRPC$TL_payments_starsRevenueWithdrawalUrl	url	url
F	org.telegram.tgnet.TLRPC$TL_channels_checkUsername	channel	channel
F	org.telegram.tgnet.TLRPC$TL_channels_checkUsername	title	username
F	org.telegram.tgnet.TLRPC$TL_postAddress	state	state
F	org.telegram.tgnet.TLRPC$TL_recentStory	flags	flags
F	org.telegram.tgnet.TLRPC$TL_recentStory	live	live
F	org.telegram.tgnet.TLRPC$TL_recentStory	max_id	max_id
F	org.telegram.tgnet.TLRPC$TL_contacts_resolvedPeer	chats	chats
F	org.telegram.tgnet.TLRPC$TL_contacts_resolvedPeer	peer	peer
F	org.telegram.tgnet.TLRPC$TL_contacts_resolvedPeer	users	users
F	org.telegram.tgnet.TLRPC$TL_timezone	id	id
F	org.telegram.tgnet.TLRPC$TL_timezone	name	name
F	org.telegram.tgnet.TLRPC$TL_webAuthorization	hash	hash
F	org.telegram.tgnet.TLRPC$TL_webAuthorization	region	region
F	org.telegram.tgnet.TLRPC$TodoItem	id	id
F	org.telegram.tgnet.TLRPC$TodoItem	title	title
F	org.telegram.tgnet.TLRPC$TL_messageActionStarGiftPurchaseOffer	accepted	accepted
F	org.telegram.tgnet.TLRPC$ChatFull	blocked	blocked
F	org.telegram.tgnet.TLRPC$ChatFull	call	call
F	org.telegram.tgnet.TLRPC$ChatFull	flags	flags
F	org.telegram.tgnet.TLRPC$ChatFull	id	id
F	org.telegram.tgnet.TLRPC$ChatFull	location	location
F	org.telegram.tgnet.TLRPC$ChatFull	stories	stories
F	org.telegram.tgnet.TLRPC$ChatFull	unread_count	unread_count
F	org.telegram.tgnet.TLRPC$FileLocation	dc_id	dc_id
F	org.telegram.tgnet.TLRPC$FileLocation	file_reference	file_reference
F	org.telegram.tgnet.TLRPC$FileLocation	key	key
F	org.telegram.tgnet.TLRPC$FileLocation	local_id	local_id
F	org.telegram.tgnet.TLRPC$FileLocation	secret	secret
F	org.telegram.tgnet.TLRPC$FileLocation	volume_id	volume_id
F	org.telegram.tgnet.TLRPC$TL_messages_deleteQuickReplyMessages	id	id
F	org.telegram.tgnet.TLRPC$PhoneConnection	flags	flags
F	org.telegram.tgnet.TLRPC$PhoneConnection	id	id
F	org.telegram.tgnet.TLRPC$PhoneConnection	turn	turn
F	org.telegram.tgnet.TLRPC$PhoneConnection	username	username
F	org.telegram.tgnet.TLRPC$StickerSetCovered	cover	cover
F	org.telegram.tgnet.TLRPC$StickerSetCovered	set	set
F	org.telegram.tgnet.TLRPC$TL_messages_messageViews	chats	chats
F	org.telegram.tgnet.TLRPC$TL_messages_messageViews	users	users
F	org.telegram.tgnet.TLRPC$TL_messages_messageViews	views	views
F	org.telegram.tgnet.TLRPC$TL_messages_sendEncryptedFile	data	data
F	org.telegram.tgnet.TLRPC$TL_messages_sendEncryptedFile	file	file
F	org.telegram.tgnet.TLRPC$TL_messages_sendEncryptedFile	flags	flags
F	org.telegram.tgnet.TLRPC$TL_messages_toggleStickerSets	archive	archive
F	org.telegram.tgnet.TLRPC$TL_messages_toggleStickerSets	flags	flags
F	org.telegram.tgnet.TLRPC$TL_channelAdminLogEventActionStopPoll	message	message
F	org.telegram.tgnet.TLRPC$TL_passwordKdfAlgoSHA256SHA256PBKDF2HMACSHA512iter100000SHA256ModPow	g	g
F	org.telegram.tgnet.TLRPC$TL_passwordKdfAlgoSHA256SHA256PBKDF2HMACSHA512iter100000SHA256ModPow	p	p
F	org.telegram.tgnet.TLRPC$TL_payments_validateRequestedInfo	flags	flags
F	org.telegram.tgnet.TLRPC$TL_payments_validateRequestedInfo	info	info
F	org.telegram.tgnet.TLRPC$TL_channels_convertToGigagroup	channel	channel
F	org.telegram.tgnet.TLRPC$TL_channels_toggleForum	channel	channel
F	org.telegram.tgnet.TLRPC$TL_channels_toggleForum	enabled	enabled
F	org.telegram.tgnet.TLRPC$TL_channels_toggleForum	tabs	tabs
F	org.telegram.tgnet.TLRPC$TL_premiumGiftCodeOption	amount	amount
F	org.telegram.tgnet.TLRPC$TL_premiumGiftCodeOption	flags	flags
F	org.telegram.tgnet.TLRPC$TL_premiumGiftCodeOption	users	users
F	org.telegram.tgnet.TLRPC$TL_privacyValueDisallowChatParticipants	chats	chats
F	org.telegram.tgnet.TLRPC$TL_replyInlineMarkup	rows	rows
F	org.telegram.tgnet.TLRPC$TL_contacts_search	flags	flags
F	org.telegram.tgnet.TLRPC$TL_contacts_search	limit	limit
F	org.telegram.tgnet.TLRPC$TL_getFactCheck	peer	peer
F	org.telegram.tgnet.TLRPC$TL_help_passportConfig	hash	hash
F	org.telegram.tgnet.TLRPC$TodoList	flags	flags
F	org.telegram.tgnet.TLRPC$TodoList	list	list
F	org.telegram.tgnet.TLRPC$TodoList	title	title
F	org.telegram.tgnet.TLRPC$messages_SavedGifs	hash	hash
F	org.telegram.tgnet.TLRPC$TL_inputStickerSetItem	document	document
F	org.telegram.tgnet.TLRPC$TL_inputStickerSetItem	emoji	emoji
F	org.telegram.tgnet.TLRPC$TL_inputStickerSetItem	flags	flags
F	org.telegram.tgnet.TLRPC$TL_inputWebDocument	attributes	attributes
F	org.telegram.tgnet.TLRPC$TL_inputWebDocument	mime_type	mime_type
F	org.telegram.tgnet.TLRPC$TL_inputWebDocument	size	size
F	org.telegram.tgnet.TLRPC$TL_inputWebDocument	url	url
F	org.telegram.tgnet.TLRPC$ChatInvite	channel	channel
F	org.telegram.tgnet.TLRPC$ChatInvite	chat	chat
F	org.telegram.tgnet.TLRPC$ChatInvite	photo	photo
F	org.telegram.tgnet.TLRPC$ChatInvite	title	title
F	org.telegram.tgnet.TLRPC$GeoPoint	access_hash	access_hash
F	org.telegram.tgnet.TLRPC$GeoPoint	flags	flags
F	org.telegram.tgnet.TLRPC$Photo	access_hash	access_hash
F	org.telegram.tgnet.TLRPC$Photo	date	date
F	org.telegram.tgnet.TLRPC$Photo	dc_id	dc_id
F	org.telegram.tgnet.TLRPC$Photo	file_reference	file_reference
F	org.telegram.tgnet.TLRPC$Photo	flags	flags
F	org.telegram.tgnet.TLRPC$Photo	has_stickers	has_stickers
F	org.telegram.tgnet.TLRPC$Photo	id	id
F	org.telegram.tgnet.TLRPC$Photo	sizes	sizes
F	org.telegram.tgnet.TLRPC$TL_messages_featuredStickers	count	count
F	org.telegram.tgnet.TLRPC$TL_messages_featuredStickers	flags	flags
F	org.telegram.tgnet.TLRPC$TL_messages_featuredStickers	hash	hash
F	org.telegram.tgnet.TLRPC$TL_messages_featuredStickers	premium	premium
F	org.telegram.tgnet.TLRPC$TL_messages_featuredStickers	unread	unread
F	org.telegram.tgnet.TLRPC$SuggestedPost	accepted	accepted
F	org.telegram.tgnet.TLRPC$SuggestedPost	flags	flags
F	org.telegram.tgnet.TLRPC$SuggestedPost	rejected	rejected
F	org.telegram.tgnet.TLRPC$TL_messages_requestAppWebView	flags	flags
F	org.telegram.tgnet.TLRPC$TL_messages_requestAppWebView	peer	peer
F	org.telegram.tgnet.TLRPC$TL_messages_sendEncryptedMultiMedia	files	files
F	org.telegram.tgnet.TLRPC$TL_messages_sendEncryptedMultiMedia	messages	messages
F	org.telegram.tgnet.TLRPC$TL_payments_validatedRequestedInfo	flags	flags
F	org.telegram.tgnet.TLRPC$TL_payments_validatedRequestedInfo	id	id
F	org.telegram.tgnet.TLRPC$TL_channels_createChannel	address	address
F	org.telegram.tgnet.TLRPC$TL_channels_createChannel	flags	flags
F	org.telegram.tgnet.TLRPC$TL_channels_createChannel	title	title
F	org.telegram.tgnet.TLRPC$TL_channels_toggleJoinRequest	channel	channel
F	org.telegram.tgnet.TLRPC$TL_channels_toggleJoinRequest	enabled	enabled
F	org.telegram.tgnet.TLRPC$TL_channels_toggleJoinRequest	flags	flags
F	org.telegram.tgnet.TLRPC$TL_premiumGiftOption	amount	amount
F	org.telegram.tgnet.TLRPC$TL_premiumGiftOption	flags	flags
F	org.telegram.tgnet.TLRPC$TL_contacts_sponsoredPeers	chats	chats
F	org.telegram.tgnet.TLRPC$TL_contacts_sponsoredPeers	users	users
F	org.telegram.tgnet.TLRPC$TL_securePlainPhone	phone	phone
F	org.telegram.tgnet.TLRPC$TL_dialogPeer	peer	peer
F	org.telegram.tgnet.TLRPC$TL_inputMediaInvoice	description	description
F	org.telegram.tgnet.TLRPC$TL_inputMediaInvoice	flags	flags
F	org.telegram.tgnet.TLRPC$TL_inputMediaInvoice	payload	payload
F	org.telegram.tgnet.TLRPC$TL_inputMediaInvoice	photo	photo
F	org.telegram.tgnet.TLRPC$TL_inputMediaInvoice	provider	provider
F	org.telegram.tgnet.TLRPC$TL_inputMediaInvoice	title	title
F	org.telegram.tgnet.TLRPC$messages_SavedReactionTags	hash	hash
F	org.telegram.tgnet.TLRPC$messages_SavedReactionTags	tags	tags
F	org.telegram.tgnet.TLRPC$TL_inputNotifyForumTopic	peer	peer
F	org.telegram.tgnet.TLRPC$TL_inputWebFileGeoPointLocation	access_hash	access_hash
F	org.telegram.tgnet.TLRPC$TL_inputWebFileGeoPointLocation	h	h
F	org.telegram.tgnet.TLRPC$TL_inputWebFileGeoPointLocation	scale	scale
F	org.telegram.tgnet.TLRPC$TL_inputWebFileGeoPointLocation	w	w
F	org.telegram.tgnet.TLRPC$TL_messageActionPaidMessagesRefunded	count	count
F	org.telegram.tgnet.TLRPC$TL_messageActionStarGiftUnique	from_id	from_id
F	org.telegram.tgnet.TLRPC$TL_messageActionStarGiftUnique	message	message
F	org.telegram.tgnet.TLRPC$TL_messageActionStarGiftUnique	peer	peer
F	org.telegram.tgnet.TLRPC$TL_messageActionStarGiftUnique	saved	saved
F	org.telegram.tgnet.TLRPC$GlobalPrivacySettings	flags	flags
F	org.telegram.tgnet.TLRPC$TL_messages_availableReactions	hash	hash
F	org.telegram.tgnet.TLRPC$TL_messages_availableReactions	reactions	reactions
F	org.telegram.tgnet.TLRPC$TL_messages_featuredStickersNotModified	count	count
F	org.telegram.tgnet.TLRPC$TL_messages_getRecentStickers	attached	attached
F	org.telegram.tgnet.TLRPC$TL_messages_getRecentStickers	flags	flags
F	org.telegram.tgnet.TLRPC$TL_messages_getRecentStickers	hash	hash
F	org.telegram.tgnet.TLRPC$TL_messages_requestChatJoinWebView	flags	flags
F	org.telegram.tgnet.TLRPC$TL_messages_sendInlineBotResult	flags	flags
F	org.telegram.tgnet.TLRPC$TL_messages_sendInlineBotResult	id	id
F	org.telegram.tgnet.TLRPC$TL_messages_sendInlineBotResult	peer	peer
F	org.telegram.tgnet.TLRPC$TL_messages_transcribedAudio	flags	flags
F	org.telegram.tgnet.TLRPC$TL_messages_transcribedAudio	pending	pending
F	org.telegram.tgnet.TLRPC$TL_messages_transcribedAudio	text	text
F	org.telegram.tgnet.TLRPC$TL_paymentCharge	id	id
F	org.telegram.tgnet.TLRPC$TL_peerBlocked	date	date
F	org.telegram.tgnet.TLRPC$TL_peerBlocked	peer_id	peer_id
F	org.telegram.tgnet.TLRPC$TL_privacyValueDisallowUsers	users	users
F	org.telegram.tgnet.TLRPC$TL_composedMessageWithAI	flags	flags
F	org.telegram.tgnet.TLRPC$TL_secureRequiredType	flags	flags
F	org.telegram.tgnet.TLRPC$TL_secureRequiredType	type	type
F	org.telegram.tgnet.TLRPC$TL_sendAsPeer	flags	flags
F	org.telegram.tgnet.TLRPC$TL_sendAsPeer	peer	peer
F	org.telegram.tgnet.TLRPC$TL_shippingOption	id	id
F	org.telegram.tgnet.TLRPC$TL_shippingOption	title	title
F	org.telegram.tgnet.TLRPC$TL_topPeer	peer	peer
F	org.telegram.tgnet.TLRPC$TL_help_peerColorOption	colors	colors
F	org.telegram.tgnet.TLRPC$TL_help_peerColorOption	flags	flags
F	org.telegram.tgnet.TLRPC$TL_help_peerColorOption	hidden	hidden
F	org.telegram.tgnet.TLRPC$TL_inputMediaPaidMedia	flags	flags
F	org.telegram.tgnet.TLRPC$TL_inputMediaPaidMedia	payload	payload
F	org.telegram.tgnet.TLRPC$TL_inputPrivacyValueAllowUsers	users	users
F	org.telegram.tgnet.TLRPC$TL_inputWebFileLocation	access_hash	access_hash
F	org.telegram.tgnet.TLRPC$TL_inputWebFileLocation	url	url
F	org.telegram.tgnet.TLRPC$ChatParticipant	date	date
F	org.telegram.tgnet.TLRPC$ChatParticipant	flags	flags
F	org.telegram.tgnet.TLRPC$ChatParticipant	user_id	user_id
F	org.telegram.tgnet.TLRPC$GroupCall	access_hash	access_hash
F	org.telegram.tgnet.TLRPC$GroupCall	flags	flags
F	org.telegram.tgnet.TLRPC$GroupCall	id	id
F	org.telegram.tgnet.TLRPC$GroupCall	min	min
F	org.telegram.tgnet.TLRPC$GroupCall	title	title
F	org.telegram.tgnet.TLRPC$GroupCall	version	version
F	org.telegram.tgnet.TLRPC$LangPackString	flags	flags
F	org.telegram.tgnet.TLRPC$LangPackString	key	key
F	org.telegram.tgnet.TLRPC$LangPackString	value	value
F	org.telegram.tgnet.TLRPC$TL_messages_deleteScheduledMessages	id	id
F	org.telegram.tgnet.TLRPC$TL_messages_deleteScheduledMessages	peer	peer
F	org.telegram.tgnet.TLRPC$Poll	closed	closed
F	org.telegram.tgnet.TLRPC$Poll	hash	hash
F	org.telegram.tgnet.TLRPC$Poll	id	id
F	org.telegram.tgnet.TLRPC$TL_messages_forumTopics	chats	chats
F	org.telegram.tgnet.TLRPC$TL_messages_forumTopics	count	count
F	org.telegram.tgnet.TLRPC$TL_messages_forumTopics	flags	flags
F	org.telegram.tgnet.TLRPC$TL_messages_forumTopics	messages	messages
F	org.telegram.tgnet.TLRPC$TL_messages_forumTopics	topics	topics
F	org.telegram.tgnet.TLRPC$TL_messages_forumTopics	users	users
F	org.telegram.tgnet.TLRPC$TL_messages_getReplies	add_offset	add_offset
F	org.telegram.tgnet.TLRPC$TL_messages_getReplies	limit	limit
F	org.telegram.tgnet.TLRPC$TL_messages_getReplies	offset_date	offset_date
F	org.telegram.tgnet.TLRPC$TL_messages_getReplies	offset_id	offset_id
F	org.telegram.tgnet.TLRPC$TL_messages_getReplies	peer	peer
F	org.telegram.tgnet.TLRPC$TL_authorization	current	current
F	org.telegram.tgnet.TLRPC$TL_authorization	flags	flags
F	org.telegram.tgnet.TLRPC$TL_authorization	hash	hash
F	org.telegram.tgnet.TLRPC$TL_authorization	region	region
F	org.telegram.tgnet.TLRPC$TL_messages_requestMainWebView	flags	flags
F	org.telegram.tgnet.TLRPC$TL_messages_requestMainWebView	peer	peer
F	org.telegram.tgnet.TLRPC$TL_messages_sendMedia	flags	flags
F	org.telegram.tgnet.TLRPC$TL_messages_sendMedia	media	media
F	org.telegram.tgnet.TLRPC$TL_messages_sendMedia	message	message
F	org.telegram.tgnet.TLRPC$TL_messages_sendMedia	peer	peer
F	org.telegram.tgnet.TLRPC$TL_channelAdminLogEventActionDeleteMessage	message	message
F	org.telegram.tgnet.TLRPC$TL_messages_translateResult	result	result
F	org.telegram.tgnet.TLRPC$TL_paymentFormMethod	title	title
F	org.telegram.tgnet.TLRPC$TL_paymentFormMethod	url	url
F	org.telegram.tgnet.TLRPC$TL_premiumSubscriptionOption	amount	amount
F	org.telegram.tgnet.TLRPC$TL_premiumSubscriptionOption	current	current
F	org.telegram.tgnet.TLRPC$TL_premiumSubscriptionOption	flags	flags
F	org.telegram.tgnet.TLRPC$TL_secureRequiredTypeOneOf	types	types
F	org.telegram.tgnet.TLRPC$TL_upload_webFile	bytes	bytes
F	org.telegram.tgnet.TLRPC$TL_upload_webFile	mime_type	mime_type
F	org.telegram.tgnet.TLRPC$TL_upload_webFile	size	size
F	org.telegram.tgnet.TLRPC$TL_inputAppEvent	data	data
F	org.telegram.tgnet.TLRPC$TL_inputAppEvent	peer	peer
F	org.telegram.tgnet.TLRPC$TL_inputAppEvent	time	time
F	org.telegram.tgnet.TLRPC$TL_inputAppEvent	type	type
F	org.telegram.tgnet.TLRPC$TL_inputFolderPeer	peer	peer
F	org.telegram.tgnet.TLRPC$TL_inputPrivacyValueDisallowUsers	users	users
F	org.telegram.tgnet.TLRPC$TL_invoice	flags	flags
F	org.telegram.tgnet.TLRPC$TL_invoice	test	test
F	org.telegram.tgnet.TLRPC$ChatParticipants	chat_id	chat_id
F	org.telegram.tgnet.TLRPC$ChatParticipants	flags	flags
F	org.telegram.tgnet.TLRPC$ChatParticipants	version	version
F	org.telegram.tgnet.TLRPC$TL_messageReportOption	text	text
F	org.telegram.tgnet.TLRPC$GroupCallMessage	date	date
F	org.telegram.tgnet.TLRPC$GroupCallMessage	flags	flags
F	org.telegram.tgnet.TLRPC$GroupCallMessage	from_id	from_id
F	org.telegram.tgnet.TLRPC$GroupCallMessage	id	id
F	org.telegram.tgnet.TLRPC$GroupCallMessage	message	message
F	org.telegram.tgnet.TLRPC$TL_messages_botApp	flags	flags
F	org.telegram.tgnet.TLRPC$Message	action	action
F	org.telegram.tgnet.TLRPC$Message	attachPath	attachPath
F	org.telegram.tgnet.TLRPC$Message	date	date
F	org.telegram.tgnet.TLRPC$Message	destroyTime	destroyTime
F	org.telegram.tgnet.TLRPC$Message	dialog_id	dialog_id
F	org.telegram.tgnet.TLRPC$Message	flags	flags
F	org.telegram.tgnet.TLRPC$Message	from_id	from_id
F	org.telegram.tgnet.TLRPC$Message	id	id
F	org.telegram.tgnet.TLRPC$Message	legacy	legacy
F	org.telegram.tgnet.TLRPC$Message	local_id	local_id
F	org.telegram.tgnet.TLRPC$Message	media	media
F	org.telegram.tgnet.TLRPC$Message	message	message
F	org.telegram.tgnet.TLRPC$Message	offline	offline
F	org.telegram.tgnet.TLRPC$Message	out	out
F	org.telegram.tgnet.TLRPC$Message	params	params
F	org.telegram.tgnet.TLRPC$Message	peer_id	peer_id
F	org.telegram.tgnet.TLRPC$Message	pinned	pinned
F	org.telegram.tgnet.TLRPC$Message	post	post
F	org.telegram.tgnet.TLRPC$Message	reactions	reactions
F	org.telegram.tgnet.TLRPC$Message	reply_markup	reply_markup
F	org.telegram.tgnet.TLRPC$Message	send_state	send_state
F	org.telegram.tgnet.TLRPC$Message	unread	unread
F	org.telegram.tgnet.TLRPC$Message	views	views
F	org.telegram.tgnet.TLRPC$PollAnswer	flags	flags
F	org.telegram.tgnet.TLRPC$PollAnswer	media	media
F	org.telegram.tgnet.TLRPC$PollAnswer	text	text
F	org.telegram.tgnet.TLRPC$TL_messages_forwardMessages	flags	flags
F	org.telegram.tgnet.TLRPC$TL_messages_forwardMessages	id	id
F	org.telegram.tgnet.TLRPC$TL_messages_getSavedDialogs	flags	flags
F	org.telegram.tgnet.TLRPC$TL_messages_getSavedDialogs	hash	hash
F	org.telegram.tgnet.TLRPC$TL_messages_getSavedDialogs	limit	limit
F	org.telegram.tgnet.TLRPC$TL_messages_getSavedDialogs	offset_date	offset_date
F	org.telegram.tgnet.TLRPC$TL_messages_getSavedDialogs	offset_id	offset_id
F	org.telegram.tgnet.TLRPC$TL_autoDownloadSettings	disabled	disabled
F	org.telegram.tgnet.TLRPC$TL_autoDownloadSettings	flags	flags
F	org.telegram.tgnet.TLRPC$TL_messages_requestSimpleWebView	flags	flags
F	org.telegram.tgnet.TLRPC$TL_messages_requestSimpleWebView	url	url
F	org.telegram.tgnet.TLRPC$TL_messages_sendMessage	flags	flags
F	org.telegram.tgnet.TLRPC$TL_messages_sendMessage	message	message
F	org.telegram.tgnet.TLRPC$TL_messages_sendMessage	peer	peer
F	org.telegram.tgnet.TLRPC$TL_messages_translateRichMessage	flags	flags
F	org.telegram.tgnet.TLRPC$TL_messages_translateRichMessage	id	id
F	org.telegram.tgnet.TLRPC$TL_messages_translateRichMessage	peer	peer
F	org.telegram.tgnet.TLRPC$TL_messages_translateRichMessage	text	text
F	org.telegram.tgnet.TLRPC$TL_paymentRequestedInfo	flags	flags
F	org.telegram.tgnet.TLRPC$TL_paymentRequestedInfo	name	name
F	org.telegram.tgnet.TLRPC$TL_paymentRequestedInfo	phone	phone
F	org.telegram.tgnet.TLRPC$TL_channels_deleteMessages	channel	channel
F	org.telegram.tgnet.TLRPC$TL_channels_deleteMessages	id	id
F	org.telegram.tgnet.TLRPC$TL_upload_getFile	limit	limit
F	org.telegram.tgnet.TLRPC$TL_config	date	date
F	org.telegram.tgnet.TLRPC$TL_config	flags	flags
F	org.telegram.tgnet.TLRPC$TL_contacts_topPeers	chats	chats
F	org.telegram.tgnet.TLRPC$TL_contacts_topPeers	users	users
F	org.telegram.tgnet.TLRPC$TL_sponsoredMessage	color	color
F	org.telegram.tgnet.TLRPC$TL_sponsoredMessage	flags	flags
F	org.telegram.tgnet.TLRPC$TL_sponsoredMessage	media	media
F	org.telegram.tgnet.TLRPC$TL_sponsoredMessage	message	message
F	org.telegram.tgnet.TLRPC$TL_sponsoredMessage	photo	photo
F	org.telegram.tgnet.TLRPC$TL_sponsoredMessage	title	title
F	org.telegram.tgnet.TLRPC$TL_sponsoredMessage	url	url
F	org.telegram.tgnet.TLRPC$TL_urlAuthResultAccepted	flags	flags
F	org.telegram.tgnet.TLRPC$TL_urlAuthResultAccepted	url	url
F	org.telegram.tgnet.TLRPC$TL_help_peerColorSet	colors	colors
F	org.telegram.tgnet.TLRPC$TL_inputBotAppID	access_hash	access_hash
F	org.telegram.tgnet.TLRPC$TL_inputBotAppID	id	id
F	org.telegram.tgnet.TLRPC$User	access_hash	access_hash
F	org.telegram.tgnet.TLRPC$User	color	color
F	org.telegram.tgnet.TLRPC$User	deleted	deleted
F	org.telegram.tgnet.TLRPC$User	first_name	first_name
F	org.telegram.tgnet.TLRPC$User	flags	flags
F	org.telegram.tgnet.TLRPC$User	id	id
F	org.telegram.tgnet.TLRPC$User	last_name	last_name
F	org.telegram.tgnet.TLRPC$User	min	min
F	org.telegram.tgnet.TLRPC$User	phone	phone
F	org.telegram.tgnet.TLRPC$User	photo	photo
F	org.telegram.tgnet.TLRPC$User	premium	premium
F	org.telegram.tgnet.TLRPC$User	restricted	restricted
F	org.telegram.tgnet.TLRPC$User	self	self
F	org.telegram.tgnet.TLRPC$User	status	status
F	org.telegram.tgnet.TLRPC$User	support	support
F	org.telegram.tgnet.TLRPC$User	username	username
F	org.telegram.tgnet.TLRPC$TL_inputMediaPhoto	id	id
F	org.telegram.tgnet.TLRPC$TL_messageActionGeoProximityReached	from_id	from_id
F	org.telegram.tgnet.TLRPC$TL_messageActionPaymentSentMe	flags	flags
F	org.telegram.tgnet.TLRPC$TL_messageActionPaymentSentMe	info	info
F	org.telegram.tgnet.TLRPC$TL_messageActionPaymentSentMe	payload	payload
F	org.telegram.tgnet.TLRPC$ChatPhoto	dc_id	dc_id
F	org.telegram.tgnet.TLRPC$ChatPhoto	flags	flags
F	org.telegram.tgnet.TLRPC$GroupCallParticipant	date	date
F	org.telegram.tgnet.TLRPC$GroupCallParticipant	flags	flags
F	org.telegram.tgnet.TLRPC$GroupCallParticipant	left	left
F	org.telegram.tgnet.TLRPC$GroupCallParticipant	min	min
F	org.telegram.tgnet.TLRPC$GroupCallParticipant	muted	muted
F	org.telegram.tgnet.TLRPC$GroupCallParticipant	peer	peer
F	org.telegram.tgnet.TLRPC$GroupCallParticipant	self	self
F	org.telegram.tgnet.TLRPC$GroupCallParticipant	source	source
F	org.telegram.tgnet.TLRPC$GroupCallParticipant	video	video
F	org.telegram.tgnet.TLRPC$TL_messages_botCallbackAnswer	alert	alert
F	org.telegram.tgnet.TLRPC$TL_messages_botCallbackAnswer	flags	flags
F	org.telegram.tgnet.TLRPC$TL_messages_botCallbackAnswer	message	message
F	org.telegram.tgnet.TLRPC$TL_messages_botCallbackAnswer	url	url
F	org.telegram.tgnet.TLRPC$MessageAction	address	address
F	org.telegram.tgnet.TLRPC$MessageAction	amount	amount
F	org.telegram.tgnet.TLRPC$MessageAction	call	call
F	org.telegram.tgnet.TLRPC$MessageAction	channel_id	channel_id
F	org.telegram.tgnet.TLRPC$MessageAction	chat_id	chat_id
F	org.telegram.tgnet.TLRPC$MessageAction	flags	flags
F	org.telegram.tgnet.TLRPC$MessageAction	message	message
F	org.telegram.tgnet.TLRPC$MessageAction	payload	payload
F	org.telegram.tgnet.TLRPC$MessageAction	peer	peer
F	org.telegram.tgnet.TLRPC$MessageAction	photo	photo
F	org.telegram.tgnet.TLRPC$MessageAction	reason	reason
F	org.telegram.tgnet.TLRPC$MessageAction	score	score
F	org.telegram.tgnet.TLRPC$MessageAction	title	title
F	org.telegram.tgnet.TLRPC$MessageAction	user_id	user_id
F	org.telegram.tgnet.TLRPC$MessageAction	users	users
F	org.telegram.tgnet.TLRPC$MessageAction	video	video
F	org.telegram.tgnet.TLRPC$PollAnswerVoters	flags	flags
F	org.telegram.tgnet.TLRPC$TL_messages_foundStickerSets	hash	hash
F	org.telegram.tgnet.TLRPC$TL_attachMenuBot	flags	flags
F	org.telegram.tgnet.TLRPC$TL_messages_getSavedHistory	add_offset	add_offset
F	org.telegram.tgnet.TLRPC$TL_messages_getSavedHistory	flags	flags
F	org.telegram.tgnet.TLRPC$TL_messages_getSavedHistory	limit	limit
F	org.telegram.tgnet.TLRPC$TL_messages_getSavedHistory	offset_date	offset_date
F	org.telegram.tgnet.TLRPC$TL_messages_getSavedHistory	offset_id	offset_id
F	org.telegram.tgnet.TLRPC$TL_messages_getSavedHistory	peer	peer
F	org.telegram.tgnet.TLRPC$TL_availableEffect	flags	flags
F	org.telegram.tgnet.TLRPC$TL_availableEffect	id	id
F	org.telegram.tgnet.TLRPC$TL_messages_requestUrlAuth	flags	flags
F	org.telegram.tgnet.TLRPC$TL_messages_requestUrlAuth	peer	peer
F	org.telegram.tgnet.TLRPC$TL_messages_requestUrlAuth	url	url
F	org.telegram.tgnet.TLRPC$TL_messages_sendMultiMedia	flags	flags
F	org.telegram.tgnet.TLRPC$TL_messages_sendMultiMedia	peer	peer
F	org.telegram.tgnet.TLRPC$TL_channelAdminLogEventActionDiscardGroupCall	call	call
F	org.telegram.tgnet.TLRPC$TL_messages_translatedRichMessage	result	result
F	org.telegram.tgnet.TLRPC$TL_paymentSavedCredentialsCard	id	id
F	org.telegram.tgnet.TLRPC$TL_paymentSavedCredentialsCard	title	title
F	org.telegram.tgnet.TLRPC$TL_channels_updateUsername	channel	channel
F	org.telegram.tgnet.TLRPC$TL_channels_updateUsername	username	username
F	org.telegram.tgnet.TLRPC$TL_contact	user_id	user_id
F	org.telegram.tgnet.TLRPC$TL_replyKeyboardMarkup	rows	rows
F	org.telegram.tgnet.TLRPC$TL_secureValue	data	data
F	org.telegram.tgnet.TLRPC$TL_secureValue	files	files
F	org.telegram.tgnet.TLRPC$TL_secureValue	flags	flags
F	org.telegram.tgnet.TLRPC$TL_secureValue	hash	hash
F	org.telegram.tgnet.TLRPC$TL_secureValue	type	type
F	org.telegram.tgnet.TLRPC$TL_sponsoredMessageReportOption	text	text
F	org.telegram.tgnet.TLRPC$TL_emojiGameDiceInfo	flags	flags
F	org.telegram.tgnet.TLRPC$TL_emojiGameDiceInfo	params	params
F	org.telegram.tgnet.TLRPC$TL_help_peerColors	colors	colors
F	org.telegram.tgnet.TLRPC$TL_help_peerColors	hash	hash
F	org.telegram.tgnet.TLRPC$UserFull	blocked	blocked
F	org.telegram.tgnet.TLRPC$UserFull	flags	flags
F	org.telegram.tgnet.TLRPC$UserFull	id	id
F	org.telegram.tgnet.TLRPC$UserFull	note	note
F	org.telegram.tgnet.TLRPC$UserFull	settings	settings
F	org.telegram.tgnet.TLRPC$UserFull	stories	stories
F	org.telegram.tgnet.TLRPC$UserFull	theme	theme
F	org.telegram.tgnet.TLRPC$UserFull	user	user
F	org.telegram.tgnet.TLRPC$TL_inputStickeredMediaDocument	id	id
F	org.telegram.tgnet.TLRPC$TL_messageActionGiftCode	message	message
F	org.telegram.tgnet.TLRPC$TL_messages_dialogFilters	filters	filters
F	org.telegram.tgnet.TLRPC$TL_messages_dialogFilters	flags	flags
F	org.telegram.tgnet.TLRPC$PollResults	flags	flags
F	org.telegram.tgnet.TLRPC$PollResults	min	min
F	org.telegram.tgnet.TLRPC$TL_attachMenuBotIcon	colors	colors
F	org.telegram.tgnet.TLRPC$TL_attachMenuBotIcon	flags	flags
F	org.telegram.tgnet.TLRPC$TL_attachMenuBotIcon	icon	icon
F	org.telegram.tgnet.TLRPC$TL_attachMenuBotIcon	name	name
F	org.telegram.tgnet.TLRPC$TL_messages_getSavedReactionTags	flags	flags
F	org.telegram.tgnet.TLRPC$TL_messages_getSavedReactionTags	hash	hash
F	org.telegram.tgnet.TLRPC$TL_messages_getSavedReactionTags	peer	peer
F	org.telegram.tgnet.TLRPC$TL_messages_migrateChat	chat_id	chat_id
F	org.telegram.tgnet.TLRPC$TL_availableReaction	flags	flags
F	org.telegram.tgnet.TLRPC$TL_availableReaction	premium	premium
F	org.telegram.tgnet.TLRPC$TL_availableReaction	reaction	reaction
F	org.telegram.tgnet.TLRPC$TL_availableReaction	title	title
F	org.telegram.tgnet.TLRPC$TL_businessLocation	address	address
F	org.telegram.tgnet.TLRPC$TL_businessLocation	flags	flags
F	org.telegram.tgnet.TLRPC$TL_messages_sendPaidReaction	count	count
F	org.telegram.tgnet.TLRPC$TL_messages_sendPaidReaction	flags	flags
F	org.telegram.tgnet.TLRPC$TL_messages_sendPaidReaction	peer	peer
F	org.telegram.tgnet.TLRPC$TL_messages_sendPaidReaction	privacy	privacy
F	org.telegram.tgnet.TLRPC$TL_channels_editAdmin	channel	channel
F	org.telegram.tgnet.TLRPC$TL_channels_editAdmin	flags	flags
F	org.telegram.tgnet.TLRPC$TL_channels_editAdmin	user_id	user_id
F	org.telegram.tgnet.TLRPC$TL_secureValueError	hash	hash
F	org.telegram.tgnet.TLRPC$TL_secureValueError	text	text
F	org.telegram.tgnet.TLRPC$TL_secureValueError	type	type
F	org.telegram.tgnet.TLRPC$TL_sponsoredPeer	flags	flags
F	org.telegram.tgnet.TLRPC$TL_sponsoredPeer	peer	peer
F	org.telegram.tgnet.TLRPC$TL_urlAuthResultRequest	flags	flags
F	org.telegram.tgnet.TLRPC$TL_urlAuthResultRequest	region	region
F	org.telegram.tgnet.TLRPC$UserProfilePhoto	dc_id	dc_id
F	org.telegram.tgnet.TLRPC$UserProfilePhoto	flags	flags
F	org.telegram.tgnet.TLRPC$TL_inputMediaPoll	poll	poll
F	org.telegram.tgnet.TLRPC$TL_inputReplyToEphemeralMessage	id	id
F	org.telegram.tgnet.TLRPC$TL_messageActionSuggestedPostApproval	rejected	rejected
F	org.telegram.tgnet.TLRPC$TL_messageMediaDice	value	value
F	org.telegram.tgnet.TLRPC$TL_messageViews	flags	flags
F	org.telegram.tgnet.TLRPC$TL_messageViews	views	views
F	org.telegram.tgnet.TLRPC$InputChannel	access_hash	access_hash
F	org.telegram.tgnet.TLRPC$InputChannel	channel_id	channel_id
F	org.telegram.tgnet.TLRPC$MessageExtendedMedia	attachPath	attachPath
F	org.telegram.tgnet.TLRPC$TL_messages_foundStickers	hash	hash
F	org.telegram.tgnet.TLRPC$TL_messages_foundStickers	stickers	stickers
F	org.telegram.tgnet.TLRPC$TL_attachMenuBotIconColor	color	color
F	org.telegram.tgnet.TLRPC$TL_attachMenuBotIconColor	name	name
F	org.telegram.tgnet.TLRPC$TL_auth_loggedOut	flags	flags
F	org.telegram.tgnet.TLRPC$TL_messages_myStickers	count	count
F	org.telegram.tgnet.TLRPC$TL_bankCardOpenUrl	name	name
F	org.telegram.tgnet.TLRPC$TL_bankCardOpenUrl	url	url
F	org.telegram.tgnet.tl.TL_phone$saveDefaultGroupCallJoinAs	peer	peer
F	org.telegram.tgnet.TLRPC$TL_messages_toggleTodoCompleted	completed	completed
F	org.telegram.tgnet.TLRPC$TL_messages_toggleTodoCompleted	peer	peer
F	org.telegram.tgnet.TLRPC$TL_payments_bankCardData	title	title
F	org.telegram.tgnet.TLRPC$TL_channels_editBanned	channel	channel
F	org.telegram.tgnet.TLRPC$TL_photoSizeProgressive	sizes	sizes
F	org.telegram.tgnet.TLRPC$TL_chatAdminRights	delete_messages	delete_messages
F	org.telegram.tgnet.TLRPC$TL_chatAdminRights	flags	flags
F	org.telegram.tgnet.TLRPC$TL_chatAdminRights	other	other
F	org.telegram.tgnet.TLRPC$TL_contactStatus	status	status
F	org.telegram.tgnet.TLRPC$TL_contactStatus	user_id	user_id
F	org.telegram.tgnet.TLRPC$TL_reportResultAddComment	flags	flags
F	org.telegram.tgnet.TLRPC$TL_reportResultAddComment	optional	optional
F	org.telegram.tgnet.TLRPC$TL_dataJSON	data	data
F	org.telegram.tgnet.TLRPC$TL_secureValueErrorData	field	field
F	org.telegram.tgnet.TLRPC$TL_secureValueErrorData	text	text
F	org.telegram.tgnet.TLRPC$TL_secureValueErrorData	type	type
F	org.telegram.tgnet.TLRPC$TL_starsRevenueStatus	flags	flags
F	org.telegram.tgnet.TLRPC$TL_topPeerCategoryPeers	category	category
F	org.telegram.tgnet.TLRPC$TL_topPeerCategoryPeers	count	count
F	org.telegram.tgnet.TLRPC$TL_error	code	code
F	org.telegram.tgnet.TLRPC$TL_error	text	text
F	org.telegram.tgnet.TLRPC$UserStatus	flags	flags
F	org.telegram.tgnet.TLRPC$TL_inputStorePaymentAuthCode	amount	amount
F	org.telegram.tgnet.TLRPC$TL_inputStorePaymentAuthCode	flags	flags
F	org.telegram.tgnet.TLRPC$TL_inputStorePaymentAuthCode	restore	restore
F	org.telegram.tgnet.TLRPC$TL_messageActionGiftPremium	message	message
F	org.telegram.tgnet.TLRPC$DecryptedMessage	action	action
F	org.telegram.tgnet.TLRPC$DecryptedMessage	flags	flags
F	org.telegram.tgnet.TLRPC$DecryptedMessage	media	media
F	org.telegram.tgnet.TLRPC$DecryptedMessage	message	message
F	org.telegram.tgnet.TLRPC$MessageFwdHeader	date	date
F	org.telegram.tgnet.TLRPC$MessageFwdHeader	flags	flags
F	org.telegram.tgnet.TLRPC$MessageFwdHeader	from_id	from_id
F	org.telegram.tgnet.TLRPC$TL_messages_getScheduledMessages	id	id
F	org.telegram.tgnet.TLRPC$TL_messages_getScheduledMessages	peer	peer
F	org.telegram.tgnet.TLRPC$TL_messages_peerDialogs	chats	chats
F	org.telegram.tgnet.TLRPC$TL_messages_peerDialogs	dialogs	dialogs
F	org.telegram.tgnet.TLRPC$TL_messages_peerDialogs	messages	messages
F	org.telegram.tgnet.TLRPC$TL_messages_peerDialogs	state	state
F	org.telegram.tgnet.TLRPC$TL_messages_peerDialogs	users	users
F	org.telegram.tgnet.TLRPC$TL_channelAdminLogEvent	action	action
F	org.telegram.tgnet.TLRPC$TL_channelAdminLogEvent	date	date
F	org.telegram.tgnet.TLRPC$TL_channelAdminLogEvent	id	id
F	org.telegram.tgnet.TLRPC$TL_channelAdminLogEvent	user_id	user_id
F	org.telegram.tgnet.TLRPC$TL_messages_sendReaction	flags	flags
F	org.telegram.tgnet.TLRPC$TL_messages_sendReaction	peer	peer
F	org.telegram.tgnet.TLRPC$TL_messages_updatePinnedMessage	flags	flags
F	org.telegram.tgnet.TLRPC$TL_messages_updatePinnedMessage	id	id
F	org.telegram.tgnet.TLRPC$TL_messages_updatePinnedMessage	peer	peer
F	org.telegram.tgnet.TLRPC$TL_channelAdminLogEventActionToggleSignatureProfiles	value	value
F	org.telegram.tgnet.TLRPC$TL_payments_checkedGiftCode	chats	chats
F	org.telegram.tgnet.TLRPC$TL_payments_checkedGiftCode	date	date
F	org.telegram.tgnet.TLRPC$TL_payments_checkedGiftCode	flags	flags
F	org.telegram.tgnet.TLRPC$TL_payments_checkedGiftCode	from_id	from_id
F	org.telegram.tgnet.TLRPC$TL_payments_checkedGiftCode	users	users
F	org.telegram.tgnet.TLRPC$TL_reportResultChooseOption	options	options
F	org.telegram.tgnet.TLRPC$TL_reportResultChooseOption	title	title
F	org.telegram.tgnet.TLRPC$TL_dcOption	flags	flags
F	org.telegram.tgnet.TLRPC$TL_dcOption	id	id
F	org.telegram.tgnet.TLRPC$TL_dcOption	isStatic	isStatic
F	org.telegram.tgnet.TLRPC$TL_dcOption	secret	secret
F	org.telegram.tgnet.TLRPC$TL_secureValueErrorFile	text	text
F	org.telegram.tgnet.TLRPC$TL_secureValueErrorFile	type	type
F	org.telegram.tgnet.TLRPC$TL_stickerKeyword	keyword	keyword
F	org.telegram.tgnet.TLRPC$TL_exportedContactToken	url	url
F	org.telegram.tgnet.TLRPC$TL_groupCallParticipantVideo	flags	flags
F	org.telegram.tgnet.TLRPC$TL_username	active	active
F	org.telegram.tgnet.TLRPC$TL_username	flags	flags
F	org.telegram.tgnet.TLRPC$TL_username	username	username
F	org.telegram.tgnet.TLRPC$TL_help_premiumPromo	users	users
F	org.telegram.tgnet.TLRPC$TL_help_premiumPromo	videos	videos
F	org.telegram.tgnet.TLRPC$TL_webPageAttributeStickerSet	stickers	stickers
F	org.telegram.tgnet.TLRPC$TL_inputChannelFromMessage	peer	peer
F	org.telegram.tgnet.TLRPC$Users	count	count
F	org.telegram.tgnet.TLRPC$Users	users	users
F	org.telegram.tgnet.TLRPC$help_timezonesList	hash	hash
F	org.telegram.tgnet.TLRPC$TL_inputStorePaymentGiftPremium	amount	amount
F	org.telegram.tgnet.TLRPC$TL_inputStorePaymentGiftPremium	user_id	user_id
F	org.telegram.tgnet.TLRPC$TL_joinChatBotResultWebView	url	url
F	org.telegram.tgnet.TLRPC$TL_messageEntityFormattedDate	date	date
F	org.telegram.tgnet.SerializedData	in	in
F	org.telegram.tgnet.SerializedData	isOut	isOut
F	org.telegram.tgnet.SerializedData	len	len
F	org.telegram.tgnet.SerializedData	out	out
F	org.telegram.tgnet.TLRPC$DecryptedMessageAction	ttl_seconds	ttl_seconds
F	org.telegram.tgnet.TLRPC$TL_messages_discardEncryption	chat_id	chat_id
F	org.telegram.tgnet.TLRPC$TL_messages_discardEncryption	flags	flags
F	org.telegram.tgnet.TLRPC$TL_messages_getArchivedStickers	flags	flags
F	org.telegram.tgnet.TLRPC$TL_messages_getArchivedStickers	limit	limit
F	org.telegram.tgnet.TLRPC$TL_messages_getArchivedStickers	offset_id	offset_id
F	org.telegram.tgnet.TLRPC$TL_messages_peerSettings	chats	chats
F	org.telegram.tgnet.TLRPC$TL_messages_peerSettings	settings	settings
F	org.telegram.tgnet.TLRPC$TL_messages_peerSettings	users	users
F	org.telegram.tgnet.TLRPC$TL_messages_sendScheduledMessages	id	id
F	org.telegram.tgnet.TLRPC$TL_messages_sendScheduledMessages	peer	peer
F	org.telegram.tgnet.TLRPC$TL_messages_votesList	chats	chats
F	org.telegram.tgnet.TLRPC$TL_messages_votesList	count	count
F	org.telegram.tgnet.TLRPC$TL_messages_votesList	flags	flags
F	org.telegram.tgnet.TLRPC$TL_messages_votesList	users	users
F	org.telegram.tgnet.TLRPC$TL_peerLocated	peer	peer
F	org.telegram.tgnet.TLRPC$TL_chatBannedRights	flags	flags
F	org.telegram.tgnet.TLRPC$TL_contacts_addContact	first_name	first_name
F	org.telegram.tgnet.TLRPC$TL_contacts_addContact	flags	flags
F	org.telegram.tgnet.TLRPC$TL_contacts_addContact	id	id
F	org.telegram.tgnet.TLRPC$TL_contacts_addContact	last_name	last_name
F	org.telegram.tgnet.TLRPC$TL_contacts_addContact	note	note
F	org.telegram.tgnet.TLRPC$TL_contacts_addContact	phone	phone
F	org.telegram.tgnet.TLRPC$TL_secureValueErrorFiles	text	text
F	org.telegram.tgnet.TLRPC$TL_secureValueErrorFiles	type	type
F	org.telegram.tgnet.TLRPC$TL_stickerPack	documents	documents
F	org.telegram.tgnet.TLRPC$TL_exportedMessageLink	link	link
F	org.telegram.tgnet.TLRPC$TL_groupCallParticipantVideoSourceGroup	semantics	semantics
F	org.telegram.tgnet.TLRPC$TL_groupCallParticipantVideoSourceGroup	sources	sources
F	org.telegram.tgnet.TLRPC$TL_webPageAttributeStory	id	id
F	org.telegram.tgnet.TLRPC$TL_webPageAttributeStory	peer	peer
F	org.telegram.tgnet.TLRPC$Video	access_hash	access_hash
F	org.telegram.tgnet.TLRPC$Video	caption	caption
F	org.telegram.tgnet.TLRPC$Video	date	date
F	org.telegram.tgnet.TLRPC$Video	dc_id	dc_id
F	org.telegram.tgnet.TLRPC$Video	h	h
F	org.telegram.tgnet.TLRPC$Video	id	id
F	org.telegram.tgnet.TLRPC$Video	key	key
F	org.telegram.tgnet.TLRPC$Video	size	size
F	org.telegram.tgnet.TLRPC$Video	user_id	user_id
F	org.telegram.tgnet.TLRPC$Video	w	w
F	org.telegram.tgnet.TLRPC$TL_inputGroupCallStream	call	call
F	org.telegram.tgnet.TLRPC$TL_inputGroupCallStream	scale	scale
F	org.telegram.tgnet.TLRPC$TL_inputMediaStory	id	id
F	org.telegram.tgnet.TLRPC$TL_inputMediaStory	peer	peer
F	org.telegram.tgnet.TLRPC$photos_Photos	count	count
F	org.telegram.tgnet.TLRPC$photos_Photos	users	users
F	org.telegram.tgnet.TLRPC$TL_inputStorePaymentPremiumGiftCode	amount	amount
F	org.telegram.tgnet.TLRPC$TL_inputStorePaymentPremiumGiftCode	flags	flags
F	org.telegram.tgnet.TLRPC$TL_inputStorePaymentPremiumGiftCode	message	message
F	org.telegram.tgnet.TLRPC$TL_inputStorePaymentPremiumGiftCode	users	users
F	org.telegram.tgnet.TLRPC$TL_jsonArray	value	value
F	org.telegram.tgnet.TLRPC$DecryptedMessageMedia	access_hash	access_hash
F	org.telegram.tgnet.TLRPC$DecryptedMessageMedia	address	address
F	org.telegram.tgnet.TLRPC$DecryptedMessageMedia	attributes	attributes
F	org.telegram.tgnet.TLRPC$DecryptedMessageMedia	caption	caption
F	org.telegram.tgnet.TLRPC$DecryptedMessageMedia	date	date
F	org.telegram.tgnet.TLRPC$DecryptedMessageMedia	dc_id	dc_id
F	org.telegram.tgnet.TLRPC$DecryptedMessageMedia	file_name	file_name
F	org.telegram.tgnet.TLRPC$DecryptedMessageMedia	first_name	first_name
F	org.telegram.tgnet.TLRPC$DecryptedMessageMedia	h	h
F	org.telegram.tgnet.TLRPC$DecryptedMessageMedia	id	id
F	org.telegram.tgnet.TLRPC$DecryptedMessageMedia	key	key
F	org.telegram.tgnet.TLRPC$DecryptedMessageMedia	last_name	last_name
F	org.telegram.tgnet.TLRPC$DecryptedMessageMedia	mime_type	mime_type
F	org.telegram.tgnet.TLRPC$DecryptedMessageMedia	provider	provider
F	org.telegram.tgnet.TLRPC$DecryptedMessageMedia	size	size
F	org.telegram.tgnet.TLRPC$DecryptedMessageMedia	title	title
F	org.telegram.tgnet.TLRPC$DecryptedMessageMedia	url	url
F	org.telegram.tgnet.TLRPC$DecryptedMessageMedia	user_id	user_id
F	org.telegram.tgnet.TLRPC$DecryptedMessageMedia	w	w
F	org.telegram.tgnet.TLRPC$InputDocument	access_hash	access_hash
F	org.telegram.tgnet.TLRPC$InputDocument	file_reference	file_reference
F	org.telegram.tgnet.TLRPC$InputDocument	id	id
F	org.telegram.tgnet.TLRPC$TL_messages_chatAdminsWithInvites	users	users
F	org.telegram.tgnet.TLRPC$MessagePeerReaction	date	date
F	org.telegram.tgnet.TLRPC$MessagePeerReaction	peer_id	peer_id
F	org.telegram.tgnet.TLRPC$MessagePeerReaction	reaction	reaction
F	org.telegram.tgnet.TLRPC$MessagePeerReaction	unread	unread
F	org.telegram.tgnet.TLRPC$TL_messages_discussionMessage	chats	chats
F	org.telegram.tgnet.TLRPC$TL_messages_discussionMessage	flags	flags
F	org.telegram.tgnet.TLRPC$TL_messages_discussionMessage	max_id	max_id
F	org.telegram.tgnet.TLRPC$TL_messages_discussionMessage	messages	messages
F	org.telegram.tgnet.TLRPC$TL_messages_discussionMessage	unread_count	unread_count
F	org.telegram.tgnet.TLRPC$TL_messages_discussionMessage	users	users
F	org.telegram.tgnet.TLRPC$TL_attachMenuBots	hash	hash
F	org.telegram.tgnet.TLRPC$TL_attachMenuBots	users	users
F	org.telegram.tgnet.TLRPC$TL_messages_saveRecentSticker	attached	attached
F	org.telegram.tgnet.TLRPC$TL_messages_saveRecentSticker	flags	flags
F	org.telegram.tgnet.TLRPC$TL_messages_webPage	chats	chats
F	org.telegram.tgnet.TLRPC$TL_messages_webPage	users	users
F	org.telegram.tgnet.TLRPC$TL_payments_getPaymentForm	flags	flags
F	org.telegram.tgnet.TLRPC$TL_channels_reportAntiSpamFalsePositive	channel	channel
F	org.telegram.tgnet.TLRPC$TL_channels_reportAntiSpamFalsePositive	flags	msg_id
F	org.telegram.tgnet.TLRPC$TL_contacts_blockFromReplies	flags	flags
F	org.telegram.tgnet.TLRPC$TL_sendMessageHistoryImportAction	progress	progress
F	org.telegram.tgnet.TLRPC$TL_documentAttributeCustomEmoji	free	free
F	org.telegram.tgnet.TLRPC$TL_emojiKeyword	keyword	keyword
F	org.telegram.tgnet.TLRPC$TL_factCheck	flags	flags
F	org.telegram.tgnet.TLRPC$TL_factCheck	hash	hash
F	org.telegram.tgnet.TLRPC$TL_factCheck	text	text
F	org.telegram.tgnet.TLRPC$TL_help_promoData	chats	chats
F	org.telegram.tgnet.TLRPC$TL_help_promoData	flags	flags
F	org.telegram.tgnet.TLRPC$TL_help_promoData	peer	peer
F	org.telegram.tgnet.TLRPC$TL_help_promoData	proxy	proxy
F	org.telegram.tgnet.TLRPC$TL_help_promoData	users	users
F	org.telegram.tgnet.TLRPC$VideoSize	flags	flags
F	org.telegram.tgnet.TLRPC$VideoSize	h	h
F	org.telegram.tgnet.TLRPC$VideoSize	location	location
F	org.telegram.tgnet.TLRPC$VideoSize	size	size
F	org.telegram.tgnet.TLRPC$VideoSize	type	type
F	org.telegram.tgnet.TLRPC$VideoSize	w	w
F	org.telegram.tgnet.TLRPC$messages_AvailableEffects	documents	documents
F	org.telegram.tgnet.TLRPC$messages_AvailableEffects	effects	effects
F	org.telegram.tgnet.TLRPC$messages_AvailableEffects	hash	hash
F	org.telegram.tgnet.TLRPC$savedDialog	flags	flags
F	org.telegram.tgnet.TLRPC$savedDialog	peer	peer
F	org.telegram.tgnet.TLRPC$savedDialog	pinned	pinned
F	org.telegram.tgnet.TLRPC$savedDialog	unread_count	unread_count
F	org.telegram.tgnet.TLRPC$TL_inputStorePaymentPremiumGiveaway	amount	amount
F	org.telegram.tgnet.TLRPC$TL_inputStorePaymentPremiumGiveaway	flags	flags
F	org.telegram.tgnet.TLRPC$TL_jsonBool	value	value
F	org.telegram.tgnet.TLRPC$TL_messageActionTodoAppendTasks	list	list
F	org.telegram.tgnet.TLRPC$Dialog	flags	flags
F	org.telegram.tgnet.TLRPC$Dialog	id	id
F	org.telegram.tgnet.TLRPC$Dialog	peer	peer
F	org.telegram.tgnet.TLRPC$Dialog	pinned	pinned
F	org.telegram.tgnet.TLRPC$Dialog	unread_count	unread_count
F	org.telegram.tgnet.TLRPC$InputEncryptedFile	access_hash	access_hash
F	org.telegram.tgnet.TLRPC$InputEncryptedFile	id	id
F	org.telegram.tgnet.TLRPC$TL_messages_chatFull	chats	chats
F	org.telegram.tgnet.TLRPC$TL_messages_chatFull	users	users
F	org.telegram.tgnet.TLRPC$MessagePeerVote	date	date
F	org.telegram.tgnet.TLRPC$MessagePeerVote	peer	peer
F	org.telegram.tgnet.TLRPC$TL_messages_editChatAdmin	chat_id	chat_id
F	org.telegram.tgnet.TLRPC$TL_messages_editChatAdmin	user_id	user_id
F	org.telegram.tgnet.TLRPC$RecentMeUrl	chat_id	chat_id
F	org.telegram.tgnet.TLRPC$RecentMeUrl	set	set
F	org.telegram.tgnet.TLRPC$RecentMeUrl	url	url
F	org.telegram.tgnet.TLRPC$RecentMeUrl	user_id	user_id
F	org.telegram.tgnet.TLRPC$TL_messages_getBotCallbackAnswer	data	data
F	org.telegram.tgnet.TLRPC$TL_messages_getBotCallbackAnswer	flags	flags
F	org.telegram.tgnet.TLRPC$TL_messages_getBotCallbackAnswer	peer	peer
F	org.telegram.tgnet.TLRPC$TL_attachMenuBotsBot	users	users
F	org.telegram.tgnet.tl.TL_account$uploadTheme	flags	flags
F	org.telegram.tgnet.TLRPC$TL_messages_prolongWebView	flags	flags
F	org.telegram.tgnet.TLRPC$TL_messages_prolongWebView	peer	peer
F	org.telegram.tgnet.TLRPC$TL_messages_savedDialogs	chats	chats
F	org.telegram.tgnet.TLRPC$TL_messages_savedDialogs	dialogs	dialogs
F	org.telegram.tgnet.TLRPC$TL_messages_savedDialogs	messages	messages
F	org.telegram.tgnet.TLRPC$TL_messages_savedDialogs	users	users
F	org.telegram.tgnet.TLRPC$TL_channelAdminLogEventActionParticipantEditRank	user_id	user_id
F	org.telegram.tgnet.TLRPC$TL_missingInvitee	flags	flags
F	org.telegram.tgnet.TLRPC$TL_missingInvitee	user_id	user_id
F	org.telegram.tgnet.TLRPC$TL_channelAdminLogEventActionUpdatePinned	message	message
F	org.telegram.tgnet.TLRPC$TL_channelParticipantsMentions	flags	flags
F	org.telegram.tgnet.TLRPC$TL_quickReply	count	count
F	org.telegram.tgnet.TLRPC$TL_secureValueErrorReverseSide	text	text
F	org.telegram.tgnet.TLRPC$TL_secureValueErrorReverseSide	type	type
F	org.telegram.tgnet.TLRPC$TL_users_userFull	chats	chats
F	org.telegram.tgnet.TLRPC$TL_users_userFull	users	users
F	org.telegram.tgnet.TLRPC$TL_webPageAttributeTheme	documents	documents
F	org.telegram.tgnet.TLRPC$TL_webPageAttributeTheme	settings	settings
F	org.telegram.tgnet.TLRPC$TL_inputChatPhoto	id	id
F	org.telegram.tgnet.TLRPC$WallPaper	access_hash	access_hash
F	org.telegram.tgnet.TLRPC$WallPaper	document	document
F	org.telegram.tgnet.TLRPC$WallPaper	flags	flags
F	org.telegram.tgnet.TLRPC$WallPaper	id	id
F	org.telegram.tgnet.TLRPC$WallPaper	pattern	pattern
F	org.telegram.tgnet.TLRPC$TL_inputInvoiceMessage	peer	peer
F	org.telegram.tgnet.TLRPC$updates_ChannelDifference	chats	chats
F	org.telegram.tgnet.TLRPC$updates_ChannelDifference	dialog	dialog
F	org.telegram.tgnet.TLRPC$updates_ChannelDifference	flags	flags
F	org.telegram.tgnet.TLRPC$updates_ChannelDifference	messages	messages
F	org.telegram.tgnet.TLRPC$updates_ChannelDifference	users	users
F	org.telegram.tgnet.TLRPC$TL_inputPeerNotifySettings	flags	flags
F	org.telegram.tgnet.TLRPC$TL_inputStorePaymentPremiumSubscription	flags	flags
F	org.telegram.tgnet.TLRPC$TL_inputStorePaymentPremiumSubscription	restore	restore
F	org.telegram.tgnet.TLRPC$TL_messageActionGiveawayLaunch	flags	flags
F	org.telegram.tgnet.TLRPC$TL_messageMediaVenue	emoji	emoji
F	org.telegram.ui.ActionBar.ActionBarLayout	attached	a
F	org.telegram.ui.ActionBar.ActionBarLayout	delegate	I0
F	org.telegram.ui.ActionBar.ActionBarLayout	main	K0
F	org.telegram.ui.ActionBar.ActionBarLayout	parentActivity	J0
F	org.telegram.ui.ActionBar.ActionBarLayout	window	c
F	org.telegram.ui.ActionBar.ActionBarPopupWindow$ActionBarPopupWindowLayout	backgroundColor	L
F	org.telegram.ui.ActionBar.ActionBarPopupWindow$ActionBarPopupWindowLayout	path	R
F	org.telegram.ui.ActionBar.ActionBarPopupWindow$ActionBarPopupWindowLayout	scrollView	J
F	org.telegram.ui.ActionBar.AlertDialog$Builder	red	b
F	org.telegram.ui.ActionBar.z	ids	e
F	org.telegram.ui.ActionBar.a4	isOpen	T
F	org.telegram.ui.ActionBar.a4	tabsView	a
F	org.telegram.ui.ActionBar.d1	label	e0
F	org.telegram.ui.ActionBar.e1	location	r
F	org.telegram.ui.ActionBar.e1	value	a
F	org.telegram.ui.ActionBar.d4	NONE	a
F	org.telegram.ui.ActionBar.d4	VERTICAL	b
F	org.telegram.ui.ActionBar.c5	resourcesProvider	n
F	org.telegram.ui.ActionBar.f2	backgroundColor	T0
F	org.telegram.ui.ActionBar.f2	resourcesProvider	Q0
F	org.telegram.ui.ActionBar.f2	title	Q
F	org.telegram.ui.ActionBar.f6	DEFAULT	h
F	org.telegram.ui.ActionBar.f6	PRIMARY	n
F	org.telegram.ui.ActionBar.g6	color	d
F	org.telegram.ui.ActionBar.g6	dialogId	n
F	org.telegram.ui.ActionBar.g6	fileName	a
F	org.telegram.ui.ActionBar.g6	requestIds	s
F	org.telegram.ui.ActionBar.g6	rotation	h
F	org.telegram.ui.ActionBar.h1	bottom	y
F	org.telegram.ui.ActionBar.h1	imageView	c
F	org.telegram.ui.ActionBar.h1	textView	a
F	org.telegram.ui.ActionBar.h1	top	x
F	org.telegram.ui.ActionBar.h3	this$0	F
F	org.telegram.ui.ActionBar.h3	y	x
F	org.telegram.ui.ActionBar.g5	fragment	a
F	org.telegram.ui.ActionBar.i3	insets	b
F	org.telegram.ui.ActionBar.i4	currentAccount	g
F	org.telegram.ui.ActionBar.i4	emoji	e
F	org.telegram.ui.ActionBar.i4	items	f
F	org.telegram.ui.ActionBar.i4	key	c
F	org.telegram.ui.ActionBar.h5	instant	d
F	org.telegram.ui.ActionBar.h5	resourcesProvider	m
F	org.telegram.ui.ActionBar.h5	theme	a
F	org.telegram.ui.ActionBar.k2	color	i
F	org.telegram.ui.ActionBar.k2	paint	a
F	org.telegram.ui.ActionBar.l	contentView	I0
F	org.telegram.ui.ActionBar.l	menu	D
F	org.telegram.ui.ActionBar.l	parentFragment	s0
F	org.telegram.ui.ActionBar.l	resourcesProvider	H0
F	org.telegram.ui.ActionBar.l	subtitle	z0
F	org.telegram.ui.ActionBar.l	subtitleTextView	r
F	org.telegram.ui.ActionBar.l6	accentColor	c
F	org.telegram.ui.ActionBar.l6	account	t
F	org.telegram.ui.ActionBar.l6	id	a
F	org.telegram.ui.ActionBar.l6	info	r
F	org.telegram.ui.ActionBar.l6	pattern	s
F	org.telegram.ui.ActionBar.k5	alpha	F
F	org.telegram.ui.ActionBar.k5	isOut	q
F	org.telegram.ui.ActionBar.k5	matrix	k
F	org.telegram.ui.ActionBar.k5	paint	c
F	org.telegram.ui.ActionBar.k5	path	n
F	org.telegram.ui.ActionBar.k5	resourcesProvider	p
F	org.telegram.ui.ActionBar.n6	account	D
F	org.telegram.ui.ActionBar.n6	info	E
F	org.telegram.ui.ActionBar.n6	loaded	F
F	org.telegram.ui.ActionBar.n6	name	a
F	org.telegram.ui.ActionBar.o6	chat_timePaint	T2
F	org.telegram.ui.ActionBar.o6	key_actionBarActionModeDefaultIcon	y8
F	org.telegram.ui.ActionBar.o6	key_actionBarDefault	s8
F	org.telegram.ui.ActionBar.o6	key_actionBarDefaultTitle	A8
F	org.telegram.ui.ActionBar.o6	key_windowBackgroundWhite	d6
F	org.telegram.ui.ActionBar.o6	key_windowBackgroundWhiteBlackText	G6
F	org.telegram.ui.ActionBar.o6	key_windowBackgroundWhiteBlueText	n6
F	org.telegram.ui.ActionBar.o6	key_windowBackgroundWhiteGrayText2	z6
F	org.telegram.ui.ActionBar.o3	index	c
F	org.telegram.ui.ActionBar.o3	progress	p
F	org.telegram.ui.ActionBar.o3	tab	a
F	org.telegram.ui.ActionBar.o3	title	t
F	org.telegram.ui.ActionBar.q6	delegate	h
F	org.telegram.ui.ActionBar.o5	maxLines	r
F	org.telegram.ui.ActionBar.o5	path	z0
F	org.telegram.ui.ActionBar.o5	text	s
F	org.telegram.ui.ActionBar.q3	backButton	u
F	org.telegram.ui.ActionBar.q3	backgroundColor	r
F	org.telegram.ui.ActionBar.q3	error	G
F	org.telegram.ui.ActionBar.q3	expanded	j
F	org.telegram.ui.ActionBar.q3	proxy	d
F	org.telegram.ui.ActionBar.q3	settings	v
F	org.telegram.ui.ActionBar.q3	viewWidth	g
F	org.telegram.ui.ActionBar.r3	backgroundColor	f
F	org.telegram.ui.ActionBar.r3	currentAccount	w
F	org.telegram.ui.ActionBar.r3	tabs	J
F	org.telegram.ui.ActionBar.v0	icon	c
F	org.telegram.ui.ActionBar.v0	id	b
F	org.telegram.ui.ActionBar.v0	text	e
F	org.telegram.ui.ActionBar.v0	view	i
F	org.telegram.ui.ActionBar.v0	visibility	k
F	org.telegram.ui.ActionBar.w	this$0	D
F	org.telegram.ui.ActionBar.x0	delegate	O
F	org.telegram.ui.ActionBar.x0	location	I
F	org.telegram.ui.ActionBar.x0	popupLayout	b
F	org.telegram.ui.ActionBar.x0	resourcesProvider	l0
F	org.telegram.ui.ActionBar.x0	textView	D
F	org.telegram.ui.ActionBar.y	cell	m
F	org.telegram.ui.ActionBar.y	visibility	l
F	org.telegram.ui.Cells.ThemesHorizontalListCell$InnerThemeView	button	a
F	org.telegram.ui.Cells.b2	resourcesProvider	b
F	org.telegram.ui.Cells.b2	textView	e
F	org.telegram.ui.Cells.d6	right	D
F	org.telegram.ui.Cells.f4	currentChat	G
F	org.telegram.ui.Cells.f4	nameTextView	c
F	org.telegram.ui.Cells.g6	callbacks	h
F	org.telegram.ui.Cells.g6	currentAccount	a
F	org.telegram.ui.Cells.g6	loaded	c
F	org.telegram.ui.Cells.g2	buttonState	T
F	org.telegram.ui.Cells.g2	currentAccount	d
F	org.telegram.ui.Cells.g2	currentMessageObject	P
F	org.telegram.ui.Cells.g2	delegate	a0
F	org.telegram.ui.Cells.g2	documentAttach	J
F	org.telegram.ui.Cells.g2	parentObject	e
F	org.telegram.ui.Cells.h4	isChecked	G
F	org.telegram.ui.Cells.h4	lastName	x
F	org.telegram.ui.Cells.h4	padding	E
F	org.telegram.ui.Cells.f0	button	i
F	org.telegram.ui.Cells.f0	height	f
F	org.telegram.ui.Cells.f0	paint	o
F	org.telegram.ui.Cells.f0	path	n
F	org.telegram.ui.Cells.f0	title	h
F	org.telegram.ui.Cells.f0	width	e
F	org.telegram.ui.Cells.f0	x	c
F	org.telegram.ui.Cells.f0	y	d
F	org.telegram.ui.Cells.i5	attached	n
F	org.telegram.ui.Cells.i5	imageView	a
F	org.telegram.ui.Cells.i5	resourcesProvider	e
F	org.telegram.ui.Cells.i6	ad	x
F	org.telegram.ui.Cells.i6	chat	D
F	org.telegram.ui.Cells.i6	currentAccount	M
F	org.telegram.ui.Cells.i6	dialog_id	G
F	org.telegram.ui.Cells.i6	lastName	H
F	org.telegram.ui.Cells.i6	resourcesProvider	w
F	org.telegram.ui.Cells.i6	user	y
F	org.telegram.ui.Cells.j6	textView	a
F	org.telegram.ui.Cells.k4	TAG	H
F	org.telegram.ui.Cells.k4	album	w
F	org.telegram.ui.Cells.k4	cell	e
F	org.telegram.ui.Cells.k4	filename	v
F	org.telegram.ui.Cells.k4	h	r
F	org.telegram.ui.Cells.k4	hidden	h
F	org.telegram.ui.Cells.k4	icon	G
F	org.telegram.ui.Cells.k4	media	D
F	org.telegram.ui.Cells.k4	video	x
F	org.telegram.ui.Cells.k4	w	n
F	org.telegram.ui.Cells.k5	textView	a
F	org.telegram.ui.Cells.k6	textView	a
F	org.telegram.ui.Cells.l4	buttonText	q
F	org.telegram.ui.Cells.l4	cell	a
F	org.telegram.ui.Cells.l4	clipRect	v
F	org.telegram.ui.Cells.l4	height	h
F	org.telegram.ui.Cells.l4	width	g
F	org.telegram.ui.Cells.l4	x	d
F	org.telegram.ui.Cells.l4	y	e
F	org.telegram.ui.Cells.l6	textView	a
F	org.telegram.ui.Cells.j	container	I
F	org.telegram.ui.Cells.j	resourcesProvider	H
F	org.telegram.ui.Cells.q8	attached	E
F	org.telegram.ui.Cells.q8	imageView	e
F	org.telegram.ui.Cells.q8	resourcesProvider	D
F	org.telegram.ui.Cells.q8	textView	a
F	org.telegram.ui.Cells.p9	layout	b
F	org.telegram.ui.Cells.n4	height	h
F	org.telegram.ui.Cells.n4	textView	d
F	org.telegram.ui.Cells.o6	currentAccount	b
F	org.telegram.ui.Cells.o6	dialogId	x
F	org.telegram.ui.Cells.o6	resourcesProvider	v
F	org.telegram.ui.Cells.o6	style	w
F	org.telegram.ui.Cells.o2	date	h
F	org.telegram.ui.Cells.o2	id	c
F	org.telegram.ui.Cells.o2	message	b
F	org.telegram.ui.Cells.o2	muted	f
F	org.telegram.ui.Cells.o2	name	a
F	org.telegram.ui.Cells.o2	pinned	e
F	org.telegram.ui.Cells.o2	sent	k
F	org.telegram.ui.Cells.o2	type	g
F	org.telegram.ui.Cells.o2	unread_count	d
F	org.telegram.ui.Cells.o	color	n
F	org.telegram.ui.Cells.u8	attached	H
F	org.telegram.ui.Cells.u8	height	n
F	org.telegram.ui.Cells.u8	padding	D
F	org.telegram.ui.Cells.u8	resourcesProvider	E
F	org.telegram.ui.Cells.u8	textView	c
F	org.telegram.ui.Cells.va	dialogId	T
F	org.telegram.ui.Cells.va	nameTextView	b
F	org.telegram.ui.Cells.va	query	K
F	org.telegram.ui.Cells.va	resourcesProvider	y
F	org.telegram.ui.Cells.o0	chat	o
F	org.telegram.ui.Cells.o0	name	e
F	org.telegram.ui.Cells.r2	width	a
F	org.telegram.ui.Cells.wa	value	b
F	org.telegram.ui.Cells.p0	cell	a
F	org.telegram.ui.Cells.p0	currentAccount	b
F	org.telegram.ui.Cells.p0	dialogId	c
F	org.telegram.ui.Cells.p0	loading	t
F	org.telegram.ui.Cells.p0	msg	d
F	org.telegram.ui.Cells.t4	height	a
F	org.telegram.ui.Cells.u6	imageView	h
F	org.telegram.ui.Cells.u6	linearLayout	x
F	org.telegram.ui.Cells.u6	nameTextView	b
F	org.telegram.ui.Cells.u6	onlineTextView	c
F	org.telegram.ui.Cells.w8	colors	e
F	org.telegram.ui.Cells.w8	textView	a
F	org.telegram.ui.Cells.xa	currentAccount	a
F	org.telegram.ui.Cells.xa	dialogId	c
F	org.telegram.ui.Cells.xa	fullBounds	w
F	org.telegram.ui.Cells.xa	height	I
F	org.telegram.ui.Cells.xa	resourcesProvider	b
F	org.telegram.ui.Cells.xa	rows	h
F	org.telegram.ui.Cells.xa	subtitle	e
F	org.telegram.ui.Cells.xa	title	d
F	org.telegram.ui.Cells.xa	width	J
F	org.telegram.ui.Cells.t2	chat	f2
F	org.telegram.ui.Cells.t2	collapsed	f
F	org.telegram.ui.Cells.t2	message	e1
F	org.telegram.ui.Cells.t2	messageId	k1
F	org.telegram.ui.Cells.t2	resourcesProvider	E4
F	org.telegram.ui.Cells.t2	tags	s0
F	org.telegram.ui.Cells.t2	unreadCount	R0
F	org.telegram.ui.Cells.t2	user	e2
F	org.telegram.ui.Cells.u5	animator	I
F	org.telegram.ui.Cells.u5	delegate	w
F	org.telegram.ui.Cells.u5	lock	V
F	org.telegram.ui.Cells.u5	resourcesProvider	J
F	org.telegram.ui.Cells.t1	height	c
F	org.telegram.ui.Cells.t1	task	t
F	org.telegram.ui.Cells.t1	title	p
F	org.telegram.ui.Cells.t1	y	b
F	org.telegram.ui.Cells.w3	textView	a
F	org.telegram.ui.Cells.v4	imageView	c
F	org.telegram.ui.Cells.y9	path	e
F	org.telegram.ui.Cells.za	animator	f
F	org.telegram.ui.Cells.v2	textView	b
F	org.telegram.ui.Cells.x6	imageView	c
F	org.telegram.ui.Cells.x6	left	e
F	org.telegram.ui.Cells.y7	max	b
F	org.telegram.ui.Cells.y7	min	a
F	org.telegram.ui.Cells.y7	toString	e
F	org.telegram.ui.Cells.z9	parentView	F
F	org.telegram.ui.Cells.z9	resourcesProvider	g0
F	org.telegram.ui.Cells.z9	selectionEnd	v
F	org.telegram.ui.Cells.z9	selectionStart	u
F	org.telegram.ui.Cells.ab	size	a
F	org.telegram.ui.Cells.v1	buttonState	N4
F	org.telegram.ui.Cells.v1	currentAccount	H7
F	org.telegram.ui.Cells.v1	currentCaption	e4
F	org.telegram.ui.Cells.v1	currentChat	Yb
F	org.telegram.ui.Cells.v1	currentMessageObject	x7
F	org.telegram.ui.Cells.v1	currentMessagesGroup	J
F	org.telegram.ui.Cells.v1	currentTimeString	sb
F	org.telegram.ui.Cells.v1	currentUser	Xb
F	org.telegram.ui.Cells.v1	delegate	Ic
F	org.telegram.ui.Cells.v1	documentAttach	K1
F	org.telegram.ui.Cells.v1	edited	Zc
F	org.telegram.ui.Cells.v1	layoutHeight	L8
F	org.telegram.ui.Cells.v1	miniButtonState	W4
F	org.telegram.ui.Cells.v1	resourcesProvider	Hd
F	org.telegram.ui.Cells.v1	timeTextWidth	pb
F	org.telegram.ui.Cells.v1	timeWidth	ob
F	org.telegram.ui.Cells.z7	label	s
F	org.telegram.ui.Cells.z7	resourcesProvider	a
F	org.telegram.ui.Cells.z7	value	f
F	org.telegram.ui.Cells.a9	imageView	d
F	org.telegram.ui.Cells.a9	resourcesProvider	n
F	org.telegram.ui.Cells.a9	textView	a
F	org.telegram.ui.Cells.aa	padding	s
F	org.telegram.ui.Cells.aa	paint	F
F	org.telegram.ui.Cells.aa	resourcesProvider	a
F	org.telegram.ui.Cells.aa	textView	b
F	org.telegram.ui.Cells.x1	imageView	b
F	org.telegram.ui.Cells.x1	resourcesProvider	d
F	org.telegram.ui.Cells.x1	textView	a
F	org.telegram.ui.Cells.c9	resourcesProvider	s
F	org.telegram.ui.Cells.c9	text	r
F	org.telegram.ui.Cells.w0	currentAccount	G
F	org.telegram.ui.Cells.w0	currentMessageObject	G0
F	org.telegram.ui.Cells.w0	delegate	W0
F	org.telegram.ui.Cells.w0	themeDelegate	X0
F	org.telegram.ui.Cells.y	TAG	D
F	org.telegram.ui.Cells.y	buttonState	E
F	org.telegram.ui.Cells.y	currentAccount	y
F	org.telegram.ui.Cells.y	currentMessageObject	w
F	org.telegram.ui.Cells.y	miniButtonState	F
F	org.telegram.ui.Cells.y	resourcesProvider	J
F	org.telegram.ui.Cells.b6	divider	f
F	org.telegram.ui.Cells.b6	imageView	c
F	org.telegram.ui.Cells.b6	resourcesProvider	h
F	org.telegram.ui.Cells.b6	textView	a
F	org.telegram.ui.Cells.f8	alpha	n
F	org.telegram.ui.Cells.f8	currentAccount	D
F	org.telegram.ui.Cells.f8	isPremiumSticker	F
F	org.telegram.ui.Cells.f8	parentObject	e
F	org.telegram.ui.Cells.f8	sticker	c
F	org.telegram.ui.Cells.e9	height	e
F	org.telegram.ui.Cells.e9	textView	a
F	org.telegram.ui.Cells.b3	contentView	b
F	org.telegram.ui.Cells.b3	imageView	h
F	org.telegram.ui.Cells.b3	messageView	d
F	org.telegram.ui.Cells.b3	parentView	a
F	org.telegram.ui.Cells.c5	nameTextView	b
F	org.telegram.ui.Cells.c5	resourcesProvider	d
F	org.telegram.ui.Cells.fa	textView	a
F	org.telegram.ui.Components.AnimatedArrowDrawable	paint	a
F	org.telegram.ui.Components.AnimatedArrowDrawable	path	b
F	org.telegram.ui.Components.AnimatedPhoneNumberEditText	progress	r
F	org.telegram.ui.Components.ChatActivityEnterView	currentAccount	P
F	org.telegram.ui.Components.ChatActivityEnterView	delegate	X2
F	org.telegram.ui.Components.ChatActivityEnterView	dialog_id	O2
F	org.telegram.ui.Components.ChatActivityEnterView	info	b2
F	org.telegram.ui.Components.ChatActivityEnterView	isInVideoMode	b1
F	org.telegram.ui.Components.ChatActivityEnterView	lineCount	S
F	org.telegram.ui.Components.ChatActivityEnterView	location	L2
F	org.telegram.ui.Components.ChatActivityEnterView	paint	K3
F	org.telegram.ui.Components.ChatActivityEnterView	parentActivity	M2
F	org.telegram.ui.Components.ChatActivityEnterView	parentFragment	N2
F	org.telegram.ui.Components.ChatActivityEnterView	recordingAudioVideo	D2
F	org.telegram.ui.Components.ChatActivityEnterView	resourcesProvider	U3
F	org.telegram.ui.Components.ChatAttachAlertPhotoLayout	adapter	F
F	org.telegram.ui.Components.ChatAttachAlertPhotoLayout	isHidden	M
F	org.telegram.ui.Components.ChatAttachAlertPhotoLayout	loading	W0
F	org.telegram.ui.Components.CheckBox	color	E
F	org.telegram.ui.Components.CheckBox	drawBitmap	c
F	org.telegram.ui.Components.CheckBox	isChecked	x
F	org.telegram.ui.Components.CheckBox	paint	G
F	org.telegram.ui.Components.CheckBox	progress	r
F	org.telegram.ui.Components.CheckBox	size	y
F	org.telegram.ui.Components.CheckBoxBase	alpha	h
F	org.telegram.ui.Components.CheckBoxBase	backgroundColor	x
F	org.telegram.ui.Components.CheckBoxBase	bounds	b
F	org.telegram.ui.Components.CheckBoxBase	enabled	k
F	org.telegram.ui.Components.CheckBoxBase	paint	I
F	org.telegram.ui.Components.CheckBoxBase	parentView	a
F	org.telegram.ui.Components.CheckBoxBase	path	j
F	org.telegram.ui.Components.CheckBoxBase	progress	o
F	org.telegram.ui.Components.CheckBoxBase	size	B
F	org.telegram.ui.Components.CheckBoxSquare	progress	d
F	org.telegram.ui.Components.ClippingImageView	in	J
F	org.telegram.ui.Components.ClippingImageView	matrix	w
F	org.telegram.ui.Components.ClippingImageView	paint	s
F	org.telegram.ui.Components.ClippingImageView	radius	y
F	org.telegram.ui.Components.ColorPicker$RadioButton	checked	d
F	org.telegram.ui.Components.ColorPicker$RadioButton	paint	a
F	org.telegram.ui.Components.Crop.CropAreaView	left	b
F	org.telegram.ui.Components.Crop.CropAreaView	scale	n0
F	org.telegram.ui.Components.Crop.CropAreaView	size	a
F	org.telegram.ui.Components.Crop.CropAreaView	subtitle	h0
F	org.telegram.ui.Components.Crop.CropAreaView	top	c
F	org.telegram.ui.Components.FragmentContextView	fragment	h
F	org.telegram.ui.Components.NumberTextView	progress	e
F	org.telegram.ui.Components.PipRoundVideoView	currentAccount	b
F	org.telegram.ui.Components.PipRoundVideoView	imageView	d
F	org.telegram.ui.Components.PipRoundVideoView	preferences	x
F	org.telegram.ui.Components.Premium.LimitPreviewView	icon	r
F	org.telegram.ui.Components.Premium.LimitPreviewView	position	x
F	org.telegram.ui.Components.Premium.LimitPreviewView	progress	h
F	org.telegram.ui.Components.Premium.LimitPreviewView	resourcesProvider	R
F	org.telegram.ui.Components.RadialProgress2	parent	b
F	org.telegram.ui.Components.RadialProgress2	resourcesProvider	F
F	org.telegram.ui.Components.RadialProgressView	size	x
F	org.telegram.ui.Components.RadioButton	color	b
F	org.telegram.ui.Components.RadioButton	icon	r
F	org.telegram.ui.Components.RadioButton	paint	s
F	org.telegram.ui.Components.RadioButton	progress	c
F	org.telegram.ui.Components.RadioButton	size	h
F	org.telegram.ui.Components.ScrollSlidingTextTabStrip	delegate	b
F	org.telegram.ui.Components.ScrollSlidingTextTabStrip	isOpen	l0
F	org.telegram.ui.Components.ScrollSlidingTextTabStrip	left	i0
F	org.telegram.ui.Components.ScrollSlidingTextTabStrip	open	j0
F	org.telegram.ui.Components.ScrollSlidingTextTabStrip	resourcesProvider	c
F	org.telegram.ui.Components.ShutterButton	delegate	e
F	org.telegram.ui.Components.ShutterButton	state	f
F	org.telegram.ui.Components.Switch	isChecked	h
F	org.telegram.ui.Components.Switch	paint	n
F	org.telegram.ui.Components.Switch	progress	c
F	org.telegram.ui.Components.Switch	resourcesProvider	U
F	org.telegram.ui.Components.ThemeEditorView	parentActivity	b
F	org.telegram.ui.Components.ThemeEditorView	preferences	j
F	org.telegram.ui.Components.ThemeEditorView$EditorAlert	this$0	K
F	org.telegram.ui.Components.UndoView	currentAccount	x
F	org.telegram.ui.Components.UndoView	parentFragment	s
F	org.telegram.ui.Components.UndoView	resourcesProvider	U
F	org.telegram.ui.Components.u10	alpha	c
F	org.telegram.ui.Components.u10	color	a
F	org.telegram.ui.Components.u10	resourcesProvider	d
F	org.telegram.ui.Components.j8	instance	S0
F	org.telegram.ui.Components.j8	listAdapter	s
F	org.telegram.ui.Components.j8	parentActivity	F0
F	org.telegram.ui.Components.qe0	x	a
F	org.telegram.ui.Components.qe0	y	b
F	org.telegram.ui.Components.jd	imageView	a
F	org.telegram.ui.Components.jd	space	c
F	org.telegram.ui.Components.jd	textView	b
F	org.telegram.ui.Components.ni	resourcesProvider	a
F	org.telegram.ui.Components.vm0	alpha	h
F	org.telegram.ui.Components.vm0	paint	b
F	org.telegram.ui.Components.vm0	text	e
F	org.telegram.ui.Components.i21	alpha	v
F	org.telegram.ui.Components.i21	linearLayout	a
F	org.telegram.ui.Components.k6	layout	b
F	org.telegram.ui.Components.k6	left	e
F	org.telegram.ui.Components.k6	offset	c
F	org.telegram.ui.Components.k6	width	f
F	org.telegram.ui.Components.k8	current	d
F	org.telegram.ui.Components.k8	rotation	r
F	org.telegram.ui.Components.l9	alpha	i
F	org.telegram.ui.Components.re0	commands	a
F	org.telegram.ui.Components.re0	time	b
F	org.telegram.ui.Components.wq	delegate	a
F	org.telegram.ui.Components.wq	resourcesProvider	c0
F	org.telegram.ui.Components.wr	paint	c
F	org.telegram.ui.Components.wr	progress	g
F	org.telegram.ui.Components.s61	end	b
F	org.telegram.ui.Components.s61	start	a
F	org.telegram.ui.Components.l5	currentAccount	e
F	org.telegram.ui.Components.la	bounds	q
F	org.telegram.ui.Components.la	manager	a
F	org.telegram.ui.Components.la	matrix	p
F	org.telegram.ui.Components.la	paint	h
F	org.telegram.ui.Components.la	type	i
F	org.telegram.ui.Components.la	view	b
F	org.telegram.ui.Components.se0	x	a
F	org.telegram.ui.Components.se0	y	b
F	org.telegram.ui.Components.si0	bitmap	b
F	org.telegram.ui.Components.wl0	padding	c
F	org.telegram.ui.Components.wl0	parent	b
F	org.telegram.ui.Components.x10	applied	d
F	org.telegram.ui.Components.x10	originalText	a
F	org.telegram.ui.Components.x10	style	c
F	org.telegram.ui.Components.ma	invalidate	e
F	org.telegram.ui.Components.ma	padding	d
F	org.telegram.ui.Components.tc0	drawable	c
F	org.telegram.ui.Components.tc0	w	g
F	org.telegram.ui.Components.sd0	resourcesProvider	F
F	org.telegram.ui.Components.te0	x	a
F	org.telegram.ui.Components.te0	y	b
F	org.telegram.ui.Components.th0	resourcesProvider	H
F	org.telegram.ui.Components.pg	p	x
F	org.telegram.ui.Components.pg	path	w
F	org.telegram.ui.Components.ym0	context	a
F	org.telegram.ui.Components.ym0	resourcesProvider	b
F	org.telegram.ui.Components.yr	progress	c
F	org.telegram.ui.Components.k21	context	c
F	org.telegram.ui.Components.u61	context	e
F	org.telegram.ui.Components.u61	currentAccount	f
F	org.telegram.ui.Components.u61	dialog	n
F	org.telegram.ui.Components.u61	fillItems	s
F	org.telegram.ui.Components.u61	items	x
F	org.telegram.ui.Components.u61	listView	d
F	org.telegram.ui.Components.u61	resourcesProvider	v
F	org.telegram.ui.Components.n5	account	x
F	org.telegram.ui.Components.n5	alpha	v
F	org.telegram.ui.Components.n5	attached	w
F	org.telegram.ui.Components.n6	alpha	w
F	org.telegram.ui.Components.n6	animator	o
F	org.telegram.ui.Components.n6	bounds	x
F	org.telegram.ui.Components.n6	currentText	g
F	org.telegram.ui.Components.n6	t	m
F	org.telegram.ui.Components.g80	container	a
F	org.telegram.ui.Components.g80	context	e
F	org.telegram.ui.Components.g80	layout	A
F	org.telegram.ui.Components.g80	linearLayout	B
F	org.telegram.ui.Components.g80	point	o
F	org.telegram.ui.Components.g80	resourcesProvider	d
F	org.telegram.ui.Components.na	bitmap	p
F	org.telegram.ui.Components.na	buffer	o
F	org.telegram.ui.Components.na	height	b
F	org.telegram.ui.Components.na	matrix	j
F	org.telegram.ui.Components.na	padding	c
F	org.telegram.ui.Components.na	width	a
F	org.telegram.ui.Components.oc	layout	e
F	org.telegram.ui.Components.oc	loaded	n
F	org.telegram.ui.Components.oc	tag	a
F	org.telegram.ui.Components.ui0	backgroundColor	F
F	org.telegram.ui.Components.ui0	icon	r
F	org.telegram.ui.Components.ui0	resourcesProvider	a
F	org.telegram.ui.Components.ui0	title	e
F	org.telegram.ui.Components.fr0	closeButton	r
F	org.telegram.ui.Components.fr0	container	a
F	org.telegram.ui.Components.fr0	icon	b
F	org.telegram.ui.Components.fr0	images	h
F	org.telegram.ui.Components.fr0	name	c
F	org.telegram.ui.Components.fr0	obj	d
F	org.telegram.ui.Components.zq	background	a
F	org.telegram.ui.Components.zq	icon	b
F	org.telegram.ui.Components.zq	left	c
F	org.telegram.ui.Components.zq	top	d
F	org.telegram.ui.Components.zr	DEFAULT	f
F	org.telegram.ui.Components.dx0	backgroundColor	c
F	org.telegram.ui.Components.yz	currentAccount	b1
F	org.telegram.ui.Components.yz	info	I1
F	org.telegram.ui.Components.yz	premiumTabNum	H1
F	org.telegram.ui.Components.o6	drawable	c
F	org.telegram.ui.Components.o6	first	r
F	org.telegram.ui.Components.o6	maxWidth	e
F	org.telegram.ui.Components.o8	callback	c
F	org.telegram.ui.Components.vc0	alpha	L
F	org.telegram.ui.Components.vc0	colors	a
F	org.telegram.ui.Components.vc0	matrix	A
F	org.telegram.ui.Components.vc0	paint	n
F	org.telegram.ui.Components.vc0	parentView	c
F	org.telegram.ui.Components.ve0	chatId	n
F	org.telegram.ui.Components.xj0	height	c
F	org.telegram.ui.Components.xj0	scaleX	d0
F	org.telegram.ui.Components.xj0	scaleY	e0
F	org.telegram.ui.Components.xj0	width	b
F	org.telegram.ui.Components.ti	this$0	I
F	org.telegram.ui.Components.fw0	getter	a
F	org.telegram.ui.Components.gw	id	a
F	org.telegram.ui.Components.gw	imageView	d
F	org.telegram.ui.Components.gw	selected	G
F	org.telegram.ui.Components.n11	end	c
F	org.telegram.ui.Components.n11	flags	a
F	org.telegram.ui.Components.n11	header	e
F	org.telegram.ui.Components.n11	start	b
F	org.telegram.ui.Components.f50	accent	h
F	org.telegram.ui.Components.f50	linearLayout	d
F	org.telegram.ui.Components.f50	resourcesProvider	a
F	org.telegram.ui.Components.y71	height	c
F	org.telegram.ui.Components.y71	original	a
F	org.telegram.ui.Components.y71	width	b
F	org.telegram.ui.Components.e60	buffer	a
F	org.telegram.ui.Components.e60	last	f
F	org.telegram.ui.Components.e60	offset	b
F	org.telegram.ui.Components.e60	read	c
F	org.telegram.ui.Components.p5	alpha	l
F	org.telegram.ui.Components.p5	currentAccount	h
F	org.telegram.ui.Components.p5	document	e
F	org.telegram.ui.Components.p5	views	b
F	org.telegram.ui.Components.ma0	paint	b
F	org.telegram.ui.Components.ma0	scale	h
F	org.telegram.ui.Components.ak0	drawable	b
F	org.telegram.ui.Components.ak0	playing	f
F	org.telegram.ui.Components.cp0	height	h
F	org.telegram.ui.Components.cp0	isUnread	u
F	org.telegram.ui.Components.cp0	loading	z
F	org.telegram.ui.Components.cp0	messageObject	m
F	org.telegram.ui.Components.cp0	progress	c
F	org.telegram.ui.Components.cp0	selected	o
F	org.telegram.ui.Components.cp0	width	g
F	org.telegram.ui.Components.hr0	currentAccount	c
F	org.telegram.ui.Components.fx0	colors	b
F	org.telegram.ui.Components.fx0	drawable	a
F	org.telegram.ui.Components.lz0	currentAccount	a
F	org.telegram.ui.Components.lz0	show	s
F	org.telegram.ui.Components.o11	style	b
F	org.telegram.ui.Components.a00	textView	b
F	org.telegram.ui.Components.xi0	height	e
F	org.telegram.ui.Components.xi0	width	d
F	org.telegram.ui.Components.bk0	parent	i
F	org.telegram.ui.Components.wj	currentAccount	r
F	org.telegram.ui.Components.wj	this$0	v
F	org.telegram.ui.Components.wk	emojiView	n
F	org.telegram.ui.Components.wk	sticker	w
F	org.telegram.ui.Components.zo	active	n
F	org.telegram.ui.Components.zo	icon	b
F	org.telegram.ui.Components.zo	name	c
F	org.telegram.ui.Components.zo	obj	d
F	org.telegram.ui.Components.zo	resourcesProvider	a
F	org.telegram.ui.Components.iw	id	h
F	org.telegram.ui.Components.iw	shown	n
F	org.telegram.ui.Components.a81	currentAccount	a
F	org.telegram.ui.Components.a81	document	g
F	org.telegram.ui.Components.a81	height	j
F	org.telegram.ui.Components.a81	original	b
F	org.telegram.ui.Components.a81	size	k
F	org.telegram.ui.Components.a81	uri	d
F	org.telegram.ui.Components.a81	width	i
F	org.telegram.ui.Components.aa1	delegate	K
F	org.telegram.ui.Components.yc0	paint	a
F	org.telegram.ui.Components.wi	currentAccount	I1
F	org.telegram.ui.Components.wi	delegate	Y1
F	org.telegram.ui.Components.wi	dialogId	Y
F	org.telegram.ui.Components.wi	paint	K0
F	org.telegram.ui.Components.wi	sent	r2
F	org.telegram.ui.Components.ep0	invalidate	b
F	org.telegram.ui.Components.ep0	shown	j
F	org.telegram.ui.Components.n01	path	b
F	org.telegram.ui.Components.n01	resourcesProvider	a
F	org.telegram.ui.Components.n01	w	f
F	org.telegram.ui.Components.m0	animation	c
F	org.telegram.ui.Components.t41	textView	E
F	org.telegram.ui.Components.f40	colors	E
F	org.telegram.ui.Components.f40	key	c
F	org.telegram.ui.Components.f40	progress	x
F	org.telegram.ui.Components.f40	resourcesProvider	F
F	org.telegram.ui.Components.f40	small	G
F	org.telegram.ui.Components.f40	uid	b
F	org.telegram.ui.Components.zc0	bitmap	e
F	org.telegram.ui.Components.zh0	bounds	h
F	org.telegram.ui.Components.zh0	from	g
F	org.telegram.ui.Components.zh0	key	a
F	org.telegram.ui.Components.zh0	to	f
F	org.telegram.ui.Components.ug	left	D
F	org.telegram.ui.Components.ug	this$0	E
F	org.telegram.ui.Components.bp	maxHeight	d
F	org.telegram.ui.Components.cq	radius	g
F	org.telegram.ui.Components.er	recycled	g
F	org.telegram.ui.Components.es	editText	b
F	org.telegram.ui.Components.es	views	c
F	org.telegram.ui.Components.kw	accentColor	P
F	org.telegram.ui.Components.kw	first	b0
F	org.telegram.ui.Components.kw	resourcesProvider	v
F	org.telegram.ui.Components.kw	selected	L
F	org.telegram.ui.Components.c81	delegate	I
F	org.telegram.ui.Components.t5	drawable	f
F	org.telegram.ui.Components.t5	layout	c
F	org.telegram.ui.Components.t5	view	a
F	org.telegram.ui.Components.uc	icon	d
F	org.telegram.ui.Components.bo	this$0	d
F	org.telegram.ui.Components.dq	bounds	g
F	org.telegram.ui.Components.dq	paint	e
F	org.telegram.ui.Components.dq	size	a
F	org.telegram.ui.Components.dq	start	c
F	org.telegram.ui.Components.fr	parent	H
F	org.telegram.ui.Components.fr	radius	C
F	org.telegram.ui.Components.fr	resourcesProvider	J
F	org.telegram.ui.Components.fr	type	I
F	org.telegram.ui.Components.fr	width	y
F	org.telegram.ui.Components.fr	x	B
F	org.telegram.ui.Components.e00	bounds	h
F	org.telegram.ui.Components.e00	tabs	f
F	org.telegram.ui.Components.r31	TOP	a
F	org.telegram.ui.Components.vc	fragment	a
F	org.telegram.ui.Components.vc	resourcesProvider	c
F	org.telegram.ui.Components.ej0	isEnabled	i
F	org.telegram.ui.Components.gl0	currentAccount	I
F	org.telegram.ui.Components.gl0	delegate	f0
F	org.telegram.ui.Components.gl0	fragment	s0
F	org.telegram.ui.Components.gl0	messageObject	G
F	org.telegram.ui.Components.gl0	resourcesProvider	j0
F	org.telegram.ui.Components.gl0	type	L0
F	org.telegram.ui.Components.an	header	x
F	org.telegram.ui.Components.an	shown	P
F	org.telegram.ui.Components.g10	started	c
F	org.telegram.ui.Components.f30	bounds	h
F	org.telegram.ui.Components.f30	colors	l
F	org.telegram.ui.Components.f30	matrix	j
F	org.telegram.ui.Components.f30	paint	c
F	org.telegram.ui.Components.e81	height	i
F	org.telegram.ui.Components.e81	paint	Q
F	org.telegram.ui.Components.e81	parentView	v
F	org.telegram.ui.Components.e81	progress	a
F	org.telegram.ui.Components.e81	timestamps	F
F	org.telegram.ui.Components.e81	width	h
F	org.telegram.ui.Components.e91	delegate	y
F	org.telegram.ui.Components.e91	tabs	h
F	org.telegram.ui.Components.v6	paint	c
F	org.telegram.ui.Components.v9	attached	n
F	org.telegram.ui.Components.v9	height	d
F	org.telegram.ui.Components.v9	width	c
F	org.telegram.ui.Components.wc	view	a
F	org.telegram.ui.Components.ci0	color	P
F	org.telegram.ui.Components.ci0	downTime	b0
F	org.telegram.ui.Components.ci0	matrix	S
F	org.telegram.ui.Components.ci0	mode	G
F	org.telegram.ui.Components.ci0	paint	b
F	org.telegram.ui.Components.ci0	targetHeight	y
F	org.telegram.ui.Components.ci0	top	O
F	org.telegram.ui.Components.xg	resource	c
F	org.telegram.ui.Components.hl0	left	s
F	org.telegram.ui.Components.hl0	player	n
F	org.telegram.ui.Components.hl0	resourcesProvider	a
F	org.telegram.ui.Components.hl0	right	v
F	org.telegram.ui.Components.hl0	text	h
F	org.telegram.ui.Components.bk	currentAccount	x
F	org.telegram.ui.Components.bk	currentUser	f
F	org.telegram.ui.Components.eo	emojiView	D
F	org.telegram.ui.Components.eo	listAdapter	r
F	org.telegram.ui.Components.kv0	max_id	j
F	org.telegram.ui.Components.kv0	messages	a
F	org.telegram.ui.Components.kv0	min_id	k
F	org.telegram.ui.Components.kv0	sections	c
F	org.telegram.ui.Components.e71	adapter	U2
F	org.telegram.ui.Components.m50	isVideo	e
F	org.telegram.ui.Components.m50	object	a
F	org.telegram.ui.Components.m50	self	d
F	org.telegram.ui.Components.m50	type	c
F	org.telegram.ui.Components.w9	inner	c
F	org.telegram.ui.Components.w9	outer	d
F	org.telegram.ui.Components.w9	text	b
F	org.telegram.ui.Components.dd0	alpha	c
F	org.telegram.ui.Components.dd0	paint	b
F	org.telegram.ui.Components.wb	imageView	a
F	org.telegram.ui.Components.wb	textView	b
F	org.telegram.ui.Components.il0	height	d
F	org.telegram.ui.Components.il0	width	c
F	org.telegram.ui.Components.il0	x	a
F	org.telegram.ui.Components.il0	y	b
F	org.telegram.ui.Components.ck	listAdapter	D
F	org.telegram.ui.Components.fo	id	s
F	org.telegram.ui.Components.fo	listView	r
F	org.telegram.ui.Components.mw0	delegate	n
F	org.telegram.ui.Components.mw0	delegates	r
F	org.telegram.ui.Components.mw0	matrix	T
F	org.telegram.ui.Components.mw0	views	s0
F	org.telegram.ui.Components.t21	context	i
F	org.telegram.ui.Components.t21	paint	b
F	org.telegram.ui.Components.t21	resourcesProvider	j
F	org.telegram.ui.Components.t21	time	f
F	org.telegram.ui.Components.t21	timeWidth	d
F	org.telegram.ui.Components.e61	started	g
F	org.telegram.ui.Components.g91	colors	E
F	org.telegram.ui.Components.g91	currentText	f
F	org.telegram.ui.Components.g91	drawBitmap	w
F	org.telegram.ui.Components.g91	parentView	D
F	org.telegram.ui.Components.g91	progress	x
F	org.telegram.ui.Components.g91	resourcesProvider	a
F	org.telegram.ui.Components.x5	stack	c
F	org.telegram.ui.Components.fh0	alpha	g
F	org.telegram.ui.Components.fh0	paint	a
F	org.telegram.ui.Components.fh0	parent	f
F	org.telegram.ui.Components.fh0	pause	c
F	org.telegram.ui.Components.fh0	progress	d
F	org.telegram.ui.Components.fh0	size	b
F	org.telegram.ui.Components.ei0	lock	b
F	org.telegram.ui.Components.ei0	offset	x
F	org.telegram.ui.Components.ei0	size	r
F	org.telegram.ui.Components.hj0	isOut	Y
F	org.telegram.ui.Components.hj0	listView	I
F	org.telegram.ui.Components.jm0	attributes	M2
F	org.telegram.ui.Components.jm0	isHidden	e1
F	org.telegram.ui.Components.jm0	resourcesProvider	l2
F	org.telegram.ui.Components.nw0	activity	v0
F	org.telegram.ui.Components.i10	matrix	h
F	org.telegram.ui.Components.i10	paint	c
F	org.telegram.ui.Components.i10	resourcesProvider	K
F	org.telegram.ui.Components.v31	currentAccount	b
F	org.telegram.ui.Components.o50	canceled	S
F	org.telegram.ui.Components.o50	delegate	b
F	org.telegram.ui.Components.o50	isVideo	s
F	org.telegram.ui.Components.o50	parentFragment	a
F	org.telegram.ui.Components.o50	user	K
F	org.telegram.ui.Components.fg0	resourcesProvider	H0
F	org.telegram.ui.Components.jn0	contentView	b
F	org.telegram.ui.Components.jn0	touching	a
F	org.telegram.ui.Components.nv0	delegates	x
F	org.telegram.ui.Components.nv0	parentFragment	w
F	org.telegram.ui.Components.nv0	topicId	s
F	org.telegram.ui.Components.mt	p	a
F	org.telegram.ui.Components.mt	size	c
F	org.telegram.ui.Components.j30	currentChat	c
F	org.telegram.ui.Components.j30	currentUser	b
F	org.telegram.ui.Components.j30	name	x
F	org.telegram.ui.Components.j30	peerId	e
F	org.telegram.ui.Components.j30	progress	s
F	org.telegram.ui.Components.j30	selected	G
F	org.telegram.ui.Components.g61	accent	q
F	org.telegram.ui.Components.g61	checked	e
F	org.telegram.ui.Components.g61	collapsed	f
F	org.telegram.ui.Components.g61	enabled	g
F	org.telegram.ui.Components.g61	id	d
F	org.telegram.ui.Components.g61	intValue	z
F	org.telegram.ui.Components.g61	longValue	B
F	org.telegram.ui.Components.g61	object	G
F	org.telegram.ui.Components.g61	red	r
F	org.telegram.ui.Components.g61	subtext	m
F	org.telegram.ui.Components.g61	text	l
F	org.telegram.ui.Components.g61	view	c
F	org.telegram.ui.Components.h71	measuredHeight	r
F	org.telegram.ui.Components.h71	measuredWidth	q
F	org.telegram.ui.Components.i91	enabled	h
F	org.telegram.ui.Components.z5	bitmap	b
F	org.telegram.ui.Components.z5	height	d
F	org.telegram.ui.Components.z5	time	e
F	org.telegram.ui.Components.z5	width	c
F	org.telegram.ui.Components.w90	editor	y
F	org.telegram.ui.Components.w90	mEditor	H
F	org.telegram.ui.Components.w90	maxWidth	w
F	org.telegram.ui.Components.w90	resourcesProvider	c
F	org.telegram.ui.Components.w90	stack	d
F	org.telegram.ui.Components.gg0	button	b
F	org.telegram.ui.Components.gg0	close	r
F	org.telegram.ui.Components.gg0	time	e
F	org.telegram.ui.Components.h61	enabled	h
F	org.telegram.ui.Components.h61	style	f
F	org.telegram.ui.Components.p40	scroll	M
F	org.telegram.ui.Components.x90	color	b
F	org.telegram.ui.Components.aa	L	o
F	org.telegram.ui.Components.aa	m	q
F	org.telegram.ui.Components.aa	paint	d
F	org.telegram.ui.Components.aa	path	c
F	org.telegram.ui.Components.aa	progress	i
F	org.telegram.ui.Components.hd0	canvas	a
F	org.telegram.ui.Components.qw0	callback	M
F	org.telegram.ui.Components.qw0	paint	b
F	org.telegram.ui.Components.qw0	resourcesProvider	N
F	org.telegram.ui.Components.z01	size	b
F	org.telegram.ui.Components.m20	matrix	h
F	org.telegram.ui.Components.i61	style	a
F	org.telegram.ui.Components.y90	icon	a
F	org.telegram.ui.Components.y90	value	e
F	org.telegram.ui.Components.cd	delegate	h
F	org.telegram.ui.Components.cd	paint	g
F	org.telegram.ui.Components.cd	rounded	n
F	org.telegram.ui.Components.n20	states	a
F	org.telegram.ui.Components.c6	scaleX	W
F	org.telegram.ui.Components.c6	scaleY	X
F	org.telegram.ui.Components.c6	stream	t0
F	org.telegram.ui.Components.c6	sync	P
F	org.telegram.ui.Components.lj0	bottom	d
F	org.telegram.ui.Components.lj0	first	e
F	org.telegram.ui.Components.lj0	last	f
F	org.telegram.ui.Components.lj0	left	a
F	org.telegram.ui.Components.lj0	right	b
F	org.telegram.ui.Components.lj0	top	c
F	org.telegram.ui.Components.om0	animation	f
F	org.telegram.ui.Components.om0	colorFilter	b
F	org.telegram.ui.Components.om0	context	a
F	org.telegram.ui.Components.om0	progress	h
F	org.telegram.ui.Components.o00	isVideo	g1
F	org.telegram.ui.Components.z21	cell	b
F	org.telegram.ui.Components.z21	currentAccount	a
F	org.telegram.ui.Components.z21	image	g
F	org.telegram.ui.Components.z21	path	i
F	org.telegram.ui.Components.z21	resourcesProvider	c
F	org.telegram.ui.Components.z21	text	e
F	org.telegram.ui.Components.z21	topicId	s
F	org.telegram.ui.Components.k61	label	d
F	org.telegram.ui.Components.k61	style	b
F	org.telegram.ui.Components.m71	currentAccount	s
F	org.telegram.ui.Components.m71	type	b
F	org.telegram.ui.Components.d6	invalidate	b
F	org.telegram.ui.Components.d6	parent	a
F	org.telegram.ui.Components.d6	transition	i
F	org.telegram.ui.Components.d6	value	c
F	org.telegram.ui.Components.aa0	gradient	d
F	org.telegram.ui.Components.aa0	paint	v
F	org.telegram.ui.Components.aa0	path	y
F	org.telegram.ui.Components.aa0	resourcesProvider	a
F	org.telegram.ui.Components.aa0	start	b
F	org.telegram.ui.Components.dd	color	h
F	org.telegram.ui.Components.dd	depth	k
F	org.telegram.ui.Components.dd	n	x
F	org.telegram.ui.Components.dd	offset	m
F	org.telegram.ui.Components.dd	paint	i
F	org.telegram.ui.Components.dd	progress	o
F	org.telegram.ui.Components.mj0	cell	a
F	org.telegram.ui.Components.mj0	end	d
F	org.telegram.ui.Components.mj0	id	b
F	org.telegram.ui.Components.mj0	paint	i
F	org.telegram.ui.Components.mj0	path	j
F	org.telegram.ui.Components.mj0	poll	f
F	org.telegram.ui.Components.mj0	start	c
F	org.telegram.ui.Components.mj0	t	k
F	org.telegram.ui.Components.pl0	listView	a
F	org.telegram.ui.Components.pm0	a	d
F	org.telegram.ui.Components.pm0	s	c
F	org.telegram.ui.Components.pm0	x	a
F	org.telegram.ui.Components.pm0	y	b
F	org.telegram.ui.Components.no	currentAccount	I
F	org.telegram.ui.Components.zz0	after	b
F	org.telegram.ui.Components.zz0	before	a
F	org.telegram.ui.Components.jy	documents	c
F	org.telegram.ui.Components.jy	expanded	h
F	org.telegram.ui.Components.jy	free	e
F	org.telegram.ui.Components.jy	installed	f
F	org.telegram.ui.Components.jy	set	b
F	org.telegram.ui.Components.p20	imageView	c
F	org.telegram.ui.Components.e6	view	a
F	org.telegram.ui.Components.ed	radius	j
F	org.telegram.ui.Components.ed	running	u
F	org.telegram.ui.Components.ed	small	r
F	org.telegram.ui.Components.qk0	count	s
F	org.telegram.ui.Components.qk0	radius	c
F	org.telegram.ui.Components.qk0	reaction	v
F	org.telegram.ui.Components.qm0	backgroundColor	x
F	org.telegram.ui.Components.qm0	emoji	t
F	org.telegram.ui.Components.qm0	loading	S
F	org.telegram.ui.Components.qm0	parentView	D
F	org.telegram.ui.Components.qm0	sponsored	s
F	org.telegram.ui.Components.qm0	sticker	u
F	org.telegram.ui.Components.ll	this$0	b
F	org.telegram.ui.Components.ll	views	a
F	org.telegram.ui.Components.voip.h	matrix	i
F	org.telegram.ui.Components.voip.h	progress	g
F	org.telegram.ui.Components.voip.h	size	e
F	org.telegram.ui.Components.voip.l	attached	e
F	org.telegram.ui.Components.voip.m2	currentAccount	K
F	org.telegram.ui.Components.voip.m2	instance	T
F	org.telegram.ui.Components.voip.s2	imageView	f
F	org.telegram.ui.Components.voip.s1	active	Q
F	org.telegram.ui.Components.voip.s1	path	s
F	org.telegram.ui.Components.voip.t	attached	v
F	org.telegram.ui.Components.voip.t	call	E
F	org.telegram.ui.Components.rs	color	d
F	org.telegram.ui.Components.rs	text	c
F	org.telegram.ui.Components.rs	width	e
F	org.telegram.ui.Components.ru	parentFragment	h
F	org.telegram.ui.Components.ru	resourcesProvider	L
F	org.telegram.ui.Components.wx0	currentAccount	w
F	org.telegram.ui.Components.wx0	subtitle	e
F	org.telegram.ui.Components.wx0	title	d
F	org.telegram.ui.Components.c41	a	F
F	org.telegram.ui.Components.c41	b	G
F	org.telegram.ui.Components.c41	bounds	u
F	org.telegram.ui.Components.c41	loading	k
F	org.telegram.ui.Components.c41	parent	r
F	org.telegram.ui.Components.c41	radius	D
F	org.telegram.ui.Components.c41	start	t
F	org.telegram.ui.Components.m61	style	a
F	org.telegram.ui.Components.o71	disabled	f
F	org.telegram.ui.Components.o71	sizes	n
F	org.telegram.ui.Components.g9	alpha	y
F	org.telegram.ui.Components.g9	color	d
F	org.telegram.ui.Components.g9	gradient	v
F	org.telegram.ui.Components.g9	resourcesProvider	z
F	org.telegram.ui.Components.rn0	this$0	c
F	org.telegram.ui.Components.so0	actionMode	E0
F	org.telegram.ui.Components.so0	attached	d0
F	org.telegram.ui.Components.so0	currentAccount	G0
F	org.telegram.ui.Components.so0	deleteItem	D0
F	org.telegram.ui.Components.so0	selectedFiles	y0
F	org.telegram.ui.Components.ss	tags	c
F	org.telegram.ui.Components.xx0	currentAccount	F
F	org.telegram.ui.Components.b01	cell	c
F	org.telegram.ui.Components.b01	layoutParams	a
F	org.telegram.ui.Components.b01	measuredHeight	l
F	org.telegram.ui.Components.b01	y	q
F	org.telegram.ui.Components.d41	progress	a
F	org.telegram.ui.Components.n61	style	f
F	org.telegram.ui.Components.p81	scale	h
F	org.telegram.ui.Components.p81	show	n
F	org.telegram.ui.Components.g5	invalidate	b
F	org.telegram.ui.Components.g5	parent	a
F	org.telegram.ui.Components.g5	transition	h
F	org.telegram.ui.Components.g5	value	c
F	org.telegram.ui.Components.nc0	first	c
F	org.telegram.ui.Components.rl0	paint	c
F	org.telegram.ui.Components.rl0	path	I
F	org.telegram.ui.Components.rl0	progress	e
F	org.telegram.ui.Components.rl0	this$0	n0
F	org.telegram.ui.Components.rl0	type	Q
F	org.telegram.ui.Components.sn0	rowCount	r
F	org.telegram.ui.Components.xv	currentAccount	d
F	org.telegram.ui.Components.xv	data	c
F	org.telegram.ui.Components.c01	max	b
F	org.telegram.ui.Components.c01	min	a
F	org.telegram.ui.Components.f11	layout	b
F	org.telegram.ui.Components.f11	left	d
F	org.telegram.ui.Components.f11	maxLines	f
F	org.telegram.ui.Components.f11	maxWidth	e
F	org.telegram.ui.Components.f11	paint	a
F	org.telegram.ui.Components.f11	parentView	j
F	org.telegram.ui.Components.f11	width	c
F	org.telegram.ui.Components.q71	delegate	h
F	org.telegram.ui.Components.i9	count	n
F	org.telegram.ui.Components.i9	height	o
F	org.telegram.ui.Components.i9	paint	h
F	org.telegram.ui.Components.i9	parent	r
F	org.telegram.ui.Components.i9	width	p
F	org.telegram.ui.Components.ha	context	g
F	org.telegram.ui.Components.ha	i	p
F	org.telegram.ui.Components.ha	padding	a
F	org.telegram.ui.Components.ha	view	b
F	org.telegram.ui.Components.ol	dialogId	b0
F	org.telegram.ui.Components.ol	searching	k0
F	org.telegram.ui.Components.us	matrix	b
F	org.telegram.ui.Components.us	paint	a
F	org.telegram.ui.Components.xw0	color	n
F	org.telegram.ui.Components.g11	depth	e
F	org.telegram.ui.Components.g11	height	c
F	org.telegram.ui.Components.g11	width	b
F	org.telegram.ui.Components.r81	delegate	s
F	org.telegram.ui.Components.r81	frames	v
F	org.telegram.ui.Components.r81	path	P
F	org.telegram.ui.Components.r81	sync	S
F	org.telegram.ui.Components.i8	context	c
F	org.telegram.ui.Components.i8	this$0	n
F	org.telegram.ui.Components.jc	imageView	a
F	org.telegram.ui.Components.jc	subtitleTextView	c
F	org.telegram.ui.Components.id	buttons	a
F	org.telegram.ui.Components.ph0	TAG	J
F	org.telegram.ui.Components.ph0	buttonState	y
F	org.telegram.ui.Components.ph0	currentAccount	n
F	org.telegram.ui.Components.ph0	currentMessageObject	h
F	org.telegram.ui.Components.ph0	timeWidth	I
F	org.telegram.ui.Components.rj0	color	H
F	org.telegram.ui.Components.rj0	edit	a
F	org.telegram.ui.Components.rj0	end	d
F	org.telegram.ui.Components.rj0	last	n
F	org.telegram.ui.Components.rj0	start	c
F	org.telegram.ui.Components.vo0	backgroundColor	i
F	org.telegram.ui.Components.vo0	height	g
F	org.telegram.ui.Components.vo0	paint	D
F	org.telegram.ui.Components.vo0	selected	p
F	org.telegram.ui.Components.vo0	timestamps	u
F	org.telegram.ui.Components.vo0	width	f
F	org.telegram.ui.Components.wt	listeners	b
F	org.telegram.ui.Components.yw0	paint	a
F	org.telegram.ui.Components.yw0	path	b
F	org.telegram.ui.ContactsActivity	channelId	R
F	org.telegram.ui.ContactsActivity	chatId	S
F	org.telegram.ui.ContactsActivity	floatingButton	w
F	org.telegram.ui.ContactsActivity	listView	f
F	org.telegram.ui.ContactsActivity	searching	E
F	org.telegram.ui.DataAutoDownloadActivity	key	I
F	org.telegram.ui.DataAutoDownloadActivity	listAdapter	a
F	org.telegram.ui.DataAutoDownloadActivity	listView	b
F	org.telegram.ui.DataAutoDownloadActivity	presets	c
F	org.telegram.ui.DataSettingsActivity	listAdapter	a
F	org.telegram.ui.DataSettingsActivity	rowCount	T
F	org.telegram.ui.FiltersSetupActivity	adapter	b
F	org.telegram.ui.LanguageSelectActivity	listAdapter	a
F	org.telegram.ui.LanguageSelectActivity	listView	b
F	org.telegram.ui.LaunchActivity	instance	D1
F	org.telegram.ui.LaunchActivity	isActive	z1
F	org.telegram.ui.NotificationsCustomSettingsActivity	adapter	b
F	org.telegram.ui.NotificationsCustomSettingsActivity	expanded	F
F	org.telegram.ui.NotificationsCustomSettingsActivity	listView	a
F	org.telegram.ui.NotificationsSettingsActivity	adapter	c
F	org.telegram.ui.NotificationsSettingsActivity	listView	a
F	org.telegram.ui.PasscodeActivity	listView	c
F	org.telegram.ui.PasscodeActivity	type	x
F	org.telegram.ui.PasskeysActivity	listView	a
F	org.telegram.ui.PhotoViewer	currentAccount	S
F	org.telegram.ui.PhotoViewer	currentMessageObject	S4
F	org.telegram.ui.PhotoViewer	deleteItem	D0
F	org.telegram.ui.PhotoViewer	insets	r2
F	org.telegram.ui.PhotoViewer	isPlaying	O3
F	org.telegram.ui.PhotoViewer	menu	z0
F	org.telegram.ui.PhotoViewer	menuItem	n0
F	org.telegram.ui.PhotoViewer	originalHeight	b8
F	org.telegram.ui.PhotoViewer	parentActivity	y
F	org.telegram.ui.PhotoViewer	parentFragment	l4
F	org.telegram.ui.PhotoViewer	resourcesProvider	u2
F	org.telegram.ui.PhotoViewer	scale	Z5
F	org.telegram.ui.PhotoViewer	topicId	C5
F	org.telegram.ui.PhotoViewer	visibleDialog	O1
F	org.telegram.ui.PhotoViewer$BackgroundDrawable	paint	c
F	org.telegram.ui.PhotoViewer$CounterView	height	e
F	org.telegram.ui.PhotoViewer$CounterView	paint	c
F	org.telegram.ui.PhotoViewer$CounterView	rotation	n
F	org.telegram.ui.PhotoViewer$CounterView	width	d
F	org.telegram.ui.PopupNotificationActivity	actionBar	a
F	org.telegram.ui.PopupNotificationActivity	avatarContainer	f
F	org.telegram.ui.PopupNotificationActivity	chatActivityEnterView	b
F	org.telegram.ui.PopupNotificationActivity	currentMessageObject	P
F	org.telegram.ui.PopupNotificationActivity	finished	N
F	org.telegram.ui.PopupNotificationActivity	nameTextView	d
F	org.telegram.ui.PopupNotificationActivity	onlineTextView	e
F	org.telegram.ui.PremiumPreviewFragment	insets	n0
F	org.telegram.ui.PremiumPreviewFragment	listView	a
F	org.telegram.ui.PremiumPreviewFragment	matrix	R
F	org.telegram.ui.PremiumPreviewFragment	source	h0
F	org.telegram.ui.PremiumPreviewFragment	type	f0
F	org.telegram.ui.PrivacyControlActivity	listAdapter	a
F	org.telegram.ui.PrivacyControlActivity	listView	d
F	org.telegram.ui.PrivacyControlActivity	rowCount	q0
F	org.telegram.ui.PrivacySettingsActivity	listAdapter	a
F	org.telegram.ui.PrivacySettingsActivity	listView	b
F	org.telegram.ui.PrivacySettingsActivity	rowCount	N
F	org.telegram.ui.ProfileActivity	chatId	e1
F	org.telegram.ui.ProfileActivity	chatRow	i3
F	org.telegram.ui.ProfileActivity	contentView	l5
F	org.telegram.ui.ProfileActivity	currentChat	D2
F	org.telegram.ui.ProfileActivity	dialogId	h1
F	org.telegram.ui.ProfileActivity	listAdapter	d
F	org.telegram.ui.ProfileActivity	nameTextView	f
F	org.telegram.ui.ProfileActivity	onlineTextView	r
F	org.telegram.ui.ProfileActivity	otherItem	S0
F	org.telegram.ui.ProfileActivity	peerColor	P5
F	org.telegram.ui.ProfileActivity	phoneRow	F3
F	org.telegram.ui.ProfileActivity	resourcesProvider	y0
F	org.telegram.ui.ProfileActivity	rowCount	M2
F	org.telegram.ui.ProfileActivity	topicId	f1
F	org.telegram.ui.ProfileActivity	userId	d1
F	org.telegram.ui.ProxyListActivity	listAdapter	a
F	org.telegram.ui.ProxyListActivity	listView	b
F	org.telegram.ui.ProxyListActivity	rowCount	f
F	org.telegram.ui.SaveToGallerySettingsActivity	dialogId	b
F	org.telegram.ui.SaveToGallerySettingsActivity	items	s
F	org.telegram.ui.SaveToGallerySettingsActivity	type	a
F	org.telegram.ui.SecretMediaViewer	currentAccount	a
F	org.telegram.ui.SecretMediaViewer	currentMessageObject	g0
F	org.telegram.ui.SecretMediaViewer	isVideo	I
F	org.telegram.ui.SecretMediaViewer	parentActivity	b
F	org.telegram.ui.SecretMediaViewer	scale	x0
F	org.telegram.ui.SecretMediaViewer$PhotoBackgroundDrawable	frame	b
F	org.telegram.ui.SessionsActivity	listAdapter	a
F	org.telegram.ui.SessionsActivity	loading	r
F	org.telegram.ui.SessionsActivity	sessions	e
F	org.telegram.ui.StickersActivity	listView	a
F	org.telegram.ui.Stories.ProfileStoriesView	avatarContainer	f
F	org.telegram.ui.Stories.ProfileStoriesView	count	s
F	org.telegram.ui.Stories.ProfileStoriesView	dialogId	d
F	org.telegram.ui.Stories.ProfileStoriesView	left	e0
F	org.telegram.ui.Stories.ProfileStoriesView	right	f0
F	org.telegram.ui.Stories.ProfileStoriesView	unreadCount	r
F	org.telegram.ui.Stories.recorder.StoryUploadingService	builder	a
F	org.telegram.ui.Stories.recorder.StoryUploadingService	currentAccount	d
F	org.telegram.ui.Stories.recorder.StoryUploadingService	path	b
F	org.telegram.ui.ThemeActivity	listAdapter	a
F	org.telegram.ui.ThemeActivity	listView	b
F	org.telegram.ui.ThemeActivity	menuItem	s
F	org.telegram.ui.ThemeActivity	rowCount	I0
F	org.telegram.ui.ThemeActivity$InnerAccentView	checked	f
F	org.telegram.ui.ThemeActivity$InnerAccentView	paint	a
F	org.telegram.ui.TwoStepVerificationActivity	delegate	a0
F	org.telegram.ui.TwoStepVerificationActivity	floatingButton	D
F	org.telegram.ui.TwoStepVerificationActivity	listAdapter	a
F	org.telegram.ui.TwoStepVerificationActivity	listView	b
F	org.telegram.ui.TwoStepVerificationActivity	loading	F
F	org.telegram.ui.TwoStepVerificationActivity	scrollView	y
F	org.telegram.ui.TwoStepVerificationActivity	subtitleTextView	e
F	org.telegram.ui.UserInfoActivity	channel	J
F	org.telegram.ui.UsersSelectActivity	floatingButton	r
F	org.telegram.ui.UsersSelectActivity	listView	d
F	org.telegram.ui.UsersSelectActivity	searching	L
F	org.telegram.ui.UsersSelectActivity	selectedCount	w
F	org.telegram.ui.UsersSelectActivity	type	x
F	org.telegram.ui.WallpapersListActivity	listAdapter	H
F	org.telegram.ui.WallpapersListActivity	listView	G
F	org.telegram.ui.ee1	subtext	b
F	org.telegram.ui.ee1	text	a
F	org.telegram.ui.ee1	this$0	r
F	org.telegram.ui.el0	this$0	e
F	org.telegram.ui.is	chatId	M
F	org.telegram.ui.is	contacts	G
F	org.telegram.ui.is	currentChat	r
F	org.telegram.ui.is	info	s
F	org.telegram.ui.is	profiles	v1
F	org.telegram.ui.is	searching	n1
F	org.telegram.ui.h21	attached	f
F	org.telegram.ui.h21	isPlaying	r
F	org.telegram.ui.h21	t	h
F	org.telegram.ui.b	shown	a
F	org.telegram.ui.y91	avatarContainer	y
F	org.telegram.ui.y91	listView	c
F	org.telegram.ui.y91	otherItem	f
F	org.telegram.ui.ri1	this$0	f
F	org.telegram.ui.rv0	paint	a
F	org.telegram.ui.rv0	this$0	s
F	org.telegram.ui.ge1	dialogs	d
F	org.telegram.ui.dd0	contentView	a
F	org.telegram.ui.dd0	listView	b
F	org.telegram.ui.si1	fragment	a
F	org.telegram.ui.gl0	this$0	n
F	org.telegram.ui.cr	chatId	s
F	org.telegram.ui.cr	currentChat	w
F	org.telegram.ui.cr	currentUser	v
F	org.telegram.ui.cr	loading	G
F	org.telegram.ui.ke1	messages	d
F	org.telegram.ui.sg1	items	a
F	org.telegram.ui.a70	call	Z0
F	org.telegram.ui.a70	currentChat	Y0
F	org.telegram.ui.a70	parentActivity	h0
F	org.telegram.ui.tg1	recyclerView	T
F	org.telegram.ui.tg1	this$0	s0
F	org.telegram.ui.il0	this$0	d
F	org.telegram.ui.ms	resourcesProvider	a
F	org.telegram.ui.r3	adapter	c
F	org.telegram.ui.r3	type	a
F	org.telegram.ui.ug1	attached	a5
F	org.telegram.ui.ug1	closed	c5
F	org.telegram.ui.ug1	position	W4
F	org.telegram.ui.jl0	did	d
F	org.telegram.ui.jl0	story	e
F	org.telegram.ui.vv0	paint	U2
F	org.telegram.ui.d30	gradient	b
F	org.telegram.ui.d30	matrix	c
F	org.telegram.ui.d30	paint	a
F	org.telegram.ui.t4	time	e
F	org.telegram.ui.oe1	backgroundColor	Y0
F	org.telegram.ui.oe1	dialogId	I1
F	org.telegram.ui.oe1	floatingButton	o0
F	org.telegram.ui.oe1	listView	m0
F	org.telegram.ui.oe1	self	J1
F	org.telegram.ui.kk0	finished	n
F	org.telegram.ui.kk0	running	h
F	org.telegram.ui.wv0	progress	a
F	org.telegram.ui.h	colors	s
F	org.telegram.ui.h	imageView	a
F	org.telegram.ui.h	subtitleTextView	d
F	org.telegram.ui.fb1	title	j
F	org.telegram.ui.zj1	color	b
F	org.telegram.ui.zj1	path	i
F	org.telegram.ui.y6	index	f
F	org.telegram.ui.y6	size	g
F	org.telegram.ui.y6	text	e
F	org.telegram.ui.xg1	adapter	r
F	org.telegram.ui.xg1	avatarContainer	f
F	org.telegram.ui.xg1	chatId	a
F	org.telegram.ui.xg1	deleteItem	f0
F	org.telegram.ui.xg1	other	p0
F	org.telegram.ui.xg1	otherItem	l0
F	org.telegram.ui.xg1	searching	r0
F	org.telegram.ui.fo	end	c
F	org.telegram.ui.fo	message	a
F	org.telegram.ui.fo	poll	h
F	org.telegram.ui.fo	start	b
F	org.telegram.ui.fo	task	k
F	org.telegram.ui.xu	this$0	d
F	org.telegram.ui.bk1	this$0	d
F	org.telegram.ui.an	rowCount	r
F	org.telegram.ui.zu0	active	o0
F	org.telegram.ui.zu0	path	n0
F	org.telegram.ui.ex0	data	f
F	org.telegram.ui.ex0	description	b
F	org.telegram.ui.ex0	imageView	c
F	org.telegram.ui.ex0	title	a
F	org.telegram.ui.r11	alpha	F
F	org.telegram.ui.r11	animator	h
F	org.telegram.ui.t51	destroyTime	f
F	org.telegram.ui.t51	once	e
F	org.telegram.ui.b7	this$0	e
F	org.telegram.ui.i90	search	d
F	org.telegram.ui.i90	this$0	e
F	org.telegram.ui.bi1	floatingButton	b0
F	org.telegram.ui.bi1	hint	P
F	org.telegram.ui.bi1	imageView	a
F	org.telegram.ui.j30	listView	c
F	org.telegram.ui.j30	progress	n
F	org.telegram.ui.u51	progress	a
F	org.telegram.ui.z3	clipRect	D0
F	org.telegram.ui.us	alpha	h
F	org.telegram.ui.us	background	a
F	org.telegram.ui.us	icon	b
F	org.telegram.ui.us	views	c
F	org.telegram.ui.t11	adapter	f
F	org.telegram.ui.t11	animator	d
F	org.telegram.ui.t11	this$0	n
F	org.telegram.ui.a4	dialog	e
F	org.telegram.ui.j91	this$0	d
F	org.telegram.ui.d7	actionMode	b0
F	org.telegram.ui.d7	cacheSize	h
F	org.telegram.ui.d7	canceled	j0
F	org.telegram.ui.d7	collapsed	L
F	org.telegram.ui.d7	listAdapter	a
F	org.telegram.ui.d7	photoSize	y
F	org.telegram.ui.di1	paint	a
F	org.telegram.ui.cv	this$0	d
F	org.telegram.ui.hz	paint	f3
F	org.telegram.ui.v41	search	d
F	org.telegram.ui.v41	this$0	e
F	org.telegram.ui.no	dst	T
F	org.telegram.ui.no	paint	w
F	org.telegram.ui.no	this$0	U
F	org.telegram.ui.dv0	alpha	b
F	org.telegram.ui.dv0	container	d
F	org.telegram.ui.dv0	scrollView	c
F	org.telegram.ui.my0	cell	b
F	org.telegram.ui.w41	listAdapter	a
F	org.telegram.ui.w41	listView	b
F	org.telegram.ui.l60	loading	h
F	org.telegram.ui.z71	accentColor	l1
F	org.telegram.ui.z71	currentAccount	U
F	org.telegram.ui.z71	paint	W1
F	org.telegram.ui.z71	resourcesProvider	Y0
F	org.telegram.ui.z71	stickers	I0
F	org.telegram.ui.z71	type	V
F	org.telegram.ui.d4	blockItem	d
F	org.telegram.ui.d4	checked	b
F	org.telegram.ui.d4	index	j
F	org.telegram.ui.d4	parent	c
F	org.telegram.ui.sd0	id	a
F	org.telegram.ui.sd0	marker	e
F	org.telegram.ui.sd0	object	b
F	org.telegram.ui.jk1	currentMessageObject	n
F	org.telegram.ui.gn	x	E0
F	org.telegram.ui.gn	y	F0
F	org.telegram.ui.po	chatListView	w0
F	org.telegram.ui.po	chatMode	Q3
F	org.telegram.ui.po	contentView	W0
F	org.telegram.ui.po	currentChat	e
F	org.telegram.ui.po	currentUser	f
F	org.telegram.ui.po	dialog_id	S5
F	org.telegram.ui.po	headerItem	g0
F	org.telegram.ui.po	loading	F6
F	org.telegram.ui.po	maxDate	z6
F	org.telegram.ui.po	messages	t6
F	org.telegram.ui.po	minDate	A6
F	org.telegram.ui.po	polls	v6
F	org.telegram.ui.po	reversed	Oa
F	org.telegram.ui.po	selectedMessagesIds	V5
F	org.telegram.ui.po	selectedObject	c5
F	org.telegram.ui.po	themeDelegate	da
F	org.telegram.ui.kz	listView	a
F	org.telegram.ui.x21	this$0	d
F	org.telegram.ui.e4	items	b
F	org.telegram.ui.e4	level	f
F	org.telegram.ui.xe	actionBar	k1
F	org.telegram.ui.xe	currentAccount	x0
F	org.telegram.ui.xe	dialogId	y0
F	org.telegram.ui.xe	instance	w1
F	org.telegram.ui.xe	listView	Z0
F	org.telegram.ui.xe	progress	b1
F	org.telegram.ui.wi0	isVoice	h
F	org.telegram.ui.wi0	users	c
F	org.telegram.ui.hn	chatActivity	w0
F	org.telegram.ui.lz	animateToHasStories	L
F	org.telegram.ui.lz	delegate	B2
F	org.telegram.ui.lz	dialogStoriesCell	D0
F	org.telegram.ui.lz	dialogStoriesCellVisible	F0
F	org.telegram.ui.lz	downloadsItem	f0
F	org.telegram.ui.lz	downloadsItemVisible	h0
F	org.telegram.ui.lz	floatingButton3	s0
F	org.telegram.ui.lz	floatingButtonStories	t0
F	org.telegram.ui.lz	hasOnlySlefStories	K
F	org.telegram.ui.lz	hasStories	J
F	org.telegram.ui.lz	progressToDialogStoriesCell	G0
F	org.telegram.ui.lz	scrollAdditionalOffset	w3
F	org.telegram.ui.lz	scrollYOffset	M
F	org.telegram.ui.lz	searching	i2
F	org.telegram.ui.lz	selectedDialogs	H2
F	org.telegram.ui.lz	storiesVisibilityAnimator	H
F	org.telegram.ui.lz	viewPages	d0
F	org.telegram.ui.y21	color	r
F	org.telegram.ui.y21	textView	a
F	org.telegram.ui.y21	this$0	s
F	org.telegram.ui.f4	blockItem	d
F	org.telegram.ui.f4	checked	b
F	org.telegram.ui.f4	index	j
F	org.telegram.ui.f4	parent	c
F	org.telegram.ui.m9	calls	c
F	org.telegram.ui.m9	type	d
F	org.telegram.ui.m9	users	b
F	org.telegram.ui.m9	video	e
F	org.telegram.ui.so	alpha	c
F	org.telegram.ui.hq0	tabs	K
F	org.telegram.ui.hq0	this$0	o0
F	org.telegram.ui.hq0	type	l0
F	org.telegram.ui.z11	path	d
F	org.telegram.ui.f3	x	s
F	org.telegram.ui.f3	y	v
F	org.telegram.ui.d71	textView	a
F	org.telegram.ui.g4	items	a
F	org.telegram.ui.g4	level	e
F	org.telegram.ui.n9	imageView	d
F	org.telegram.ui.vd0	this$0	b
F	org.telegram.ui.vd0	views	a
F	org.telegram.ui.vh0	dialogsActivity	I
F	org.telegram.ui.vh0	tabs	J
F	org.telegram.ui.vh0	tabsView	E
F	org.telegram.ui.iq0	emoji	i
F	org.telegram.ui.iq0	radius	a
F	org.telegram.ui.fu	currentAccount	r
F	org.telegram.ui.fu	parentActivity	w
F	org.telegram.ui.fu	parentObject	b0
F	org.telegram.ui.fu	resourcesProvider	c0
F	org.telegram.ui.a21	fragment	e
F	org.telegram.ui.vc0	activity	a
F	org.telegram.ui.vc0	currentAccount	b
F	org.telegram.ui.vc0	progress	c
F	org.telegram.ui.jq0	bounds	p
F	org.telegram.ui.jq0	id	o
F	org.telegram.ui.kv0	left	b
F	org.telegram.ui.kv0	paint	c
F	org.telegram.ui.kv0	right	h
F	org.telegram.ui.kv0	shown	r
F	org.telegram.ui.b21	alpha	d
F	org.telegram.ui.vg1	this$0	c3
F	org.telegram.ui.kq0	buttons	f
F	org.telegram.ui.kq0	currentAccount	d
F	org.telegram.ui.kq0	order	h
F	org.telegram.ui.kq0	resourcesProvider	a
F	org.telegram.ui.kq0	type	c
F	org.telegram.ui.lv0	parent	i
F	org.telegram.ui.lv0	scale	o
F	org.telegram.ui.lv0	size	j
F	org.telegram.ui.d1	TAG	I
F	org.telegram.ui.d1	buttonState	G
F	org.telegram.ui.d1	currentMessageObject	L
F	org.telegram.ui.u70	contacts	r
F	org.telegram.ui.u70	context	c
F	org.telegram.ui.u70	searching	n
F	org.telegram.ui.q9	calls	F
F	org.telegram.ui.q9	listView	d
F	org.telegram.ui.q9	loading	G
F	org.telegram.ui.q9	otherItem	E
F	org.telegram.ui.q9	selectedIds	K
F	org.telegram.ui.yd0	dialogId	d0
F	org.telegram.ui.yd0	listView	T
F	org.telegram.ui.yd0	map	H
F	org.telegram.ui.yd0	markers	f0
F	org.telegram.ui.yd0	messageObject	A0
F	org.telegram.ui.yd0	otherItem	Y
F	org.telegram.ui.yd0	searching	q0
F	org.telegram.ui.nj1	activity	b
F	org.telegram.ui.nj1	currentAccount	a
F	org.telegram.ui.nj1	instance	m1
F	org.telegram.ui.web.BotWebViewContainer$WebViewProxy	container	a
F	org.telegram.ui.web.d1	currentAccount	L
F	org.telegram.ui.web.d1	parentActivity	V
F	org.telegram.ui.web.d1	resourcesProvider	e
F	org.telegram.ui.web.i2	url	b
F	org.telegram.ui.web.p1	name	a
F	org.telegram.ui.web.z0	tag	a
F	org.telegram.ui.d21	emoji	H
F	org.telegram.ui.d21	paint	b
F	org.telegram.ui.l4	padding	G
F	org.telegram.ui.l4	this$0	K
F	org.telegram.ui.l5	currentAccount	L
F	org.telegram.ui.nh1	this$0	d
F	org.telegram.ui.tx0	this$0	n
F	org.telegram.ui.e21	callbacks	h
F	org.telegram.ui.e21	currentAccount	a
F	org.telegram.ui.e21	loaded	b
F	org.telegram.ui.e21	views	j
F	org.telegram.ui.t20	filter	d
F	org.telegram.ui.t20	text	c
F	org.telegram.ui.i71	attached	G
F	org.telegram.ui.i71	document	d
F	org.telegram.ui.i71	drawable	D
F	org.telegram.ui.i71	empty	a
F	org.telegram.ui.i71	reaction	x
F	org.telegram.ui.i71	selected	K
F	org.telegram.ui.i71	this$0	U
F	org.telegram.ui.w70	adapter	v
F	org.telegram.ui.w70	channelId	G
F	org.telegram.ui.w70	chatId	F
F	org.telegram.ui.w70	floatingButton	y
F	org.telegram.ui.w70	listView	n
F	org.telegram.ui.w70	searching	S
F	org.telegram.ui.yc1	first	d
F	org.telegram.ui.mg1	this$0	d
F	org.telegram.ui.nq0	backButton	I
F	org.telegram.ui.nq0	tabsView	L
F	org.telegram.ui.ux0	description	d
F	org.telegram.ui.ux0	icon	b
F	org.telegram.ui.ux0	title	c
F	org.telegram.ui.ux0	type	a
F	org.telegram.ui.n4	currentAccount	W
F	org.telegram.ui.n4	pages	t0
F	org.telegram.ui.n4	parentActivity	K
F	org.telegram.ui.n4	parentFragment	L
F	org.telegram.ui.de1	background	F
F	org.telegram.ui.dl0	checked	i
F	org.telegram.ui.dl0	color	h
F	org.telegram.ui.dl0	exception	g
F	org.telegram.ui.dl0	id	c
F	org.telegram.ui.dl0	text	e
F	org.telegram.ui.hs	this$0	y
F	org.telegram.ui.pv0	dialogId	f
F	org.telegram.ui.pv0	parentView	d
F	org.telegram.ui.pv0	scale	k
F	org.telegram.ui.pv0	size	g
F	org.telegram.ui.v20	this$0	e
F	mg.b	alpha	i
F	mg.b	left	g
F	mg.b	top	h
F	ng.j	instance	n
F	ng.r	editor	M
F	ng.r	mEditor	N
F	ng.r	resourcesProvider	v
F	of.a	chats	f
F	of.a	measuredHeight	k
F	of.a	measuredWidth	l
F	of.a	messageObject	T
F	of.a	parentView	c
F	of.c	measuredHeight	l
F	of.c	measuredWidth	m
F	of.c	messageObject	M
F	of.c	users	g
F	og.e	currentAccount	c
F	og.e	currentChat	b
F	og.e	delegate	m
F	og.e	fragment	a
F	og.e	root	d
F	pg.f1	gradient	j
F	pg.f1	r	s
F	pg.f1	resourcesProvider	b
F	pg.f1	selected	p
F	pg.m0	bubble	a
F	pg.m0	message	m
F	pg.m0	parentView	r
F	pg.m	dialogId	a
F	pg.m	message	c
F	te.a	bitmap	b
F	te.a	mode	a
F	te.c	matrix	b
F	qg.a	currentAccount	a
F	qg.a	resourcesProvider	b
F	qg.f0	mode	d
F	qg.g0	bounds	l
F	qg.g0	color	d
F	qg.g0	document	b
F	qg.g0	id	a
F	qg.h0	active	d
F	qg.h0	avatarContainer	c
F	qg.h0	currentAccount	a
F	qg.h0	dialogId	b
F	qg.p8	start	f
F	qg.p8	x	a
F	qg.p8	y	b
F	qg.q8	b	d
F	qg.q8	bounds	c
F	qg.q8	type	a
F	qg.j	avatarContainer	d
F	qg.j	listView	e
F	qg.j	self	c
F	qg.j	type	a
F	qg.r5	currentAccount	a
F	qg.r5	dialogId	b
F	qg.r5	loading	i
F	qg.r5	shown	o
F	qg.t7	adapter	d0
F	qg.t7	expanded	e0
F	qg.t5	did	a
F	qg.t5	mid	b
F	qg.o	count	c
F	qg.o	currentAccount	a
F	qg.o	dialogId	b
F	qg.o	error	h
F	qg.o	loading	g
F	qg.p	count	c
F	qg.p	currentAccount	a
F	qg.p	dialogId	b
F	qg.p	error	i
F	qg.p	loading	h
F	qg.r	currentAccount	a
F	qg.y5	message	a
F	qg.y5	messageObject	b
F	qg.y5	peer	n
F	qg.y5	this$0	q
F	qg.z5	currentAccount	a
F	qg.z5	loading	t
F	qg.z5	offset	s
F	qg.b8	context	a
F	qg.b8	currentAccount	b
F	qg.b8	items	g
F	qg.b8	resourcesProvider	e
F	qg.c8	adapter	c
F	qg.c8	currentAccount	a
F	qg.u	imageView	a
F	qg.e4	action	N
F	qg.e4	attached	P
F	qg.e4	buttonText	C
F	qg.e4	currentAccount	a
F	qg.e4	currentMessageObject	O
F	qg.e4	height	M
F	qg.e4	matrix	i
F	qg.e4	model	m
F	qg.e4	pattern	l
F	qg.e4	resourcesProvider	c
F	qg.e4	subtitle	t
F	qg.e4	table	w
F	qg.e4	title	r
F	qg.e4	view	b
F	qg.e4	width	L
F	qg.g4	cell	b
F	qg.g4	chatActivity	a
F	qg.g4	effects	I
F	qg.g4	hidden	H
F	qg.g4	messageId	c
F	qg.g4	pos	d
F	u4.c	object	a
F	u4.c	offset	e
F	u4.c	position	b
F	rf.b0	type	y
F	rf.d	parentView	d
F	rf.n0	attached	e0
F	rf.n0	backgroundColor	J
F	rf.n0	count	w
F	rf.n0	height	B
F	rf.n0	parentView	W
F	rf.n0	reaction	r
F	rf.n0	top	z
F	rf.n0	width	A
F	rf.p0	hash	h
F	rf.p0	premium	d
F	rf.p0	sticker	e
F	rf.q0	attached	G
F	rf.q0	currentAccount	n
F	rf.q0	height	o
F	rf.q0	isEmpty	s
F	rf.q0	messageObject	A
F	rf.q0	resourcesProvider	B
F	rf.q0	tags	M
F	rf.q0	width	q
F	rf.q0	x	c
F	rf.q0	y	d
F	rf.t	parentFragment	a
F	rf.t	pos	y
F	rf.t	selectedMessages	c
F	rg.a	file	a
F	rg.a	type	d
F	rg.b	documents	e
F	rg.b	media	d
F	rg.b	selectedDialogs	l
F	rg.b	selectedFiles	j
F	rg.b	stories	h
F	rg.b	voice	g
F	sf.a	parent	e
F	sf.a	source	a
F	sf.b	alpha	q
F	sf.b	drawable	b
F	sf.b	matrix	c
F	sf.c	scaleX	e
F	sf.c	scaleY	f
F	sf.c	this$0	j
F	sf.d	position	d
F	sf.i	alpha	d
F	sf.i	padding	f
F	sf.i	radius	k
F	sf.k	listView	c
F	sg.l3	index	c
F	sg.l3	live	l
F	sg.l3	read	d
F	sg.l3	scale	e
F	sg.n4	storyItems	E
F	sg.n5	canceled	v
F	sg.n5	dialogId	I
F	sg.n5	edit	b
F	sg.n5	failed	H
F	sg.n5	isVideo	s
F	sg.n5	messageObject	D
F	sg.n5	path	e
F	sg.n5	progress	h
F	sg.o5	currentAccount	a
F	sg.o5	state	o
F	sg.y7	this$0	b
F	sg.z7	currentAccount	h
F	sg.z7	fragment	f
F	sg.z7	storiesList	N0
F	sg.y3	reaction	c
F	sg.y3	view	b
F	sg.y4	list	a
F	sg.a6	currentAccount	a
F	sg.a6	storage	b
F	sg.c4	items	c
F	sg.a1	call	v
F	sg.a1	context	d
F	sg.a1	currentAccount	e
F	sg.a1	dialogId	b
F	sg.a1	instance	D
F	sg.a1	recording	V
F	sg.f4	currentAccount	d
F	sg.f4	loading	e
F	sg.f4	offset	n
F	sg.f4	reactions	i
F	sg.f4	state	s
F	sg.f4	views	g
F	sg.g4	currentAccount	v
F	sg.g4	dialogId	V
F	sg.g4	listAdapter	w
F	sg.h5	currentAccount	c
F	sg.h5	dialogId	d
F	sg.h5	loading	u
F	sg.h5	type	e
F	sg.j3	count	z1
F	sg.j3	currentAccount	B2
F	sg.j3	day	y1
F	sg.j3	delegate	P1
F	sg.j3	dialogId	A1
F	sg.j3	isActive	J1
F	sg.j3	storyItems	u1
F	sg.i4	this$0	w0
F	w1.l0	entries	a
F	w1.l	data	e
F	w1.l	hashCode	a
F	w1.l	mimeType	d
F	w1.m	hashCode	b
F	w1.p	hashCode	T
F	w1.p	id	a
F	w1.p	label	b
F	w1.p	language	d
F	w1.p	metadata	l
F	org.telegram.tgnet.tl.TL_account$TL_businessWorkHours	flags	flags
F	org.telegram.tgnet.tl.TL_account$TL_webBrowserSettings	flags	flags
F	org.telegram.tgnet.tl.TL_account$TL_webBrowserSettings	hash	hash
F	org.telegram.tgnet.tl.TL_account$inputPasskeyResponseLogin	signature	signature
F	org.telegram.tgnet.tl.TL_iv$TL_inputRichMessage	documents	documents
F	org.telegram.tgnet.tl.TL_iv$TL_inputRichMessage	flags	flags
F	org.telegram.tgnet.tl.TL_iv$TL_inputRichMessage	users	users
F	org.telegram.tgnet.tl.TL_iv$pageBlockCover	cover	cover
F	org.telegram.tgnet.tl.TL_iv$pageBlockPreformatted	language	language
F	org.telegram.tgnet.tl.TL_phone$getGroupCall	call	call
F	org.telegram.tgnet.tl.TL_phone$getGroupCall	source	limit
F	org.telegram.tgnet.tl.TL_stars$TL_starsTopupOption	amount	amount
F	org.telegram.tgnet.tl.TL_stars$TL_starsTopupOption	flags	flags
F	org.telegram.tgnet.tl.TL_update$TL_updateGroupCallChainBlocks	call	call
F	org.telegram.tgnet.tl.TL_update$TL_updateTranscribedAudio	flags	flags
F	org.telegram.tgnet.tl.TL_update$TL_updateTranscribedAudio	peer	peer
F	org.telegram.tgnet.tl.TL_update$TL_updateTranscribedAudio	pending	pending
F	org.telegram.tgnet.tl.TL_update$TL_updateTranscribedAudio	text	text
F	org.telegram.tgnet.tl.TL_account$updateTheme	flags	flags
F	org.telegram.tgnet.tl.TL_account$updateTheme	format	format
F	org.telegram.tgnet.tl.TL_account$updateTheme	settings	settings
F	org.telegram.tgnet.tl.TL_account$updateTheme	title	title
F	org.telegram.tgnet.tl.TL_bots$TL_updateBotMenuButton	button	button
F	org.telegram.tgnet.tl.TL_communities$TL_communities_toggleAllPeerLinkRequestApproval	collapsed	reject
F	org.telegram.tgnet.tl.TL_communities$TL_communities_toggleAllPeerLinkRequestApproval	flags	flags
F	org.telegram.tgnet.tl.TL_iv$pageBlockDetails	flags	flags
F	org.telegram.tgnet.tl.TL_iv$pageBlockDetails	open	open
F	org.telegram.tgnet.tl.TL_iv$pageBlockDetails	title	title
F	org.telegram.tgnet.tl.TL_iv$pageBlockPullquote	caption	caption
F	org.telegram.tgnet.tl.TL_iv$textDate	date	date
F	org.telegram.tgnet.tl.TL_iv$textDate	flags	flags
F	org.telegram.tgnet.tl.TL_keyboard$KeyboardButtonStyle	flags	flags
F	org.telegram.tgnet.tl.TL_keyboard$KeyboardButtonStyle	icon	icon
F	org.telegram.tgnet.tl.TL_payments$TL_sendStarGiftOffer	flags	flags
F	org.telegram.tgnet.tl.TL_payments$TL_sendStarGiftOffer	peer	peer
F	org.telegram.tgnet.tl.TL_phone$getGroupCallChainBlocks	call	call
F	org.telegram.tgnet.tl.TL_phone$getGroupCallChainBlocks	limit	limit
F	org.telegram.tgnet.tl.TL_phone$getGroupCallChainBlocks	offset	offset
F	org.telegram.tgnet.tl.TL_stats$TL_statsGraphError	error	error
F	org.telegram.tgnet.tl.TL_stories$TL_stories_report	id	id
F	org.telegram.tgnet.tl.TL_update$TL_updateDeleteChannelMessages	channel_id	channel_id
F	org.telegram.tgnet.tl.TL_update$TL_updateDeleteChannelMessages	messages	messages
F	org.telegram.tgnet.tl.TL_update$TL_updateGroupCallConnection	flags	flags
F	org.telegram.tgnet.tl.TL_update$TL_updateGroupCallConnection	params	params
F	org.telegram.tgnet.tl.TL_update$TL_updateNewStoryReaction	peer	peer
F	org.telegram.tgnet.tl.TL_update$TL_updateNewStoryReaction	reaction	reaction
F	org.telegram.tgnet.tl.TL_update$TL_updateUser	user_id	user_id
F	org.telegram.tgnet.tl.TL_account$TL_connectedBot	date	date
F	org.telegram.tgnet.tl.TL_account$TL_connectedBot	device	device
F	org.telegram.tgnet.tl.TL_account$TL_connectedBot	flags	flags
F	org.telegram.tgnet.tl.TL_account$TL_connectedBot	location	location
F	org.telegram.tgnet.tl.TL_account$updateUsername	username	username
F	org.telegram.tgnet.tl.TL_iv$pageBlockRelatedArticles	title	title
F	org.telegram.tgnet.tl.TL_iv$textDiff	text	text
F	org.telegram.tgnet.tl.TL_keyboard$KeyboardInlineButton	flags	flags
F	org.telegram.tgnet.tl.TL_keyboard$KeyboardInlineButton	style	style
F	org.telegram.tgnet.tl.TL_keyboard$KeyboardInlineButton	text	text
F	org.telegram.tgnet.tl.TL_keyboard$KeyboardInlineButton	type	type
F	org.telegram.tgnet.tl.TL_payments$TL_starGiftActiveAuctions	chats	chats
F	org.telegram.tgnet.tl.TL_payments$TL_starGiftActiveAuctions	users	users
F	org.telegram.tgnet.tl.TL_phone$getGroupParticipants	call	call
F	org.telegram.tgnet.tl.TL_phone$getGroupParticipants	ids	ids
F	org.telegram.tgnet.tl.TL_phone$getGroupParticipants	limit	limit
F	org.telegram.tgnet.tl.TL_phone$getGroupParticipants	offset	offset
F	org.telegram.tgnet.tl.TL_phone$getGroupParticipants	sources	sources
F	org.telegram.tgnet.tl.TL_stats$TL_statsGroupTopAdmin	deleted	deleted
F	org.telegram.tgnet.tl.TL_stats$TL_statsGroupTopAdmin	user_id	user_id
F	org.telegram.tgnet.tl.TL_stories$TL_stories_searchPosts	area	area
F	org.telegram.tgnet.tl.TL_stories$TL_stories_searchPosts	flags	flags
F	org.telegram.tgnet.tl.TL_stories$TL_stories_searchPosts	limit	limit
F	org.telegram.tgnet.tl.TL_stories$TL_stories_searchPosts	offset	offset
F	org.telegram.tgnet.tl.TL_stories$TL_stories_searchPosts	peer	peer
F	org.telegram.tgnet.tl.TL_update$TL_updateDeleteEphemeralMessages	ids	ids
F	org.telegram.tgnet.tl.TL_update$TL_updateDeleteEphemeralMessages	peer	peer
F	org.telegram.tgnet.tl.TL_update$TL_updateGroupCallEncryptedMessage	call	call
F	org.telegram.tgnet.tl.TL_update$TL_updateGroupCallEncryptedMessage	from_id	from_id
F	org.telegram.tgnet.tl.TL_update$TL_updateNotifySettings	peer	peer
F	org.telegram.tgnet.tl.TL_update$TL_updateReadHistoryInbox	flags	flags
F	org.telegram.tgnet.tl.TL_update$TL_updateReadHistoryInbox	max_id	max_id
F	org.telegram.tgnet.tl.TL_update$TL_updateReadHistoryInbox	peer	peer
F	org.telegram.tgnet.tl.TL_update$TL_updateUserEmojiStatus	user_id	user_id
F	org.telegram.tgnet.tl.TL_account$EmojiStatuses	hash	hash
F	org.telegram.tgnet.tl.TL_account$Tl_chatThemes	chats	chats
F	org.telegram.tgnet.tl.TL_account$Tl_chatThemes	flags	flags
F	org.telegram.tgnet.tl.TL_account$Tl_chatThemes	hash	hash
F	org.telegram.tgnet.tl.TL_account$Tl_chatThemes	users	users
F	org.telegram.tgnet.tl.TL_account$passkeyLoginOptions	options	options
F	org.telegram.tgnet.tl.TL_bots$botPreviewMedia	date	date
F	org.telegram.tgnet.tl.TL_bots$botPreviewMedia	media	media
F	org.telegram.tgnet.tl.TL_communities$TL_communities_togglePeerLink	deleted	deleted
F	org.telegram.tgnet.tl.TL_communities$TL_communities_togglePeerLink	flags	flags
F	org.telegram.tgnet.tl.TL_communities$TL_communities_togglePeerLink	hidden	hidden
F	org.telegram.tgnet.tl.TL_communities$TL_communities_togglePeerLink	peer	peer
F	org.telegram.tgnet.tl.TL_communities$TL_communities_togglePeerLink	visible	visible
F	org.telegram.tgnet.tl.TL_iv$pageBlockSlideshow	items	items
F	org.telegram.tgnet.tl.TL_keyboard$PageButton	flags	flags
F	org.telegram.tgnet.tl.TL_keyboard$PageButton	style	style
F	org.telegram.tgnet.tl.TL_keyboard$PageButton	text	text
F	org.telegram.tgnet.tl.TL_keyboard$PageButton	type	type
F	org.telegram.tgnet.tl.TL_phone$groupCall	call	call
F	org.telegram.tgnet.tl.TL_phone$groupCall	chats	chats
F	org.telegram.tgnet.tl.TL_phone$groupCall	users	users
F	org.telegram.tgnet.tl.TL_stars$starGiftAttributeModel	document	document
F	org.telegram.tgnet.tl.TL_stats$TL_statsGroupTopInviter	user_id	user_id
F	org.telegram.tgnet.tl.TL_stories$TL_stories_sendStory	caption	caption
F	org.telegram.tgnet.tl.TL_stories$TL_stories_sendStory	flags	flags
F	org.telegram.tgnet.tl.TL_stories$TL_stories_sendStory	media	media
F	org.telegram.tgnet.tl.TL_stories$TL_stories_sendStory	peer	peer
F	org.telegram.tgnet.tl.TL_stories$TL_stories_sendStory	pinned	pinned
F	org.telegram.tgnet.tl.TL_update$TL_updateBotCommands	commands	commands
F	org.telegram.tgnet.tl.TL_update$TL_updateBotCommands	peer	peer
F	org.telegram.tgnet.tl.TL_update$TL_updateDeleteGroupCallMessages	call	call
F	org.telegram.tgnet.tl.TL_update$TL_updateDeleteGroupCallMessages	messages	messages
F	org.telegram.tgnet.tl.TL_update$TL_updateGroupCallMessage	call	call
F	org.telegram.tgnet.tl.TL_update$TL_updateGroupCallMessage	message	message
F	org.telegram.tgnet.tl.TL_update$TL_updateReadHistoryOutbox	max_id	max_id
F	org.telegram.tgnet.tl.TL_update$TL_updateReadHistoryOutbox	peer	peer
F	org.telegram.tgnet.tl.TL_update$TL_updateUserName	first_name	first_name
F	org.telegram.tgnet.tl.TL_update$TL_updateUserName	last_name	last_name
F	org.telegram.tgnet.tl.TL_update$TL_updateUserName	user_id	user_id
F	org.telegram.tgnet.tl.TL_account$passkeyRegistrationOptions	options	options
F	org.telegram.tgnet.tl.TL_bots$botVerification	description	description
F	org.telegram.tgnet.tl.TL_bots$botVerification	icon	icon
F	org.telegram.tgnet.tl.TL_ephemeral$EphemeralMessage	date	date
F	org.telegram.tgnet.tl.TL_ephemeral$EphemeralMessage	flags	flags
F	org.telegram.tgnet.tl.TL_ephemeral$EphemeralMessage	from_id	from_id
F	org.telegram.tgnet.tl.TL_ephemeral$EphemeralMessage	id	id
F	org.telegram.tgnet.tl.TL_ephemeral$EphemeralMessage	media	media
F	org.telegram.tgnet.tl.TL_ephemeral$EphemeralMessage	message	message
F	org.telegram.tgnet.tl.TL_ephemeral$EphemeralMessage	out	out
F	org.telegram.tgnet.tl.TL_ephemeral$EphemeralMessage	peer_id	peer_id
F	org.telegram.tgnet.tl.TL_ephemeral$EphemeralMessage	reply_markup	reply_markup
F	org.telegram.tgnet.tl.TL_iv$pageBlockEmbed	flags	flags
F	org.telegram.tgnet.tl.TL_iv$pageBlockEmbed	h	h
F	org.telegram.tgnet.tl.TL_iv$pageBlockEmbed	url	url
F	org.telegram.tgnet.tl.TL_iv$pageBlockEmbed	w	w
F	org.telegram.tgnet.tl.TL_keyboard$RichButtonStyle	flags	flags
F	org.telegram.tgnet.tl.TL_keyboard$RichButtonStyle	link	link
F	org.telegram.tgnet.tl.TL_payments$connectedBotStarRef	date	date
F	org.telegram.tgnet.tl.TL_payments$connectedBotStarRef	flags	flags
F	org.telegram.tgnet.tl.TL_payments$connectedBotStarRef	url	url
F	org.telegram.tgnet.tl.TL_phone$groupCallDonor	flags	flags
F	org.telegram.tgnet.tl.TL_phone$groupCallDonor	my	my
F	org.telegram.tgnet.tl.TL_phone$groupCallDonor	peer_id	peer_id
F	org.telegram.tgnet.tl.TL_phone$groupCallDonor	top	top
F	org.telegram.tgnet.tl.TL_stars$StarGiftUpgradePrice	date	date
F	org.telegram.tgnet.tl.TL_stats$TL_statsGroupTopPoster	messages	messages
F	org.telegram.tgnet.tl.TL_stats$TL_statsGroupTopPoster	user_id	user_id
F	org.telegram.tgnet.tl.TL_stories$TL_stories_stories	chats	chats
F	org.telegram.tgnet.tl.TL_stories$TL_stories_stories	count	count
F	org.telegram.tgnet.tl.TL_stories$TL_stories_stories	flags	flags
F	org.telegram.tgnet.tl.TL_stories$TL_stories_stories	stories	stories
F	org.telegram.tgnet.tl.TL_stories$TL_stories_stories	users	users
F	org.telegram.tgnet.tl.TL_update$TL_updateBotPurchasedPaidMedia	payload	payload
F	org.telegram.tgnet.tl.TL_update$TL_updateBotPurchasedPaidMedia	user_id	user_id
F	org.telegram.tgnet.tl.TL_update$TL_updateDeleteMessages	messages	messages
F	org.telegram.tgnet.tl.TL_update$TL_updateGroupCallParticipants	call	call
F	org.telegram.tgnet.tl.TL_update$TL_updateGroupCallParticipants	version	version
F	org.telegram.tgnet.tl.TL_update$TL_updatePaidReactionPrivacy	privacy	privacy
F	org.telegram.tgnet.tl.TL_update$TL_updateReadMessagesContents	date	date
F	org.telegram.tgnet.tl.TL_update$TL_updateReadMessagesContents	flags	flags
F	org.telegram.tgnet.tl.TL_update$TL_updateReadMessagesContents	messages	messages
F	org.telegram.tgnet.tl.TL_update$TL_updateUserPhone	phone	phone
F	org.telegram.tgnet.tl.TL_update$TL_updateUserPhone	user_id	user_id
F	org.telegram.tgnet.tl.TL_account$Passkey	date	date
F	org.telegram.tgnet.tl.TL_account$Passkey	flags	flags
F	org.telegram.tgnet.tl.TL_account$Passkey	id	id
F	org.telegram.tgnet.tl.TL_account$Passkey	name	name
F	org.telegram.tgnet.tl.TL_account$passwordInputSettings	flags	flags
F	org.telegram.tgnet.tl.TL_account$passwordInputSettings	hint	hint
F	org.telegram.tgnet.tl.TL_account$webAuthorizations	users	users
F	org.telegram.tgnet.tl.TL_bots$botVerifierSettings	flags	flags
F	org.telegram.tgnet.tl.TL_bots$botVerifierSettings	icon	icon
F	org.telegram.tgnet.tl.TL_ephemeral$TL_editMessage	flags	flags
F	org.telegram.tgnet.tl.TL_iv$TL_pageListItemText	text	text
F	org.telegram.tgnet.tl.TL_iv$pageBlockEmbedPost	date	date
F	org.telegram.tgnet.tl.TL_iv$pageBlockEmbedPost	url	url
F	org.telegram.tgnet.tl.TL_payments$connectedStarRefBots	count	count
F	org.telegram.tgnet.tl.TL_payments$connectedStarRefBots	users	users
F	org.telegram.tgnet.tl.TL_phone$groupCallStars	chats	chats
F	org.telegram.tgnet.tl.TL_phone$groupCallStars	users	users
F	org.telegram.tgnet.tl.TL_stars$TL_starGiftAuctionState	version	version
F	org.telegram.tgnet.tl.TL_stars$starGiftAttributeOriginalDetails	date	date
F	org.telegram.tgnet.tl.TL_stars$starGiftAttributeOriginalDetails	flags	flags
F	org.telegram.tgnet.tl.TL_stars$starGiftAttributeOriginalDetails	message	message
F	org.telegram.tgnet.tl.TL_stars$starGiftAttributeOriginalDetails	sender_id	sender_id
F	org.telegram.tgnet.tl.TL_stats$TL_statsPercentValue	part	part
F	org.telegram.tgnet.tl.TL_stats$TL_statsPercentValue	total	total
F	org.telegram.tgnet.tl.TL_stories$TL_mediaAreaUrl	url	url
F	org.telegram.tgnet.tl.TL_update$TL_updateBotSubscriptionExpire	payload	payload
F	org.telegram.tgnet.tl.TL_update$TL_updateBotSubscriptionExpire	user_id	user_id
F	org.telegram.tgnet.tl.TL_update$TL_updatePeerBlocked	blocked	blocked
F	org.telegram.tgnet.tl.TL_update$TL_updatePeerBlocked	flags	flags
F	org.telegram.tgnet.tl.TL_update$TL_updatePeerBlocked	peer_id	peer_id
F	org.telegram.tgnet.tl.TL_update$TL_updateReadMonoForumInbox	channel_id	channel_id
F	org.telegram.tgnet.tl.TL_update$TL_updateUserPhoto	date	date
F	org.telegram.tgnet.tl.TL_update$TL_updateUserPhoto	photo	photo
F	org.telegram.tgnet.tl.TL_update$TL_updateUserPhoto	previous	previous
F	org.telegram.tgnet.tl.TL_update$TL_updateUserPhoto	user_id	user_id
F	org.telegram.tgnet.tl.TL_account$passwordSettings	flags	flags
F	org.telegram.tgnet.tl.TL_account$webPagePreview	chats	chats
F	org.telegram.tgnet.tl.TL_account$webPagePreview	media	media
F	org.telegram.tgnet.tl.TL_account$webPagePreview	users	users
F	org.telegram.tgnet.tl.TL_bots$createBot	flags	flags
F	org.telegram.tgnet.tl.TL_bots$createBot	name	name
F	org.telegram.tgnet.tl.TL_bots$createBot	username	username
F	org.telegram.tgnet.tl.TL_payments$getConnectedStarRefBots	flags	flags
F	org.telegram.tgnet.tl.TL_payments$getConnectedStarRefBots	limit	limit
F	org.telegram.tgnet.tl.TL_payments$getConnectedStarRefBots	offset_date	offset_date
F	org.telegram.tgnet.tl.TL_payments$getConnectedStarRefBots	peer	peer
F	org.telegram.tgnet.tl.TL_stars$StarsAmount	amount	amount
F	org.telegram.tgnet.tl.TL_stars$TL_starGiftAuctionStateFinished	flags	flags
F	org.telegram.tgnet.tl.TL_stories$TL_mediaAreaVenue	address	address
F	org.telegram.tgnet.tl.TL_stories$TL_mediaAreaVenue	provider	provider
F	org.telegram.tgnet.tl.TL_stories$TL_mediaAreaVenue	title	title
F	org.telegram.tgnet.tl.TL_stories$TL_stories_storyViews	users	users
F	org.telegram.tgnet.tl.TL_stories$TL_stories_storyViews	views	views
F	org.telegram.tgnet.tl.TL_update$TL_updateChannel	channel_id	channel_id
F	org.telegram.tgnet.tl.TL_update$TL_updateDeleteQuickReplyMessages	messages	messages
F	org.telegram.tgnet.tl.TL_update$TL_updateJoinChatWebViewDecision	peer	peer
F	org.telegram.tgnet.tl.TL_update$TL_updateJoinChatWebViewDecision	result	result
F	org.telegram.tgnet.tl.TL_update$TL_updatePeerHistoryTTL	flags	flags
F	org.telegram.tgnet.tl.TL_update$TL_updatePeerHistoryTTL	peer	peer
F	org.telegram.tgnet.tl.TL_update$TL_updateReadMonoForumOutbox	channel_id	channel_id
F	org.telegram.tgnet.tl.TL_update$TL_updateUserStatus	status	status
F	org.telegram.tgnet.tl.TL_update$TL_updateUserStatus	user_id	user_id
F	org.telegram.tgnet.tl.TL_account$Password	flags	flags
F	org.telegram.tgnet.tl.TL_account$Password	hint	hint
F	org.telegram.tgnet.tl.TL_account$WebDomainException	flags	flags
F	org.telegram.tgnet.tl.TL_account$WebDomainException	title	title
F	org.telegram.tgnet.tl.TL_account$WebDomainException	url	url
F	org.telegram.tgnet.tl.TL_account$privacyRules	chats	chats
F	org.telegram.tgnet.tl.TL_account$privacyRules	rules	rules
F	org.telegram.tgnet.tl.TL_account$privacyRules	users	users
F	org.telegram.tgnet.tl.TL_aicompose$AiComposeTone	title	title
F	org.telegram.tgnet.tl.TL_bots$reorderPreviewMedias	order	order
F	org.telegram.tgnet.tl.TL_iv$pageBlockTable	flags	flags
F	org.telegram.tgnet.tl.TL_iv$pageBlockTable	rows	rows
F	org.telegram.tgnet.tl.TL_iv$pageBlockTable	title	title
F	org.telegram.tgnet.tl.TL_iv$textImage	h	h
F	org.telegram.tgnet.tl.TL_iv$textImage	w	w
F	org.telegram.tgnet.tl.TL_keyboard$TL_buttonTypeRequestPeer	flags	flags
F	org.telegram.tgnet.tl.TL_payments$starRefProgram	flags	flags
F	org.telegram.tgnet.tl.TL_stars$StarsTransaction	amount	amount
F	org.telegram.tgnet.tl.TL_stars$StarsTransaction	date	date
F	org.telegram.tgnet.tl.TL_stars$StarsTransaction	description	description
F	org.telegram.tgnet.tl.TL_stars$StarsTransaction	failed	failed
F	org.telegram.tgnet.tl.TL_stars$StarsTransaction	flags	flags
F	org.telegram.tgnet.tl.TL_stars$StarsTransaction	id	id
F	org.telegram.tgnet.tl.TL_stars$StarsTransaction	peer	peer
F	org.telegram.tgnet.tl.TL_stars$StarsTransaction	pending	pending
F	org.telegram.tgnet.tl.TL_stars$StarsTransaction	photo	photo
F	org.telegram.tgnet.tl.TL_stars$StarsTransaction	reaction	reaction
F	org.telegram.tgnet.tl.TL_stars$StarsTransaction	title	title
F	org.telegram.tgnet.tl.TL_stars$starGiftAttributePattern	document	document
F	org.telegram.tgnet.tl.TL_stories$Albums	hash	hash
F	org.telegram.tgnet.tl.TL_stories$TL_mediaAreaWeather2	emoji	emoji
F	org.telegram.tgnet.tl.TL_stories$TL_storyAlbum	title	title
F	org.telegram.tgnet.tl.TL_update$TL_updateChannelAvailableMessages	channel_id	channel_id
F	org.telegram.tgnet.tl.TL_update$TL_updateDeleteScheduledMessages	flags	flags
F	org.telegram.tgnet.tl.TL_update$TL_updateDeleteScheduledMessages	messages	messages
F	org.telegram.tgnet.tl.TL_update$TL_updateDeleteScheduledMessages	peer	peer
F	org.telegram.tgnet.tl.TL_update$TL_updateUserTyping	action	action
F	org.telegram.tgnet.tl.TL_update$TL_updateUserTyping	flags	flags
F	org.telegram.tgnet.tl.TL_update$TL_updateUserTyping	user_id	user_id
F	org.telegram.tgnet.tl.TL_account$acceptAuthorization	scope	scope
F	org.telegram.tgnet.tl.TL_aicompose$TL_aiComposeTone	access_hash	access_hash
F	org.telegram.tgnet.tl.TL_aicompose$TL_aiComposeTone	flags	flags
F	org.telegram.tgnet.tl.TL_aicompose$TL_aiComposeTone	id	id
F	org.telegram.tgnet.tl.TL_bots$popularAppBots	flags	flags
F	org.telegram.tgnet.tl.TL_bots$popularAppBots	users	users
F	org.telegram.tgnet.tl.TL_payments$suggestedStarRefBots	count	count
F	org.telegram.tgnet.tl.TL_payments$suggestedStarRefBots	flags	flags
F	org.telegram.tgnet.tl.TL_payments$suggestedStarRefBots	users	users
F	org.telegram.tgnet.tl.TL_phone$groupCallStreamRtmpUrl	key	key
F	org.telegram.tgnet.tl.TL_phone$groupCallStreamRtmpUrl	url	url
F	org.telegram.tgnet.tl.TL_stars$StarsTransactionPeer	peer	peer
F	org.telegram.tgnet.tl.TL_stories$Boost	date	date
F	org.telegram.tgnet.tl.TL_stories$Boost	flags	flags
F	org.telegram.tgnet.tl.TL_stories$Boost	id	id
F	org.telegram.tgnet.tl.TL_stories$Boost	user_id	user_id
F	org.telegram.tgnet.tl.TL_update$TL_updateChannelMessageForwards	channel_id	channel_id
F	org.telegram.tgnet.tl.TL_update$TL_updateChannelMessageForwards	id	id
F	org.telegram.tgnet.tl.TL_update$TL_updateDialogFilter	filter	filter
F	org.telegram.tgnet.tl.TL_update$TL_updateDialogFilter	flags	flags
F	org.telegram.tgnet.tl.TL_update$TL_updateDialogFilter	id	id
F	org.telegram.tgnet.tl.TL_update$TL_updatePeerSettings	peer	peer
F	org.telegram.tgnet.tl.TL_update$TL_updatePeerSettings	settings	settings
F	org.telegram.tgnet.tl.TL_update$TL_updateWebBrowserException	delete	delete
F	org.telegram.tgnet.tl.TL_update$TL_updateWebBrowserException	exception	exception
F	org.telegram.tgnet.tl.TL_update$TL_updateWebBrowserException	flags	flags
F	org.telegram.tgnet.tl.TL_account$TL_inputBusinessBotRecipients	contacts	contacts
F	org.telegram.tgnet.tl.TL_account$TL_inputBusinessBotRecipients	flags	flags
F	org.telegram.tgnet.tl.TL_account$TL_inputBusinessBotRecipients	users	users
F	org.telegram.tgnet.tl.TL_account$authorizationForm	errors	errors
F	org.telegram.tgnet.tl.TL_account$authorizationForm	flags	flags
F	org.telegram.tgnet.tl.TL_account$authorizationForm	users	users
F	org.telegram.tgnet.tl.TL_account$authorizationForm	values	values
F	org.telegram.tgnet.tl.TL_bots$previewInfo	media	media
F	org.telegram.tgnet.tl.TL_iv$TL_pageListOrderedItemText	text	text
F	org.telegram.tgnet.tl.TL_keyboard$TL_buttonTypeRequestPoll	flags	flags
F	org.telegram.tgnet.tl.TL_phone$PhoneCall	access_hash	access_hash
F	org.telegram.tgnet.tl.TL_phone$PhoneCall	date	date
F	org.telegram.tgnet.tl.TL_phone$PhoneCall	flags	flags
F	org.telegram.tgnet.tl.TL_phone$PhoneCall	id	id
F	org.telegram.tgnet.tl.TL_phone$PhoneCall	reason	reason
F	org.telegram.tgnet.tl.TL_phone$PhoneCall	video	video
F	org.telegram.tgnet.tl.TL_phone$groupParticipants	chats	chats
F	org.telegram.tgnet.tl.TL_phone$groupParticipants	count	count
F	org.telegram.tgnet.tl.TL_phone$groupParticipants	users	users
F	org.telegram.tgnet.tl.TL_phone$groupParticipants	version	version
F	org.telegram.tgnet.tl.TL_stars$TL_AuctionBidLevel	amount	amount
F	org.telegram.tgnet.tl.TL_stars$TL_AuctionBidLevel	date	date
F	org.telegram.tgnet.tl.TL_stars$TL_AuctionBidLevel	pos	pos
F	org.telegram.tgnet.tl.TL_stars$starGiftUpgradeAttributes	attributes	attributes
F	org.telegram.tgnet.tl.TL_stories$MediaArea	flags	flags
F	org.telegram.tgnet.tl.TL_stories$MediaArea	reaction	reaction
F	org.telegram.tgnet.tl.TL_stories$TL_mediaAreaWeatherOld	emoji	emoji
F	org.telegram.tgnet.tl.TL_update$TL_updateChannelMessageViews	channel_id	channel_id
F	org.telegram.tgnet.tl.TL_update$TL_updateChannelMessageViews	id	id
F	org.telegram.tgnet.tl.TL_update$TL_updateChannelMessageViews	views	views
F	org.telegram.tgnet.tl.TL_update$TL_updateDialogFilterOrder	order	order
F	org.telegram.tgnet.tl.TL_update$TL_updatePeerWallpaper	flags	flags
F	org.telegram.tgnet.tl.TL_update$TL_updatePeerWallpaper	peer	peer
F	org.telegram.tgnet.tl.TL_update$TL_updateWebBrowserSettings	flags	flags
F	org.telegram.tgnet.tl.TL_account$TL_inputBusinessRecipients	contacts	contacts
F	org.telegram.tgnet.tl.TL_account$TL_inputBusinessRecipients	flags	flags
F	org.telegram.tgnet.tl.TL_account$TL_inputBusinessRecipients	users	users
F	org.telegram.tgnet.tl.TL_aicompose$TL_tones	hash	hash
F	org.telegram.tgnet.tl.TL_phone$createGroupCall	flags	flags
F	org.telegram.tgnet.tl.TL_ephemeral$TL_sendMessage	flags	flags
F	org.telegram.tgnet.tl.TL_ephemeral$TL_sendMessage	media	media
F	org.telegram.tgnet.tl.TL_ephemeral$TL_sendMessage	message	message
F	org.telegram.tgnet.tl.TL_ephemeral$TL_sendMessage	peer	peer
F	org.telegram.tgnet.tl.TL_iv$textMath	bitmap	bitmap
F	org.telegram.tgnet.tl.TL_iv$textMath	depth	depth
F	org.telegram.tgnet.tl.TL_iv$textMath	h	h
F	org.telegram.tgnet.tl.TL_iv$textMath	source	source
F	org.telegram.tgnet.tl.TL_iv$textMath	tried	tried
F	org.telegram.tgnet.tl.TL_iv$textMath	w	w
F	org.telegram.tgnet.tl.TL_keyboard$TL_buttonTypeSimpleWebView	url	url
F	org.telegram.tgnet.tl.TL_phone$TL_groupCallStreamChannel	channel	channel
F	org.telegram.tgnet.tl.TL_phone$TL_groupCallStreamChannel	scale	scale
F	org.telegram.tgnet.tl.TL_phone$inviteToGroupCall	call	call
F	org.telegram.tgnet.tl.TL_phone$inviteToGroupCall	users	users
F	org.telegram.tgnet.tl.TL_stars$TL_StarGiftActiveAuctionState	state	state
F	org.telegram.tgnet.tl.TL_stars$TL_starGiftCollection	flags	flags
F	org.telegram.tgnet.tl.TL_stars$TL_starGiftCollection	hash	hash
F	org.telegram.tgnet.tl.TL_stars$TL_starGiftCollection	icon	icon
F	org.telegram.tgnet.tl.TL_stars$TL_starGiftCollection	title	title
F	org.telegram.tgnet.tl.TL_stories$PeerStories	flags	flags
F	org.telegram.tgnet.tl.TL_stories$PeerStories	peer	peer
F	org.telegram.tgnet.tl.TL_stories$PeerStories	stories	stories
F	org.telegram.tgnet.tl.TL_stories$TL_myBoost	date	date
F	org.telegram.tgnet.tl.TL_stories$TL_myBoost	flags	flags
F	org.telegram.tgnet.tl.TL_stories$TL_myBoost	peer	peer
F	org.telegram.tgnet.tl.TL_stories$TL_myBoost	slot	slot
F	org.telegram.tgnet.tl.TL_update$TL_updateChannelParticipant	channel_id	channel_id
F	org.telegram.tgnet.tl.TL_update$TL_updateChannelParticipant	date	date
F	org.telegram.tgnet.tl.TL_update$TL_updateChannelParticipant	flags	flags
F	org.telegram.tgnet.tl.TL_update$TL_updateChannelParticipant	user_id	user_id
F	org.telegram.tgnet.tl.TL_update$TL_updateManagedBot	user_id	user_id
F	org.telegram.tgnet.tl.TL_update$TL_updatePendingJoinRequests	peer	peer
F	org.telegram.tgnet.tl.TL_update$TL_updateSavedDialogPinned	flags	flags
F	org.telegram.tgnet.tl.TL_update$TL_updateSavedDialogPinned	peer	peer
F	org.telegram.tgnet.tl.TL_update$TL_updateSavedDialogPinned	pinned	pinned
F	org.telegram.tgnet.tl.TL_account$SavedMusicIds	ids	ids
F	org.telegram.tgnet.tl.TL_account$autoDownloadSettings	high	high
F	org.telegram.tgnet.tl.TL_account$autoDownloadSettings	low	low
F	org.telegram.tgnet.tl.TL_account$autoDownloadSettings	medium	medium
F	org.telegram.tgnet.tl.TL_chatlists$TL_chatlists_chatlistInvite	chats	chats
F	org.telegram.tgnet.tl.TL_chatlists$TL_chatlists_chatlistInvite	flags	flags
F	org.telegram.tgnet.tl.TL_chatlists$TL_chatlists_chatlistInvite	title	title
F	org.telegram.tgnet.tl.TL_chatlists$TL_chatlists_chatlistInvite	users	users
F	org.telegram.tgnet.tl.TL_iv$pageBlockVideo	flags	flags
F	org.telegram.tgnet.tl.TL_phone$joinAsPeers	chats	chats
F	org.telegram.tgnet.tl.TL_phone$joinAsPeers	users	users
F	org.telegram.tgnet.tl.TL_stars$TL_StarGiftAuctionAcquiredGift	date	date
F	org.telegram.tgnet.tl.TL_stars$TL_StarGiftAuctionAcquiredGift	flags	flags
F	org.telegram.tgnet.tl.TL_stars$TL_StarGiftAuctionAcquiredGift	message	message
F	org.telegram.tgnet.tl.TL_stars$TL_StarGiftAuctionAcquiredGift	peer	peer
F	org.telegram.tgnet.tl.TL_stars$TL_StarGiftAuctionAcquiredGift	pos	pos
F	org.telegram.tgnet.tl.TL_stars$TL_StarGiftAuctionAcquiredGift	round	round
F	org.telegram.tgnet.tl.TL_stars$Tl_starsRating	flags	flags
F	org.telegram.tgnet.tl.TL_stars$Tl_starsRating	level	level
F	org.telegram.tgnet.tl.TL_stars$starGiftWithdrawalUrl	url	url
F	org.telegram.tgnet.tl.TL_stories$PrepaidGiveaway	date	date
F	org.telegram.tgnet.tl.TL_stories$PrepaidGiveaway	id	id
F	org.telegram.tgnet.tl.TL_update$TL_updateChannelReadMessagesContents	channel_id	channel_id
F	org.telegram.tgnet.tl.TL_update$TL_updateChannelReadMessagesContents	flags	flags
F	org.telegram.tgnet.tl.TL_update$TL_updateChannelReadMessagesContents	messages	messages
F	org.telegram.tgnet.tl.TL_update$TL_updateDialogPinned	flags	flags
F	org.telegram.tgnet.tl.TL_update$TL_updateDialogPinned	peer	peer
F	org.telegram.tgnet.tl.TL_update$TL_updateDialogPinned	pinned	pinned
F	org.telegram.tgnet.tl.TL_update$TL_updateMessageExtendedMedia	peer	peer
F	org.telegram.tgnet.tl.TL_aicompose$Tones	users	users
F	org.telegram.tgnet.tl.TL_chatlists$TL_chatlists_chatlistInviteAlready	chats	chats
F	org.telegram.tgnet.tl.TL_chatlists$TL_chatlists_chatlistInviteAlready	users	users
F	org.telegram.tgnet.tl.TL_iv$textMentionName	user_id	user_id
F	org.telegram.tgnet.tl.TL_keyboard$TL_inlineButtonTypeCallback	data	data
F	org.telegram.tgnet.tl.TL_keyboard$TL_inlineButtonTypeCallback	flags	flags
F	org.telegram.tgnet.tl.TL_phone$joinGroupCall	block	block
F	org.telegram.tgnet.tl.TL_phone$joinGroupCall	call	call
F	org.telegram.tgnet.tl.TL_phone$joinGroupCall	flags	flags
F	org.telegram.tgnet.tl.TL_phone$joinGroupCall	muted	muted
F	org.telegram.tgnet.tl.TL_phone$joinGroupCall	params	params
F	org.telegram.tgnet.tl.TL_stars$TL_StarGiftAuctionUserState	flags	flags
F	org.telegram.tgnet.tl.TL_stars$TL_StarGiftAuctionUserState	peer	peer
F	org.telegram.tgnet.tl.TL_stars$TL_StarGiftAuctionUserState	returned	returned
F	org.telegram.tgnet.tl.TL_stars$UniqueStarGiftValueInfo	flags	flags
F	org.telegram.tgnet.tl.TL_stars$UniqueStarGiftValueInfo	value	value
F	org.telegram.tgnet.tl.TL_stars$updateStarGiftCollection	flags	flags
F	org.telegram.tgnet.tl.TL_stars$updateStarGiftCollection	order	order
F	org.telegram.tgnet.tl.TL_stars$updateStarGiftCollection	peer	peer
F	org.telegram.tgnet.tl.TL_stars$updateStarGiftCollection	title	title
F	org.telegram.tgnet.tl.TL_stories$StoryItem	attachPath	attachPath
F	org.telegram.tgnet.tl.TL_stories$StoryItem	caption	caption
F	org.telegram.tgnet.tl.TL_stories$StoryItem	contacts	contacts
F	org.telegram.tgnet.tl.TL_stories$StoryItem	date	date
F	org.telegram.tgnet.tl.TL_stories$StoryItem	dialogId	dialogId
F	org.telegram.tgnet.tl.TL_stories$StoryItem	edited	edited
F	org.telegram.tgnet.tl.TL_stories$StoryItem	flags	flags
F	org.telegram.tgnet.tl.TL_stories$StoryItem	from_id	from_id
F	org.telegram.tgnet.tl.TL_stories$StoryItem	id	id
F	org.telegram.tgnet.tl.TL_stories$StoryItem	media	media
F	org.telegram.tgnet.tl.TL_stories$StoryItem	messageId	messageId
F	org.telegram.tgnet.tl.TL_stories$StoryItem	min	min
F	org.telegram.tgnet.tl.TL_stories$StoryItem	out	out
F	org.telegram.tgnet.tl.TL_stories$StoryItem	pinned	pinned
F	org.telegram.tgnet.tl.TL_stories$StoryItem	privacy	privacy
F	org.telegram.tgnet.tl.TL_update$TL_updateChannelTooLong	channel_id	channel_id
F	org.telegram.tgnet.tl.TL_update$TL_updateChannelTooLong	flags	flags
F	org.telegram.tgnet.tl.TL_update$TL_updateDialogUnreadMark	flags	flags
F	org.telegram.tgnet.tl.TL_update$TL_updateDialogUnreadMark	peer	peer
F	org.telegram.tgnet.tl.TL_update$TL_updateDialogUnreadMark	unread	unread
F	org.telegram.tgnet.tl.TL_update$TL_updateMessageID	id	id
F	org.telegram.tgnet.tl.TL_update$TL_updatePhoneCallSignalingData	data	data
F	org.telegram.tgnet.tl.TL_account$businessChatLinks	chats	chats
F	org.telegram.tgnet.tl.TL_account$businessChatLinks	users	users
F	org.telegram.tgnet.tl.TL_aicompose$aiComposeToneExample	from	from
F	org.telegram.tgnet.tl.TL_aicompose$aiComposeToneExample	to	to
F	org.telegram.tgnet.tl.TL_ephemeral$WelcomeMessages	hash	hash
F	org.telegram.tgnet.tl.TL_ephemeral$WelcomeMessages	messages	messages
F	org.telegram.tgnet.tl.TL_iv$inputPageBlockMap	h	h
F	org.telegram.tgnet.tl.TL_iv$inputPageBlockMap	w	w
F	org.telegram.tgnet.tl.TL_iv$pageRelatedArticle	description	description
F	org.telegram.tgnet.tl.TL_iv$pageRelatedArticle	flags	flags
F	org.telegram.tgnet.tl.TL_iv$pageRelatedArticle	title	title
F	org.telegram.tgnet.tl.TL_iv$pageRelatedArticle	url	url
F	org.telegram.tgnet.tl.TL_iv$textPhone	phone	phone
F	org.telegram.tgnet.tl.TL_stars$TL_inputSavedStarGiftChat	peer	peer
F	org.telegram.tgnet.tl.TL_stars$checkCanSendGiftResultFail	reason	reason
F	org.telegram.tgnet.tl.TL_stories$StoryReaction	message	message
F	org.telegram.tgnet.tl.TL_stories$StoryReaction	peer_id	peer_id
F	org.telegram.tgnet.tl.TL_stories$StoryReaction	story	story
F	org.telegram.tgnet.tl.TL_stories$TL_storyReaction	date	date
F	org.telegram.tgnet.tl.TL_stories$TL_storyReaction	reaction	reaction
F	org.telegram.tgnet.tl.TL_update$TL_updateChannelUserTyping	action	action
F	org.telegram.tgnet.tl.TL_update$TL_updateChannelUserTyping	channel_id	channel_id
F	org.telegram.tgnet.tl.TL_update$TL_updateChannelUserTyping	flags	flags
F	org.telegram.tgnet.tl.TL_update$TL_updateChannelUserTyping	from_id	from_id
F	org.telegram.tgnet.tl.TL_update$TL_updateDraftMessage	flags	flags
F	org.telegram.tgnet.tl.TL_update$TL_updateDraftMessage	peer	peer
F	org.telegram.tgnet.tl.TL_update$TL_updateMessagePoll	flags	flags
F	org.telegram.tgnet.tl.TL_update$TL_updateMessagePoll	peer	peer
F	org.telegram.tgnet.tl.TL_update$TL_updateMessagePoll	poll	poll
F	org.telegram.tgnet.tl.TL_update$TL_updatePinnedChannelMessages	channel_id	channel_id
F	org.telegram.tgnet.tl.TL_update$TL_updatePinnedChannelMessages	flags	flags
F	org.telegram.tgnet.tl.TL_update$TL_updatePinnedChannelMessages	messages	messages
F	org.telegram.tgnet.tl.TL_update$TL_updatePinnedChannelMessages	pinned	pinned
F	org.telegram.tgnet.tl.TL_account$TL_birthday	day	day
F	org.telegram.tgnet.tl.TL_account$TL_birthday	flags	flags
F	org.telegram.tgnet.tl.TL_account$changeAuthorizationSettings	confirmed	confirmed
F	org.telegram.tgnet.tl.TL_account$changeAuthorizationSettings	flags	flags
F	org.telegram.tgnet.tl.TL_account$changeAuthorizationSettings	hash	hash
F	org.telegram.tgnet.tl.TL_chatlists$TL_chatlists_chatlistUpdates	chats	chats
F	org.telegram.tgnet.tl.TL_chatlists$TL_chatlists_chatlistUpdates	users	users
F	org.telegram.tgnet.tl.TL_forum$TL_messages_createForumTopic	flags	flags
F	org.telegram.tgnet.tl.TL_forum$TL_messages_createForumTopic	peer	peer
F	org.telegram.tgnet.tl.TL_forum$TL_messages_createForumTopic	title	title
F	org.telegram.tgnet.tl.TL_iv$pageBlockAnchor	name	name
F	org.telegram.tgnet.tl.TL_iv$pageTableCell	flags	flags
F	org.telegram.tgnet.tl.TL_iv$pageTableCell	header	header
F	org.telegram.tgnet.tl.TL_iv$pageTableCell	text	text
F	org.telegram.tgnet.tl.TL_iv$textPlain	text	text
F	org.telegram.tgnet.tl.TL_phone$requestCall	flags	flags
F	org.telegram.tgnet.tl.TL_phone$requestCall	protocol	protocol
F	org.telegram.tgnet.tl.TL_phone$requestCall	user_id	user_id
F	org.telegram.tgnet.tl.TL_stories$StoryView	blocked	blocked
F	org.telegram.tgnet.tl.TL_stories$StoryView	date	date
F	org.telegram.tgnet.tl.TL_stories$StoryView	flags	flags
F	org.telegram.tgnet.tl.TL_stories$StoryView	message	message
F	org.telegram.tgnet.tl.TL_stories$StoryView	peer_id	peer_id
F	org.telegram.tgnet.tl.TL_stories$StoryView	reaction	reaction
F	org.telegram.tgnet.tl.TL_stories$StoryView	story	story
F	org.telegram.tgnet.tl.TL_stories$StoryView	user_id	user_id
F	org.telegram.tgnet.tl.TL_stories$TL_premium_boostsStatus	flags	flags
F	org.telegram.tgnet.tl.TL_stories$TL_premium_boostsStatus	level	level
F	org.telegram.tgnet.tl.TL_update$TL_updateChannelViewForumAsMessages	channel_id	channel_id
F	org.telegram.tgnet.tl.TL_update$TL_updateChannelViewForumAsMessages	enabled	enabled
F	org.telegram.tgnet.tl.TL_update$TL_updateEditChannelMessage	message	message
F	org.telegram.tgnet.tl.TL_update$TL_updateMessagePollVote	options	options
F	org.telegram.tgnet.tl.TL_update$TL_updateMessagePollVote	peer	peer
F	org.telegram.tgnet.tl.TL_update$TL_updateMessagePollVote	positions	positions
F	org.telegram.tgnet.tl.TL_update$TL_updatePinnedDialogs	flags	flags
F	org.telegram.tgnet.tl.TL_update$TL_updatePinnedDialogs	order	order
F	org.telegram.tgnet.tl.TL_account$TL_businessAwayMessage	flags	flags
F	org.telegram.tgnet.tl.TL_account$TL_businessAwayMessage	schedule	schedule
F	org.telegram.tgnet.tl.TL_account$TL_reactionsNotifySettings	flags	flags
F	org.telegram.tgnet.tl.TL_account$resolvedBusinessChatLinks	chats	chats
F	org.telegram.tgnet.tl.TL_account$resolvedBusinessChatLinks	flags	flags
F	org.telegram.tgnet.tl.TL_account$resolvedBusinessChatLinks	message	message
F	org.telegram.tgnet.tl.TL_account$resolvedBusinessChatLinks	peer	peer
F	org.telegram.tgnet.tl.TL_account$resolvedBusinessChatLinks	users	users
F	org.telegram.tgnet.tl.TL_chatlists$TL_chatlists_editExportedInvite	flags	flags
F	org.telegram.tgnet.tl.TL_chatlists$TL_chatlists_editExportedInvite	title	title
F	org.telegram.tgnet.tl.TL_forum$TL_messages_editForumTopic	closed	closed
F	org.telegram.tgnet.tl.TL_forum$TL_messages_editForumTopic	flags	flags
F	org.telegram.tgnet.tl.TL_forum$TL_messages_editForumTopic	hidden	hidden
F	org.telegram.tgnet.tl.TL_forum$TL_messages_editForumTopic	peer	peer
F	org.telegram.tgnet.tl.TL_forum$TL_messages_editForumTopic	title	title
F	org.telegram.tgnet.tl.TL_iv$pageTableRow	cells	cells
F	org.telegram.tgnet.tl.TL_phone$saveCallDebug	debug	debug
F	org.telegram.tgnet.tl.TL_phone$saveCallDebug	peer	peer
F	org.telegram.tgnet.tl.TL_stories$TL_premium_myBoosts	chats	chats
F	org.telegram.tgnet.tl.TL_stories$TL_premium_myBoosts	users	users
F	org.telegram.tgnet.tl.TL_update$TL_updateChannelWebPage	channel_id	channel_id
F	org.telegram.tgnet.tl.TL_update$TL_updateMessageReactions	flags	flags
F	org.telegram.tgnet.tl.TL_update$TL_updateMessageReactions	peer	peer
F	org.telegram.tgnet.tl.TL_update$TL_updateMessageReactions	reactions	reactions
F	org.telegram.tgnet.tl.TL_update$TL_updatePinnedForumTopic	peer	peer
F	org.telegram.tgnet.tl.TL_update$TL_updatePinnedForumTopic	pinned	pinned
F	org.telegram.tgnet.tl.TL_update$TL_updateSentStoryReaction	peer	peer
F	org.telegram.tgnet.tl.TL_update$TL_updateSentStoryReaction	reaction	reaction
F	org.telegram.tgnet.tl.TL_account$saveSecureValue	value	value
F	org.telegram.tgnet.tl.TL_aicompose$inputAiComposeToneID	access_hash	access_hash
F	org.telegram.tgnet.tl.TL_aicompose$inputAiComposeToneID	id	id
F	org.telegram.tgnet.tl.TL_chatlists$TL_chatlists_exportedChatlistInvite	filter	filter
F	org.telegram.tgnet.tl.TL_forum$TL_messages_getForumTopics	limit	limit
F	org.telegram.tgnet.tl.TL_forum$TL_messages_getForumTopics	offset_date	offset_date
F	org.telegram.tgnet.tl.TL_forum$TL_messages_getForumTopics	offset_id	offset_id
F	org.telegram.tgnet.tl.TL_forum$TL_messages_getForumTopics	peer	peer
F	org.telegram.tgnet.tl.TL_iv$textAnchor	name	name
F	org.telegram.tgnet.tl.TL_keyboard$TL_inlineButtonTypeSwitchInline	flags	flags
F	org.telegram.tgnet.tl.TL_keyboard$TL_inlineButtonTypeSwitchInline	query	query
F	org.telegram.tgnet.tl.TL_phone$sendGroupCallMessage	call	call
F	org.telegram.tgnet.tl.TL_phone$sendGroupCallMessage	flags	flags
F	org.telegram.tgnet.tl.TL_phone$sendGroupCallMessage	message	message
F	org.telegram.tgnet.tl.TL_stars$TL_starGifts	chats	chats
F	org.telegram.tgnet.tl.TL_stars$TL_starGifts	hash	hash
F	org.telegram.tgnet.tl.TL_stars$TL_starGifts	users	users
F	org.telegram.tgnet.tl.TL_stars$getResaleStarGifts	attributes	attributes
F	org.telegram.tgnet.tl.TL_stars$getResaleStarGifts	flags	flags
F	org.telegram.tgnet.tl.TL_stars$getResaleStarGifts	limit	limit
F	org.telegram.tgnet.tl.TL_stars$getResaleStarGifts	offset	offset
F	org.telegram.tgnet.tl.TL_stories$TL_storyReactionsList	chats	chats
F	org.telegram.tgnet.tl.TL_stories$TL_storyReactionsList	count	count
F	org.telegram.tgnet.tl.TL_stories$TL_storyReactionsList	flags	flags
F	org.telegram.tgnet.tl.TL_stories$TL_storyReactionsList	reactions	reactions
F	org.telegram.tgnet.tl.TL_stories$TL_storyReactionsList	users	users
F	org.telegram.tgnet.tl.TL_update$TL_updateChat	chat_id	chat_id
F	org.telegram.tgnet.tl.TL_update$TL_updateEditMessage	message	message
F	org.telegram.tgnet.tl.TL_update$TL_updateMonoForumNoPaidException	channel_id	channel_id
F	org.telegram.tgnet.tl.TL_update$TL_updateMonoForumNoPaidException	exception	exception
F	org.telegram.tgnet.tl.TL_update$TL_updateMonoForumNoPaidException	flags	flags
F	org.telegram.tgnet.tl.TL_update$TL_updatePinnedForumTopics	flags	flags
F	org.telegram.tgnet.tl.TL_update$TL_updatePinnedForumTopics	order	order
F	org.telegram.tgnet.tl.TL_update$TL_updatePinnedForumTopics	peer	peer
F	org.telegram.tgnet.tl.TL_update$TL_updateServiceNotification	flags	flags
F	org.telegram.tgnet.tl.TL_update$TL_updateServiceNotification	media	media
F	org.telegram.tgnet.tl.TL_update$TL_updateServiceNotification	message	message
F	org.telegram.tgnet.tl.TL_update$TL_updateServiceNotification	popup	popup
F	org.telegram.tgnet.tl.TL_update$TL_updateServiceNotification	type	type
F	org.telegram.tgnet.tl.TL_account$connectedBots	users	users
F	org.telegram.tgnet.tl.TL_account$sendChangePhoneCode	settings	settings
F	org.telegram.tgnet.tl.TL_chatlists$TL_chatlists_exportedInvites	chats	chats
F	org.telegram.tgnet.tl.TL_chatlists$TL_chatlists_exportedInvites	users	users
F	org.telegram.tgnet.tl.TL_iv$pageBlockList	items	items
F	org.telegram.tgnet.tl.TL_iv$pageBlockList	ordered	ordered
F	org.telegram.tgnet.tl.TL_keyboard$TL_inlineButtonTypeUrl	url	url
F	org.telegram.tgnet.tl.TL_phone$toggleGroupCallRecord	call	call
F	org.telegram.tgnet.tl.TL_phone$toggleGroupCallRecord	flags	flags
F	org.telegram.tgnet.tl.TL_phone$toggleGroupCallRecord	start	start
F	org.telegram.tgnet.tl.TL_phone$toggleGroupCallRecord	title	title
F	org.telegram.tgnet.tl.TL_phone$toggleGroupCallRecord	video	video
F	org.telegram.tgnet.tl.TL_stars$getSavedStarGifts	flags	flags
F	org.telegram.tgnet.tl.TL_stars$getSavedStarGifts	limit	limit
F	org.telegram.tgnet.tl.TL_stars$getSavedStarGifts	offset	offset
F	org.telegram.tgnet.tl.TL_stars$getSavedStarGifts	peer	peer
F	org.telegram.tgnet.tl.TL_stats$TL_megagroupStats	members	members
F	org.telegram.tgnet.tl.TL_stats$TL_megagroupStats	messages	messages
F	org.telegram.tgnet.tl.TL_stats$TL_megagroupStats	users	users
F	org.telegram.tgnet.tl.TL_update$TL_updateChatDefaultBannedRights	peer	peer
F	org.telegram.tgnet.tl.TL_update$TL_updateChatDefaultBannedRights	version	version
F	org.telegram.tgnet.tl.TL_update$TL_updateEmojiGameInfo	info	info
F	org.telegram.tgnet.tl.TL_update$TL_updateMoveStickerSetToTop	flags	flags
F	org.telegram.tgnet.tl.TL_update$TL_updatePinnedMessages	flags	flags
F	org.telegram.tgnet.tl.TL_update$TL_updatePinnedMessages	messages	messages
F	org.telegram.tgnet.tl.TL_update$TL_updatePinnedMessages	peer	peer
F	org.telegram.tgnet.tl.TL_update$TL_updatePinnedMessages	pinned	pinned
F	org.telegram.tgnet.tl.TL_update$TL_updateStarGiftAuctionState	state	state
F	org.telegram.tgnet.tl.TL_account$contactBirthdays	contacts	contacts
F	org.telegram.tgnet.tl.TL_account$contactBirthdays	users	users
F	org.telegram.tgnet.tl.TL_account$sendConfirmPhoneCode	hash	hash
F	org.telegram.tgnet.tl.TL_account$sendConfirmPhoneCode	settings	settings
F	org.telegram.tgnet.tl.TL_fragment$TL_collectibleInfo	amount	amount
F	org.telegram.tgnet.tl.TL_fragment$TL_collectibleInfo	url	url
F	org.telegram.tgnet.tl.TL_keyboard$TL_inlineButtonTypeUrlAuth	flags	flags
F	org.telegram.tgnet.tl.TL_keyboard$TL_inlineButtonTypeUrlAuth	url	url
F	org.telegram.tgnet.tl.TL_phone$TL_phone_phoneCall	users	users
F	org.telegram.tgnet.tl.TL_phone$toggleGroupCallSettings	call	call
F	org.telegram.tgnet.tl.TL_stars$TL_payments_savedStarGifts	chats	chats
F	org.telegram.tgnet.tl.TL_stars$TL_payments_savedStarGifts	count	count
F	org.telegram.tgnet.tl.TL_stars$TL_payments_savedStarGifts	flags	flags
F	org.telegram.tgnet.tl.TL_stars$TL_payments_savedStarGifts	users	users
F	org.telegram.tgnet.tl.TL_stories$TL_publicForwardStory	peer	peer
F	org.telegram.tgnet.tl.TL_stories$TL_publicForwardStory	story	story
F	org.telegram.tgnet.tl.TL_update$TL_updateChatParticipantAdd	chat_id	chat_id
F	org.telegram.tgnet.tl.TL_update$TL_updateChatParticipantAdd	date	date
F	org.telegram.tgnet.tl.TL_update$TL_updateChatParticipantAdd	user_id	user_id
F	org.telegram.tgnet.tl.TL_update$TL_updateChatParticipantAdd	version	version
F	org.telegram.tgnet.tl.TL_update$TL_updateEncryptedChatTyping	chat_id	chat_id
F	org.telegram.tgnet.tl.TL_update$TL_updateNewAuthorization	date	date
F	org.telegram.tgnet.tl.TL_update$TL_updateNewAuthorization	device	device
F	org.telegram.tgnet.tl.TL_update$TL_updateNewAuthorization	flags	flags
F	org.telegram.tgnet.tl.TL_update$TL_updateNewAuthorization	hash	hash
F	org.telegram.tgnet.tl.TL_update$TL_updateNewAuthorization	location	location
F	org.telegram.tgnet.tl.TL_update$TL_updatePinnedSavedDialogs	flags	flags
F	org.telegram.tgnet.tl.TL_update$TL_updatePinnedSavedDialogs	order	order
F	org.telegram.tgnet.tl.TL_account$TL_businessBotRecipients	contacts	contacts
F	org.telegram.tgnet.tl.TL_account$TL_businessBotRecipients	flags	flags
F	org.telegram.tgnet.tl.TL_account$TL_businessBotRecipients	users	users
F	org.telegram.tgnet.tl.TL_account$TL_savedRingtoneConverted	document	document
F	org.telegram.tgnet.tl.TL_account$contentSettings	flags	flags
F	org.telegram.tgnet.tl.TL_account$sentEmailCode	length	length
F	org.telegram.tgnet.tl.TL_aicompose$updateTone	flags	flags
F	org.telegram.tgnet.tl.TL_aicompose$updateTone	title	title
F	org.telegram.tgnet.tl.TL_iv$pageBlockBlockquote	caption	caption
F	org.telegram.tgnet.tl.TL_iv$pageBlockBlockquote	collapsed	collapsed
F	org.telegram.tgnet.tl.TL_iv$pageBlockBlockquote	flags	flags
F	org.telegram.tgnet.tl.TL_iv$pageBlockMap	h	h
F	org.telegram.tgnet.tl.TL_iv$pageBlockMap	w	w
F	org.telegram.tgnet.tl.TL_keyboard$TL_inlineButtonTypeUserProfile	user_id	user_id
F	org.telegram.tgnet.tl.TL_phone$checkGroupCall	call	call
F	org.telegram.tgnet.tl.TL_phone$checkGroupCall	sources	sources
F	org.telegram.tgnet.tl.TL_stars$TL_starsGiftOption	amount	amount
F	org.telegram.tgnet.tl.TL_stars$TL_starsGiftOption	flags	flags
F	org.telegram.tgnet.tl.TL_stats$TL_postInteractionCountersMessage	reactions	reactions
F	org.telegram.tgnet.tl.TL_stats$TL_postInteractionCountersMessage	views	views
F	org.telegram.tgnet.tl.TL_stories$TL_exportedStoryLink	link	link
F	org.telegram.tgnet.tl.TL_stories$TL_startLive	flags	flags
F	org.telegram.tgnet.tl.TL_stories$TL_startLive	peer	peer
F	org.telegram.tgnet.tl.TL_update$TL_updateChatParticipantAdmin	chat_id	chat_id
F	org.telegram.tgnet.tl.TL_update$TL_updateChatParticipantAdmin	user_id	user_id
F	org.telegram.tgnet.tl.TL_update$TL_updateChatParticipantAdmin	version	version
F	org.telegram.tgnet.tl.TL_update$TL_updateEncryptedMessagesRead	chat_id	chat_id
F	org.telegram.tgnet.tl.TL_update$TL_updateEncryptedMessagesRead	date	date
F	org.telegram.tgnet.tl.TL_update$TL_updateNewBotConnection	confirmed	confirmed
F	org.telegram.tgnet.tl.TL_update$TL_updateNewBotConnection	date	date
F	org.telegram.tgnet.tl.TL_update$TL_updateNewBotConnection	device	device
F	org.telegram.tgnet.tl.TL_update$TL_updateNewBotConnection	flags	flags
F	org.telegram.tgnet.tl.TL_update$TL_updateNewBotConnection	location	location
F	org.telegram.tgnet.tl.TL_update$TL_updatePrivacy	key	key
F	org.telegram.tgnet.tl.TL_update$TL_updatePrivacy	rules	rules
F	org.telegram.tgnet.tl.TL_account$TL_businessBotRights	flags	flags
F	org.telegram.tgnet.tl.TL_account$TL_savedRingtones	hash	hash
F	org.telegram.tgnet.tl.TL_account$finishPasskeyLogin	flags	flags
F	org.telegram.tgnet.tl.TL_bots$BotInfo	commands	commands
F	org.telegram.tgnet.tl.TL_bots$BotInfo	description	description
F	org.telegram.tgnet.tl.TL_bots$BotInfo	user_id	user_id
F	org.telegram.tgnet.tl.TL_chatlists$TL_exportedChatlistInvite	flags	flags
F	org.telegram.tgnet.tl.TL_chatlists$TL_exportedChatlistInvite	title	title
F	org.telegram.tgnet.tl.TL_chatlists$TL_exportedChatlistInvite	url	url
F	org.telegram.tgnet.tl.TL_iv$PageBlock	bottom	bottom
F	org.telegram.tgnet.tl.TL_iv$PageBlock	caption	caption
F	org.telegram.tgnet.tl.TL_iv$PageBlock	level	level
F	org.telegram.tgnet.tl.TL_iv$PageBlock	text	text
F	org.telegram.tgnet.tl.TL_iv$pageBlockBlockquoteBlocks	caption	caption
F	org.telegram.tgnet.tl.TL_iv$pageBlockMath	source	source
F	org.telegram.tgnet.tl.TL_keyboard$TL_inlineButtonTypeWebView	url	url
F	org.telegram.tgnet.tl.TL_phone$deleteConferenceCallParticipants	block	block
F	org.telegram.tgnet.tl.TL_phone$deleteConferenceCallParticipants	call	call
F	org.telegram.tgnet.tl.TL_phone$deleteConferenceCallParticipants	flags	flags
F	org.telegram.tgnet.tl.TL_phone$deleteConferenceCallParticipants	ids	ids
F	org.telegram.tgnet.tl.TL_stars$TL_starsGiveawayOption	amount	amount
F	org.telegram.tgnet.tl.TL_stars$TL_starsGiveawayOption	flags	flags
F	org.telegram.tgnet.tl.TL_stats$TL_postInteractionCountersStory	reactions	reactions
F	org.telegram.tgnet.tl.TL_stats$TL_postInteractionCountersStory	views	views
F	org.telegram.tgnet.tl.TL_stories$TL_foundStories	chats	chats
F	org.telegram.tgnet.tl.TL_stories$TL_foundStories	count	count
F	org.telegram.tgnet.tl.TL_stories$TL_foundStories	flags	flags
F	org.telegram.tgnet.tl.TL_stories$TL_foundStories	stories	stories
F	org.telegram.tgnet.tl.TL_stories$TL_foundStories	users	users
F	org.telegram.tgnet.tl.TL_update$TL_updateChatParticipantDelete	chat_id	chat_id
F	org.telegram.tgnet.tl.TL_update$TL_updateChatParticipantDelete	user_id	user_id
F	org.telegram.tgnet.tl.TL_update$TL_updateChatParticipantDelete	version	version
F	org.telegram.tgnet.tl.TL_update$TL_updateEncryption	chat	chat
F	org.telegram.tgnet.tl.TL_update$TL_updateEncryption	date	date
F	org.telegram.tgnet.tl.TL_update$TL_updateNewChannelMessage	message	message
F	org.telegram.tgnet.tl.TL_update$TL_updateStarsRevenueStatus	peer	peer
F	org.telegram.tgnet.tl.TL_update$TL_updateStarsRevenueStatus	status	status
F	org.telegram.tgnet.tl.TL_account$TL_businessChatLink	flags	flags
F	org.telegram.tgnet.tl.TL_account$TL_businessChatLink	link	link
F	org.telegram.tgnet.tl.TL_account$TL_businessChatLink	message	message
F	org.telegram.tgnet.tl.TL_account$TL_businessChatLink	title	title
F	org.telegram.tgnet.tl.TL_account$TL_businessChatLink	views	views
F	org.telegram.tgnet.tl.TL_account$getAuthorizationForm	scope	scope
F	org.telegram.tgnet.tl.TL_iv$PageCaption	text	text
F	org.telegram.tgnet.tl.TL_iv$pageBlockOrderedList	flags	flags
F	org.telegram.tgnet.tl.TL_iv$pageBlockOrderedList	items	items
F	org.telegram.tgnet.tl.TL_iv$pageBlockOrderedList	reversed	reversed
F	org.telegram.tgnet.tl.TL_iv$pageBlockOrderedList	start	start
F	org.telegram.tgnet.tl.TL_iv$pageBlockOrderedList	type	type
F	org.telegram.tgnet.tl.TL_keyboard$TL_inputButtonTypeRequestPeer	flags	flags
F	org.telegram.tgnet.tl.TL_phone$discardCall	flags	flags
F	org.telegram.tgnet.tl.TL_phone$discardCall	peer	peer
F	org.telegram.tgnet.tl.TL_phone$discardCall	reason	reason
F	org.telegram.tgnet.tl.TL_stars$TL_payments_uniqueStarGift	chats	chats
F	org.telegram.tgnet.tl.TL_stars$TL_payments_uniqueStarGift	users	users
F	org.telegram.tgnet.tl.TL_stars$TL_starsGiveawayWinnersOption	flags	flags
F	org.telegram.tgnet.tl.TL_stars$TL_starsGiveawayWinnersOption	users	users
F	org.telegram.tgnet.tl.TL_stars$resaleStarGifts	attributes	attributes
F	org.telegram.tgnet.tl.TL_stars$resaleStarGifts	chats	chats
F	org.telegram.tgnet.tl.TL_stars$resaleStarGifts	count	count
F	org.telegram.tgnet.tl.TL_stars$resaleStarGifts	flags	flags
F	org.telegram.tgnet.tl.TL_stars$resaleStarGifts	users	users
F	org.telegram.tgnet.tl.TL_stats$TL_publicForwardMessage	message	message
F	org.telegram.tgnet.tl.TL_stories$TL_foundStory	peer	peer
F	org.telegram.tgnet.tl.TL_stories$TL_storiesStealthMode	flags	flags
F	org.telegram.tgnet.tl.TL_update$TL_updateChatParticipantRank	chat_id	chat_id
F	org.telegram.tgnet.tl.TL_update$TL_updateChatParticipantRank	user_id	user_id
F	org.telegram.tgnet.tl.TL_update$TL_updateChatParticipantRank	version	version
F	org.telegram.tgnet.tl.TL_update$TL_updateNewEncryptedMessage	message	message
F	org.telegram.tgnet.tl.TL_update$TL_updateQuickReplyMessage	message	message
F	org.telegram.tgnet.tl.TL_update$TL_updateStickerSets	flags	flags
F	org.telegram.tgnet.tl.TL_account$TL_themes	hash	hash
F	org.telegram.tgnet.tl.TL_account$toggleNoPaidMessagesException	flags	flags
F	org.telegram.tgnet.tl.TL_account$toggleNoPaidMessagesException	user_id	user_id
F	org.telegram.tgnet.tl.TL_communities$CommunityPeer	flags	flags
F	org.telegram.tgnet.tl.TL_communities$CommunityPeer	peer	peer
F	org.telegram.tgnet.tl.TL_communities$CommunityPeer	visible	visible
F	org.telegram.tgnet.tl.TL_iv$PageListItem	checked	checked
F	org.telegram.tgnet.tl.TL_iv$PageListItem	flags	flags
F	org.telegram.tgnet.tl.TL_iv$pageBlockButtonRow	buttons	buttons
F	org.telegram.tgnet.tl.TL_iv$pageBlockButtonRow	flags	flags
F	org.telegram.tgnet.tl.TL_keyboard$TL_inputInlineButtonTypeUrlAuth	flags	flags
F	org.telegram.tgnet.tl.TL_keyboard$TL_inputInlineButtonTypeUrlAuth	url	url
F	org.telegram.tgnet.tl.TL_stars$PaidReactionPrivacy	peer	peer
F	org.telegram.tgnet.tl.TL_stars$saveStarGift	flags	flags
F	org.telegram.tgnet.tl.TL_stats$TL_publicForwards	chats	chats
F	org.telegram.tgnet.tl.TL_stats$TL_publicForwards	count	count
F	org.telegram.tgnet.tl.TL_stats$TL_publicForwards	flags	flags
F	org.telegram.tgnet.tl.TL_stats$TL_publicForwards	users	users
F	org.telegram.tgnet.tl.TL_stories$TL_geoPointAddress	flags	flags
F	org.telegram.tgnet.tl.TL_stories$TL_geoPointAddress	state	state
F	org.telegram.tgnet.tl.TL_stories$TL_stories_allStories	chats	chats
F	org.telegram.tgnet.tl.TL_stories$TL_stories_allStories	count	count
F	org.telegram.tgnet.tl.TL_stories$TL_stories_allStories	flags	flags
F	org.telegram.tgnet.tl.TL_stories$TL_stories_allStories	state	state
F	org.telegram.tgnet.tl.TL_stories$TL_stories_allStories	users	users
F	org.telegram.tgnet.tl.TL_stories$TL_updateReadStories	max_id	max_id
F	org.telegram.tgnet.tl.TL_stories$TL_updateReadStories	peer	peer
F	org.telegram.tgnet.tl.TL_update$TL_updateNewEphemeralMessage	message	message
F	org.telegram.tgnet.tl.TL_update$TL_updateReadChannelDiscussionInbox	channel_id	channel_id
F	org.telegram.tgnet.tl.TL_update$TL_updateReadChannelDiscussionInbox	flags	flags
F	org.telegram.tgnet.tl.TL_update$TL_updateStickerSetsOrder	flags	flags
F	org.telegram.tgnet.tl.TL_update$TL_updateStickerSetsOrder	order	order
F	org.telegram.tgnet.tl.TL_account$TL_businessIntro	description	description
F	org.telegram.tgnet.tl.TL_account$TL_businessIntro	flags	flags
F	org.telegram.tgnet.tl.TL_account$TL_businessIntro	sticker	sticker
F	org.telegram.tgnet.tl.TL_account$TL_businessIntro	title	title
F	org.telegram.tgnet.tl.TL_account$toggleWebBrowserSettingsException	delete	delete
F	org.telegram.tgnet.tl.TL_account$toggleWebBrowserSettingsException	flags	flags
F	org.telegram.tgnet.tl.TL_account$toggleWebBrowserSettingsException	url	url
F	org.telegram.tgnet.tl.TL_communities$CommunityPeerRequest	date	date
F	org.telegram.tgnet.tl.TL_communities$CommunityPeerRequest	flags	flags
F	org.telegram.tgnet.tl.TL_communities$CommunityPeerRequest	peer	peer
F	org.telegram.tgnet.tl.TL_communities$CommunityPeerRequest	visible	visible
F	org.telegram.tgnet.tl.TL_iv$PageListOrderedItem	checked	checked
F	org.telegram.tgnet.tl.TL_iv$PageListOrderedItem	flags	flags
F	org.telegram.tgnet.tl.TL_iv$PageListOrderedItem	type	type
F	org.telegram.tgnet.tl.TL_iv$PageListOrderedItem	value	value
F	org.telegram.tgnet.tl.TL_iv$pageBlockChannel	channel	channel
F	org.telegram.tgnet.tl.TL_iv$textButton	flags	flags
F	org.telegram.tgnet.tl.TL_iv$textButton	style	style
F	org.telegram.tgnet.tl.TL_iv$textButton	type	type
F	org.telegram.tgnet.tl.TL_keyboard$TL_inputInlineButtonTypeUserProfile	user_id	user_id
F	org.telegram.tgnet.tl.TL_stars$SavedStarGift	date	date
F	org.telegram.tgnet.tl.TL_stars$SavedStarGift	flags	flags
F	org.telegram.tgnet.tl.TL_stars$SavedStarGift	from_id	from_id
F	org.telegram.tgnet.tl.TL_stars$SavedStarGift	message	message
F	org.telegram.tgnet.tl.TL_stars$TL_starsSubscriptionPricing	amount	amount
F	org.telegram.tgnet.tl.TL_stats$TL_statsAbsValueAndPrev	current	current
F	org.telegram.tgnet.tl.TL_stats$TL_statsAbsValueAndPrev	previous	previous
F	org.telegram.tgnet.tl.TL_stories$TL_inputMediaAreaChannelPost	channel	channel
F	org.telegram.tgnet.tl.TL_stories$TL_stories_allStoriesNotModified	flags	flags
F	org.telegram.tgnet.tl.TL_stories$TL_stories_allStoriesNotModified	state	state
F	org.telegram.tgnet.tl.TL_update$TL_updateChatUserTyping	action	action
F	org.telegram.tgnet.tl.TL_update$TL_updateChatUserTyping	chat_id	chat_id
F	org.telegram.tgnet.tl.TL_update$TL_updateChatUserTyping	from_id	from_id
F	org.telegram.tgnet.tl.TL_update$TL_updateNewMessage	message	message
F	org.telegram.tgnet.tl.TL_update$TL_updateReadChannelDiscussionOutbox	channel_id	channel_id
F	org.telegram.tgnet.tl.TL_update$TL_updateStoryID	id	id
F	org.telegram.tgnet.tl.TL_account$TL_businessRecipients	contacts	contacts
F	org.telegram.tgnet.tl.TL_account$TL_businessRecipients	flags	flags
F	org.telegram.tgnet.tl.TL_account$TL_businessRecipients	users	users
F	org.telegram.tgnet.tl.TL_account$TL_wallPapers	hash	hash
F	org.telegram.tgnet.tl.TL_communities$ParticipantJoinedChats	chats	chats
F	org.telegram.tgnet.tl.TL_communities$ParticipantJoinedChats	users	users
F	org.telegram.tgnet.tl.TL_iv$RichMessage	documents	documents
F	org.telegram.tgnet.tl.TL_iv$RichMessage	flags	flags
F	org.telegram.tgnet.tl.TL_iv$RichMessage	part	part
F	org.telegram.tgnet.tl.TL_iv$pageBlockCollage	items	items
F	org.telegram.tgnet.tl.TL_iv$pageBlockPhoto	flags	flags
F	org.telegram.tgnet.tl.TL_iv$pageBlockPhoto	url	url
F	org.telegram.tgnet.tl.TL_payments$TL_StarGiftAuctionAcquiredGifts	chats	chats
F	org.telegram.tgnet.tl.TL_payments$TL_StarGiftAuctionAcquiredGifts	users	users
F	org.telegram.tgnet.tl.TL_phone$exportGroupCallInvite	call	call
F	org.telegram.tgnet.tl.TL_phone$exportGroupCallInvite	flags	flags
F	org.telegram.tgnet.tl.TL_stars$StarGift	attributes	attributes
F	org.telegram.tgnet.tl.TL_stars$StarGift	background	background
F	org.telegram.tgnet.tl.TL_stars$StarGift	flags	flags
F	org.telegram.tgnet.tl.TL_stars$StarGift	id	id
F	org.telegram.tgnet.tl.TL_stars$StarGift	limited	limited
F	org.telegram.tgnet.tl.TL_stars$StarGift	sticker	sticker
F	org.telegram.tgnet.tl.TL_stars$StarGift	title	title
F	org.telegram.tgnet.tl.TL_stories$TL_stories_editStory	caption	caption
F	org.telegram.tgnet.tl.TL_stories$TL_stories_editStory	flags	flags
F	org.telegram.tgnet.tl.TL_stories$TL_stories_editStory	id	id
F	org.telegram.tgnet.tl.TL_stories$TL_stories_editStory	media	media
F	org.telegram.tgnet.tl.TL_stories$TL_stories_editStory	peer	peer
F	org.telegram.tgnet.tl.TL_stories$TL_updateStory	peer	peer
F	org.telegram.tgnet.tl.TL_stories$TL_updateStory	story	story
F	org.telegram.tgnet.tl.TL_update$TL_updateGeoLiveViewed	peer	peer
F	org.telegram.tgnet.tl.TL_update$TL_updateReadChannelInbox	channel_id	channel_id
F	org.telegram.tgnet.tl.TL_update$TL_updateReadChannelInbox	flags	flags
F	org.telegram.tgnet.tl.TL_update$TL_updateReadChannelInbox	max_id	max_id
F	org.telegram.tgnet.tl.TL_bots$TL_botMenuButton	text	text
F	org.telegram.tgnet.tl.TL_bots$TL_botMenuButton	url	url
F	org.telegram.tgnet.tl.TL_communities$PeerLinkRequests	chats	chats
F	org.telegram.tgnet.tl.TL_communities$PeerLinkRequests	flags	flags
F	org.telegram.tgnet.tl.TL_communities$PeerLinkRequests	requests	requests
F	org.telegram.tgnet.tl.TL_communities$PeerLinkRequests	users	users
F	org.telegram.tgnet.tl.TL_iv$RichText	text	text
F	org.telegram.tgnet.tl.TL_iv$RichText	url	url
F	org.telegram.tgnet.tl.TL_payments$TL_StarGiftAuctionState	chats	chats
F	org.telegram.tgnet.tl.TL_payments$TL_StarGiftAuctionState	state	state
F	org.telegram.tgnet.tl.TL_payments$TL_StarGiftAuctionState	users	users
F	org.telegram.tgnet.tl.TL_phone$exportedGroupCallInvite	link	link
F	org.telegram.tgnet.tl.TL_stars$StarGiftAttribute	flags	flags
F	org.telegram.tgnet.tl.TL_stars$StarGiftAttribute	name	name
F	org.telegram.tgnet.tl.TL_stats$TL_statsGraph	flags	flags
F	org.telegram.tgnet.tl.TL_stats$TL_statsGraph	json	json
F	org.telegram.tgnet.tl.TL_stories$TL_mediaAreaChannelPost	channel_id	channel_id
F	org.telegram.tgnet.tl.TL_stories$TL_stories_getAlbumStories	limit	limit
F	org.telegram.tgnet.tl.TL_stories$TL_stories_getAlbumStories	offset	offset
F	org.telegram.tgnet.tl.TL_stories$TL_stories_getAlbumStories	peer	peer
F	org.telegram.tgnet.tl.TL_update$TL_updateGroupCall	call	call
F	org.telegram.tgnet.tl.TL_update$TL_updateGroupCall	flags	flags
F	org.telegram.tgnet.tl.TL_update$TL_updateGroupCall	peer	peer
F	org.telegram.tgnet.tl.TL_update$TL_updateNewScheduledMessage	message	message
F	org.telegram.tgnet.tl.TL_update$TL_updateReadChannelOutbox	channel_id	channel_id
F	org.telegram.tgnet.tl.TL_update$TL_updateReadChannelOutbox	max_id	max_id
F	org.telegram.tgnet.tl.TL_update$TL_updateTranscribeAudio	flags	flags
F	org.telegram.tgnet.tl.TL_update$TL_updateTranscribeAudio	text	text
F	uf.a	bounds	a
F	uf.a	path	k
F	uf.b	alpha	j
F	uf.b	backgroundColor	e
F	uf.d	source	E
F	ug.f3	bounds	q0
F	ug.f3	closeButton	r
F	ug.f3	path	s0
F	ug.f3	show	V
F	ug.f3	shown	U
F	ug.h3	listener	c
F	ug.h3	rootView	a
F	ug.d	backgroundColor	y
F	ug.d	loading	M
F	ug.d	resourcesProvider	a
F	ug.d	subText	e
F	ug.d	text	d
F	ug.ta	emoji	c
F	ug.l	strokeColor	l
F	ug.q6	caption	C0
F	ug.q6	cover	e0
F	ug.q6	currentAccount	a
F	ug.q6	error	x
F	ug.q6	file	L
F	ug.q6	height	l0
F	ug.q6	isVideo	K
F	ug.q6	left	Z
F	ug.q6	muted	Y
F	ug.q6	peer	v0
F	ug.q6	pinned	G0
F	ug.q6	privacy	E0
F	ug.q6	right	a0
F	ug.q6	round	o0
F	ug.q6	stickers	U0
F	ug.q6	width	k0
F	ug.m	bounds	z0
F	ug.m	currentAccount	T
F	ug.m	dialogId	x
F	ug.m	matrix	E
F	ug.m	resourcesProvider	a
F	ug.m	rootView	I
F	ug.o5	delegate	a
F	ug.o5	recording	q0
F	ug.y9	activity	b
F	ug.y9	currentAccount	c
F	ug.y9	entries	G1
F	ug.y9	instance	E2
F	ug.y9	mode	N1
F	ug.o0	deleted	N
F	ug.o0	preparing	F
F	ug.o0	progress	G
F	ug.o0	shown	D
F	ug.o0	t	H
F	ug.ba	count	b
F	ug.ba	data	d
F	ug.ba	loaded	c
F	ug.ba	lock	i
F	ug.ba	max	e
F	ug.ba	stop	j
F	ug.ba	this$0	l
F	ug.s	layout	a
F	ug.s	x	b
F	ug.s	y	c
F	ug.a8	rules	b
F	ug.a8	type	a
F	ug.t	h	c
F	ug.t	w	b
F	ug.b8	dialogId	x
F	ug.b8	imageView	c
F	ug.b8	resourcesProvider	a
F	ug.b8	subtitleTextView	e
F	ug.da	bounds	j
F	ug.da	index	a
F	ug.da	left	g
F	ug.da	offset	f
F	ug.da	path	d
F	ug.da	right	h
F	ug.fa	bitmap	a
F	ug.ga	frames	d
F	ug.ga	loading	k
F	ug.ia	delegate	a
F	ug.ia	h	v1
F	ug.ia	open	i0
F	ug.ia	progress	e
F	ug.ia	scroll	f
F	ug.ia	w	u1
F	yd.b	buffer	c
F	yd.b	data	a
F	wg.e3	dialogId	O
F	wg.f0	resourcesProvider	a
F	wg.o2	this$0	z0
F	wg.p2	attached	U0
F	wg.p2	currentAccount	F
F	wg.p2	errorCode	S0
F	wg.p2	insets	h
F	wg.p2	peerId	H
F	wg.p2	resourcesProvider	D
F	wg.p	context	a
F	wg.p	currentAccount	b
F	wg.q0	context	a
F	wg.q0	currentAccount	b
F	wg.q0	listeners	f
F	wg.z3	currentAccount	a
F	wg.z3	flags	n
F	wg.z3	peerId	b
F	wg.z3	response	q
F	wg.z3	type	g
M	xe.k1	clear	b	()V
M	xe.k1	filter	d	(Lorg/telegram/tgnet/TLObject;)Z
M	xe.s0	set	a	(ILjava/lang/String;Lorg/telegram/tgnet/TLRPC$Chat;)V
M	xe.u0	isEnabled	D	(Ln4/k1;)Z
M	xe.u0	getItemCount	h	()I
M	xe.u0	notifyDataSetChanged	l	()V
M	xe.u0	onBindViewHolder	v	(Ln4/k1;I)V
M	xe.y0	isEnabled	D	(Ln4/k1;)Z
M	xe.y0	getItemCount	h	()I
M	xe.y0	notifyDataSetChanged	l	()V
M	xe.y0	onBindViewHolder	v	(Ln4/k1;I)V
M	xe.k	isEnabled	D	(Ln4/k1;)Z
M	xe.k	getItemCount	h	()I
M	xe.k	getItemId	i	(I)J
M	xe.k	notifyDataSetChanged	l	()V
M	xe.k	onBindViewHolder	v	(Ln4/k1;I)V
M	xe.k	onViewAttachedToWindow	y	(Ln4/k1;)V
M	xf.a	draw	T	(Landroid/graphics/Canvas;FFFF)V
M	xf.b	draw	T	(Landroid/graphics/Canvas;FFFF)V
M	xf.c	draw	T	(Landroid/graphics/Canvas;FFFF)V
M	xf.c	setColor	a	(I)V
M	xf.d	draw	T	(Landroid/graphics/Canvas;FFFF)V
M	androidx.recyclerview.widget.RecyclerView	getChildViewHolder	T	(Landroid/view/View;)Ln4/k1;
M	be.c	getString	c	(I)Ljava/lang/String;
M	ye.f	getInstance	a	(I)Lye/f;
M	ye.f	load	c	(Lorg/telegram/messenger/Utilities$Callback;)V
M	ye.u	getInstance	d	(I)Lye/u;
M	ye.u	load	e	(ZZ)V
M	ye.r1	getInstance	f	(I)Lye/r1;
M	ye.r1	load	h	()V
M	ye.u1	getInstance	b	(I)Lye/u1;
M	ye.u1	load	g	()V
M	yg.i	set	a	(IIILjava/lang/CharSequence;Ljava/lang/CharSequence;Z)V
M	c1.f	check	b	(I)V
M	c1.f	getContext	f	()Landroid/content/Context;
M	c1.f	isActive	u	()Z
M	zf.a	filter	a	(Lorg/telegram/messenger/MessageObject;)Z
M	com.google.firebase.messaging.j	removeView	u	(Landroid/view/View;)V
M	com.google.firebase.messaging.j	wrap	z	(Landroid/text/SpannableString;I)V
M	d0.m0	cancel	b	(I)V
M	d0.m0	from	c	(Landroid/content/Context;)Ld0/m0;
M	d0.n0	build	a	()Ld0/o0;
M	d0.o0	getName	b	()Ljava/lang/CharSequence;
M	d0.s	build	b	()Landroid/app/Notification;
M	da.l	add	j	(Ljava/lang/String;Lda/i;)V
M	dd.h	getVisibility	c	()F
M	dd.k	reset	m	(Ljava/util/List;Z)V
M	dd.m	replace	f	(Ljava/lang/Object;Z)V
M	dd.n	set	d	(F)V
M	af.b	measure	e	()V
M	ah.v5	isSupported	c	(Lorg/telegram/tgnet/tl/TL_keyboard$InlineButtonType;)Z
M	ah.g0	create	a	(Ljava/lang/String;IF)Lah/g0;
M	ah.u7	append	a	(Landroid/text/SpannableStringBuilder;Lorg/telegram/tgnet/tl/TL_iv$RichText;ILorg/telegram/tgnet/tl/TL_iv$PageBlock;Z)V
M	ah.u7	isEmpty	j	(Lorg/telegram/tgnet/tl/TL_iv$RichText;)Z
M	ah.u7	wrap	s	(Ljava/lang/String;Lah/t7;)Lorg/telegram/tgnet/tl/TL_iv$RichText;
M	e2.e	m	g	()Ljava/lang/Class;
M	e4.w	active	a	(II)Z
M	e6.f	setViewVisible	h	(IZZ)V
M	f0.a	draw	b	(Landroid/graphics/Canvas;Ld0/h0;ILandroid/graphics/Paint;)V
M	f0.c	getId	b	()Ljava/lang/String;
M	f2.y	invalidate	b	()V
M	fa.n	find	a	(Ljava/lang/Object;Z)Lfa/m;
M	fe.e	cancel	a	(Z)V
M	fe.e	end	b	()V
M	fe.e	end	c	(Z)V
M	fe.e	init	d	()V
M	fe.f	replace	v	(Landroid/net/Uri;Ljava/lang/String;Ljava/lang/String;Ljava/lang/String;Ljava/lang/String;)Ljava/lang/String;
M	h0.b	max	a	(Lh0/b;Lh0/b;)Lh0/b;
M	he.e	build	a	()Lhe/f;
M	ef.a	setColor	b	(I)V
M	ef.c	setColor	a	(I)V
M	j1.h	cancel	c	()V
M	j1.i	getValue	a	(Ljava/lang/Object;)F
M	jb.b	get	a	(II)B
M	jb.b	set	b	(III)V
M	ff.c	setItems	E	(Ljava/util/ArrayList;Ljava/util/ArrayList;)V
M	k4.a0	getInstance	d	(Landroid/content/Context;)Lk4/a0;
M	k4.b	post	b	(ILjava/lang/Object;)V
M	k4.t	isEmpty	d	()Z
M	k4.y	select	l	()V
M	ke.b	build	a	()Landroid/app/PictureInPictureParams$Builder;
M	ke.b	isValid	b	()Z
M	gf.o0	get	c	()Ljava/util/List;
M	gf.z0	cleanup	a	()V
M	gf.z0	getColor	b	(I)I
M	gf.z0	getInstance	e	(I)Lgf/z0;
M	hg.i	getInsets	e	(I)Lh0/b;
M	le.c	getDocument	c	(J)Lorg/telegram/tgnet/TLRPC$Document;
M	le.c	getSharedPreferences	d	()Landroid/content/SharedPreferences;
M	hf.a1	set	b	(ILhf/z0;Z)V
M	hf.a1	setType	c	(II)V
M	hf.g3	clean	b	()V
M	hf.f1	setType	e	(II)V
M	ig.h	attach	a	(Landroid/view/View;)V
M	ig.h	detach	b	()V
M	ig.h	draw	c	(Landroid/graphics/Canvas;II)V
M	ig.j	attach	a	()V
M	m1.g	getMimeType	g	(Ljava/io/BufferedInputStream;)I
M	jf.g2	setChecked	c	(ZZ)V
M	jf.k2	draw	a	(Landroid/graphics/Canvas;JF)V
M	jf.l2	init	c	()V
M	jf.m1	getColor	b	(I)I
M	jf.n1	getInstance	d	()Ljf/n1;
M	jf.r0	getChat	s1	()Lorg/telegram/tgnet/TLRPC$Chat;
M	jg.c	draw	c	(Landroid/graphics/Canvas;II)V
M	jg.d	draw	c	(Landroid/graphics/Canvas;II)V
M	n4.e0	select	p	(Ln4/k1;I)V
M	n4.i0	setOrientation	j1	(I)V
M	n4.o0	getItemCount	h	()I
M	n4.o0	notifyDataSetChanged	l	()V
M	n4.o0	onBindViewHolder	v	(Ln4/k1;I)V
M	n4.b1	clear	a	()V
M	oe.j	getInstance	c	()Loe/j;
M	oe.r	setBounds	c	(Landroid/graphics/Rect;FFIII)V
M	oe.r	setBounds	d	(Landroid/graphics/drawable/Drawable;FFI)V
M	oe.r	setBounds	e	(Landroid/graphics/drawable/Drawable;FFIII)V
M	oe.u	apply	a	(Lorg/telegram/tgnet/tl/TL_update$TL_updateDeleteEphemeralMessages;)V
M	oe.w	getInstance	g	(I)Loe/w;
M	oe.c0	reset	b	()V
M	org.telegram.messenger.ResLottieMeta	build	load	()[J
M	org.telegram.messenger.b	m	e	(Ljava/nio/file/Path;)Lj$/util/stream/Stream;
M	org.telegram.tgnet.TLRPC$DialogFilter	TLdeserialize	TLdeserialize	(Lorg/telegram/tgnet/InputSerializedData;IZ)Lorg/telegram/tgnet/TLRPC$DialogFilter;
M	org.telegram.tgnet.TLRPC$InputFile	TLdeserialize	TLdeserialize	(Lorg/telegram/tgnet/InputSerializedData;IZ)Lorg/telegram/tgnet/TLRPC$InputFile;
M	org.telegram.tgnet.TLRPC$MessageReactions	TLdeserialize	TLdeserialize	(Lorg/telegram/tgnet/InputSerializedData;IZ)Lorg/telegram/tgnet/TLRPC$TL_messageReactions;
M	org.telegram.tgnet.TLRPC$ReplyMarkup	TLdeserialize	TLdeserialize	(Lorg/telegram/tgnet/InputSerializedData;IZ)Lorg/telegram/tgnet/TLRPC$ReplyMarkup;
M	org.telegram.tgnet.TLRPC$TL_photos_photo	TLdeserialize	TLdeserialize	(Lorg/telegram/tgnet/InputSerializedData;IZ)Lorg/telegram/tgnet/TLRPC$TL_photos_photo;
M	org.telegram.tgnet.TLRPC$TL_fileHash	TLdeserialize	TLdeserialize	(Lorg/telegram/tgnet/InputSerializedData;IZ)Lorg/telegram/tgnet/TLRPC$TL_fileHash;
M	org.telegram.tgnet.TLRPC$WebDocument	TLdeserialize	TLdeserialize	(Lorg/telegram/tgnet/InputSerializedData;IZ)Lorg/telegram/tgnet/TLRPC$WebDocument;
M	org.telegram.tgnet.TLRPC$messages_BotResults	TLdeserialize	TLdeserialize	(Lorg/telegram/tgnet/InputSerializedData;IZ)Lorg/telegram/tgnet/TLRPC$messages_BotResults;
M	org.telegram.tgnet.TLRPC$DialogPeer	TLdeserialize	TLdeserialize	(Lorg/telegram/tgnet/InputSerializedData;IZ)Lorg/telegram/tgnet/TLRPC$DialogPeer;
M	org.telegram.tgnet.TLRPC$MessageReplyHeader	TLdeserialize	TLdeserialize	(Lorg/telegram/tgnet/InputSerializedData;IZ)Lorg/telegram/tgnet/TLRPC$MessageReplyHeader;
M	org.telegram.tgnet.TLRPC$TL_channelAdminRights_layer92	TLdeserialize	TLdeserialize	(Lorg/telegram/tgnet/InputSerializedData;IZ)Lorg/telegram/tgnet/TLRPC$TL_channelAdminRights_layer92;
M	org.telegram.tgnet.TLRPC$WebPage	TLdeserialize	TLdeserialize	(Lorg/telegram/tgnet/InputSerializedData;IZ)Lorg/telegram/tgnet/TLRPC$WebPage;
M	org.telegram.tgnet.TLRPC$messages_Chats	TLdeserialize	TLdeserialize	(Lorg/telegram/tgnet/InputSerializedData;IZ)Lorg/telegram/tgnet/TLRPC$messages_Chats;
M	org.telegram.tgnet.TLRPC$DisallowedGiftsSettings	TLdeserialize	TLdeserialize	(Lorg/telegram/tgnet/InputSerializedData;IZ)Lorg/telegram/tgnet/TLRPC$DisallowedGiftsSettings;
M	org.telegram.tgnet.TLRPC$InputGeoPoint	TLdeserialize	TLdeserialize	(Lorg/telegram/tgnet/InputSerializedData;IZ)Lorg/telegram/tgnet/TLRPC$InputGeoPoint;
M	org.telegram.tgnet.TLRPC$RequestPeerType	TLdeserialize	TLdeserialize	(Lorg/telegram/tgnet/InputSerializedData;IZ)Lorg/telegram/tgnet/TLRPC$RequestPeerType;
M	org.telegram.tgnet.TLRPC$TL_channelBannedRights_layer92	TLdeserialize	TLdeserialize	(Lorg/telegram/tgnet/InputSerializedData;IZ)Lorg/telegram/tgnet/TLRPC$TL_channelBannedRights_layer92;
M	org.telegram.tgnet.TLRPC$AttachMenuPeerType	TLdeserialize	TLdeserialize	(Lorg/telegram/tgnet/InputSerializedData;IZ)Lorg/telegram/tgnet/TLRPC$AttachMenuPeerType;
M	org.telegram.tgnet.TLRPC$InputGroupCall	TLdeserialize	TLdeserialize	(Lorg/telegram/tgnet/InputSerializedData;IZ)Lorg/telegram/tgnet/TLRPC$InputGroupCall;
M	org.telegram.tgnet.TLRPC$NotificationSound	TLdeserialize	TLdeserialize	(Lorg/telegram/tgnet/InputSerializedData;IZ)Lorg/telegram/tgnet/TLRPC$NotificationSound;
M	org.telegram.tgnet.TLRPC$RestrictionReason	TLdeserialize	TLdeserialize	(Lorg/telegram/tgnet/InputSerializedData;IZ)Lorg/telegram/tgnet/TLRPC$RestrictionReason;
M	org.telegram.tgnet.TLRPC$TL_help_termsOfService	TLdeserialize	TLdeserialize	(Lorg/telegram/tgnet/InputSerializedData;IZ)Lorg/telegram/tgnet/TLRPC$TL_help_termsOfService;
M	org.telegram.tgnet.TLRPC$auth_Authorization	TLdeserialize	TLdeserialize	(Lorg/telegram/tgnet/InputSerializedData;IZ)Lorg/telegram/tgnet/TLRPC$auth_Authorization;
M	org.telegram.tgnet.TLRPC$DocumentAttribute	TLdeserialize	TLdeserialize	(Lorg/telegram/tgnet/InputSerializedData;IZ)Lorg/telegram/tgnet/TLRPC$DocumentAttribute;
M	org.telegram.tgnet.TLRPC$InputMedia	TLdeserialize	TLdeserialize	(Lorg/telegram/tgnet/InputSerializedData;IZ)Lorg/telegram/tgnet/TLRPC$InputMedia;
M	org.telegram.tgnet.TLRPC$messages_EmojiGroups	TLdeserialize	TLdeserialize	(Lorg/telegram/tgnet/InputSerializedData;IZ)Lorg/telegram/tgnet/TLRPC$messages_EmojiGroups;
M	org.telegram.tgnet.TLRPC$BaseTheme	TLdeserialize	TLdeserialize	(Lorg/telegram/tgnet/InputSerializedData;IZ)Lorg/telegram/tgnet/TLRPC$BaseTheme;
M	org.telegram.tgnet.TLRPC$DraftMessage	TLdeserialize	TLdeserialize	(Lorg/telegram/tgnet/InputSerializedData;IZ)Lorg/telegram/tgnet/TLRPC$DraftMessage;
M	org.telegram.tgnet.TLRPC$InputPeer	TLdeserialize	TLdeserialize	(Lorg/telegram/tgnet/InputSerializedData;IZ)Lorg/telegram/tgnet/TLRPC$InputPeer;
M	org.telegram.tgnet.TLRPC$PasswordKdfAlgo	TLdeserialize	TLdeserialize	(Lorg/telegram/tgnet/InputSerializedData;IZ)Lorg/telegram/tgnet/TLRPC$PasswordKdfAlgo;
M	org.telegram.tgnet.TLRPC$SearchPostsFlood	TLdeserialize	TLdeserialize	(Lorg/telegram/tgnet/InputSerializedData;IZ)Lorg/telegram/tgnet/TLRPC$SearchPostsFlood;
M	org.telegram.tgnet.TLRPC$TL_folder	TLdeserialize	TLdeserialize	(Lorg/telegram/tgnet/InputSerializedData;IZ)Lorg/telegram/tgnet/TLRPC$TL_folder;
M	org.telegram.tgnet.TLRPC$auth_SentCode	TLdeserialize	TLdeserialize	(Lorg/telegram/tgnet/InputSerializedData;IZ)Lorg/telegram/tgnet/TLRPC$auth_SentCode;
M	org.telegram.tgnet.TLRPC$messages_ExportedChatInvite	TLdeserialize	TLdeserialize	(Lorg/telegram/tgnet/InputSerializedData;IZ)Lorg/telegram/tgnet/TLRPC$messages_ExportedChatInvite;
M	org.telegram.tgnet.Vector$TLDeserializer	deserialize	deserialize	(Lorg/telegram/tgnet/InputSerializedData;IZ)Lorg/telegram/tgnet/TLObject;
M	org.telegram.tgnet.TLRPC$TL_langPackDifference	TLdeserialize	TLdeserialize	(Lorg/telegram/tgnet/InputSerializedData;IZ)Lorg/telegram/tgnet/TLRPC$TL_langPackDifference;
M	org.telegram.tgnet.TLRPC$Bool	TLdeserialize	TLdeserialize	(Lorg/telegram/tgnet/InputSerializedData;IZ)Lorg/telegram/tgnet/TLRPC$Bool;
M	org.telegram.tgnet.TLRPC$EmojiGameInfo	TLdeserialize	TLdeserialize	(Lorg/telegram/tgnet/InputSerializedData;IZ)Lorg/telegram/tgnet/TLRPC$EmojiGameInfo;
M	org.telegram.tgnet.TLRPC$InputPhoto	TLdeserialize	TLdeserialize	(Lorg/telegram/tgnet/InputSerializedData;IZ)Lorg/telegram/tgnet/TLRPC$InputPhoto;
M	org.telegram.tgnet.TLRPC$SecureFile	TLdeserialize	TLdeserialize	(Lorg/telegram/tgnet/InputSerializedData;IZ)Lorg/telegram/tgnet/TLRPC$SecureFile;
M	org.telegram.tgnet.Vector	deserialize	deserialize	(Lorg/telegram/tgnet/InputSerializedData;Lorg/telegram/tgnet/Vector$TLDeserializer;Z)Ljava/util/ArrayList;
M	org.telegram.tgnet.Vector	serialize	serialize	(Lorg/telegram/tgnet/OutputSerializedData;Ljava/util/ArrayList;)V
M	org.telegram.tgnet.TLRPC$BotInlineMessage	TLdeserialize	TLdeserialize	(Lorg/telegram/tgnet/InputSerializedData;IZ)Lorg/telegram/tgnet/TLRPC$BotInlineMessage;
M	org.telegram.tgnet.TLRPC$SecurePasswordKdfAlgo	TLdeserialize	TLdeserialize	(Lorg/telegram/tgnet/InputSerializedData;IZ)Lorg/telegram/tgnet/TLRPC$SecurePasswordKdfAlgo;
M	org.telegram.tgnet.TLRPC$messages_FeaturedStickers	TLdeserialize	TLdeserialize	(Lorg/telegram/tgnet/InputSerializedData;IZ)Lorg/telegram/tgnet/TLRPC$messages_FeaturedStickers;
M	org.telegram.tgnet.TLRPC$BotInlineResult	TLdeserialize	TLdeserialize	(Lorg/telegram/tgnet/InputSerializedData;IZ)Lorg/telegram/tgnet/TLRPC$BotInlineResult;
M	org.telegram.tgnet.TLRPC$TL_messages_affectedHistory	TLdeserialize	TLdeserialize	(Lorg/telegram/tgnet/InputSerializedData;IZ)Lorg/telegram/tgnet/TLRPC$TL_messages_affectedHistory;
M	org.telegram.tgnet.TLRPC$InputReplyTo	TLdeserialize	TLdeserialize	(Lorg/telegram/tgnet/InputSerializedData;IZ)Lorg/telegram/tgnet/TLRPC$InputReplyTo;
M	org.telegram.tgnet.TLRPC$Peer	TLdeserialize	TLdeserialize	(Lorg/telegram/tgnet/InputSerializedData;IZ)Lorg/telegram/tgnet/TLRPC$Peer;
M	org.telegram.tgnet.TLRPC$SecurePlainData	TLdeserialize	TLdeserialize	(Lorg/telegram/tgnet/InputSerializedData;IZ)Lorg/telegram/tgnet/TLRPC$SecurePlainData;
M	org.telegram.tgnet.TLRPC$TL_textWithEntities	TLdeserialize	TLdeserialize	(Lorg/telegram/tgnet/InputSerializedData;IZ)Lorg/telegram/tgnet/TLRPC$TL_textWithEntities;
M	org.telegram.tgnet.TLRPC$messages_FoundStickerSets	TLdeserialize	TLdeserialize	(Lorg/telegram/tgnet/InputSerializedData;IZ)Lorg/telegram/tgnet/TLRPC$messages_FoundStickerSets;
M	org.telegram.tgnet.TLRPC$EmojiList	TLdeserialize	TLdeserialize	(Lorg/telegram/tgnet/InputSerializedData;IZ)Lorg/telegram/tgnet/TLRPC$EmojiList;
M	org.telegram.tgnet.TLRPC$TL_messages_affectedMessages	TLdeserialize	TLdeserialize	(Lorg/telegram/tgnet/InputSerializedData;IZ)Lorg/telegram/tgnet/TLRPC$TL_messages_affectedMessages;
M	org.telegram.tgnet.TLRPC$InputSecureFile	TLdeserialize	TLdeserialize	(Lorg/telegram/tgnet/InputSerializedData;IZ)Lorg/telegram/tgnet/TLRPC$InputSecureFile;
M	org.telegram.tgnet.TLRPC$PeerColor	TLdeserialize	TLdeserialize	(Lorg/telegram/tgnet/InputSerializedData;IZ)Lorg/telegram/tgnet/TLRPC$PeerColor;
M	org.telegram.tgnet.TLRPC$SecureRequiredType	TLdeserialize	TLdeserialize	(Lorg/telegram/tgnet/InputSerializedData;IZ)Lorg/telegram/tgnet/TLRPC$SecureRequiredType;
M	org.telegram.tgnet.TLRPC$TL_inlineBotSwitchPM	TLdeserialize	TLdeserialize	(Lorg/telegram/tgnet/InputSerializedData;IZ)Lorg/telegram/tgnet/TLRPC$TL_inlineBotSwitchPM;
M	org.telegram.tgnet.TLRPC$TL_webViewResultUrl	TLdeserialize	TLdeserialize	(Lorg/telegram/tgnet/InputSerializedData;IZ)Lorg/telegram/tgnet/TLRPC$TL_webViewResultUrl;
M	org.telegram.tgnet.TLRPC$ChannelLocation	TLdeserialize	TLdeserialize	(Lorg/telegram/tgnet/InputSerializedData;IZ)Lorg/telegram/tgnet/TLRPC$ChannelLocation;
M	org.telegram.tgnet.TLRPC$EmojiStatus	TLdeserialize	TLdeserialize	(Lorg/telegram/tgnet/InputSerializedData;IZ)Lorg/telegram/tgnet/TLRPC$EmojiStatus;
M	org.telegram.tgnet.TLRPC$InputStickerSet	TLdeserialize	TLdeserialize	(Lorg/telegram/tgnet/InputSerializedData;IZ)Lorg/telegram/tgnet/TLRPC$InputStickerSet;
M	org.telegram.tgnet.TLRPC$TL_messages_invitedUsers	TLdeserialize	TLdeserialize	(Lorg/telegram/tgnet/InputSerializedData;IZ)Lorg/telegram/tgnet/TLRPC$TL_messages_invitedUsers;
M	org.telegram.tgnet.TLRPC$ThemeSettings	TLdeserialize	TLdeserialize	(Lorg/telegram/tgnet/InputSerializedData;IZ)Lorg/telegram/tgnet/TLRPC$ThemeSettings;
M	org.telegram.tgnet.TLRPC$messages_Messages	TLdeserialize	TLdeserialize	(Lorg/telegram/tgnet/InputSerializedData;IZ)Lorg/telegram/tgnet/TLRPC$messages_Messages;
M	org.telegram.tgnet.TLRPC$ChannelParticipant	TLdeserialize	TLdeserialize	(Lorg/telegram/tgnet/InputSerializedData;IZ)Lorg/telegram/tgnet/TLRPC$ChannelParticipant;
M	org.telegram.tgnet.TLRPC$EncryptedChat	TLdeserialize	TLdeserialize	(Lorg/telegram/tgnet/InputSerializedData;IZ)Lorg/telegram/tgnet/TLRPC$EncryptedChat;
M	org.telegram.tgnet.TLRPC$InputStorePaymentPurpose	TLdeserialize	TLdeserialize	(Lorg/telegram/tgnet/InputSerializedData;IZ)Lorg/telegram/tgnet/TLRPC$InputStorePaymentPurpose;
M	org.telegram.tgnet.TLRPC$PeerNotifySettings	TLdeserialize	TLdeserialize	(Lorg/telegram/tgnet/InputSerializedData;IZ)Lorg/telegram/tgnet/TLRPC$PeerNotifySettings;
M	org.telegram.tgnet.TLRPC$SecureValueType	TLdeserialize	TLdeserialize	(Lorg/telegram/tgnet/InputSerializedData;IZ)Lorg/telegram/tgnet/TLRPC$SecureValueType;
M	org.telegram.tgnet.TLRPC$TL_updates_state	TLdeserialize	TLdeserialize	(Lorg/telegram/tgnet/InputSerializedData;IZ)Lorg/telegram/tgnet/TLRPC$TL_updates_state;
M	org.telegram.tgnet.TLRPC$messages_Reactions	TLdeserialize	TLdeserialize	(Lorg/telegram/tgnet/InputSerializedData;IZ)Lorg/telegram/tgnet/TLRPC$messages_Reactions;
M	org.telegram.tgnet.TLRPC$EncryptedFile	TLdeserialize	TLdeserialize	(Lorg/telegram/tgnet/InputSerializedData;IZ)Lorg/telegram/tgnet/TLRPC$EncryptedFile;
M	org.telegram.tgnet.TLRPC$InputUser	TLdeserialize	TLdeserialize	(Lorg/telegram/tgnet/InputSerializedData;IZ)Lorg/telegram/tgnet/TLRPC$InputUser;
M	org.telegram.tgnet.TLRPC$PeerSettings	TLdeserialize	TLdeserialize	(Lorg/telegram/tgnet/InputSerializedData;IZ)Lorg/telegram/tgnet/TLRPC$PeerSettings;
M	org.telegram.tgnet.TLRPC$SendMessageAction	TLdeserialize	TLdeserialize	(Lorg/telegram/tgnet/InputSerializedData;IZ)Lorg/telegram/tgnet/TLRPC$SendMessageAction;
M	org.telegram.tgnet.TLRPC$Chat	TLdeserialize	TLdeserialize	(Lorg/telegram/tgnet/InputSerializedData;IZ)Lorg/telegram/tgnet/TLRPC$Chat;
M	org.telegram.tgnet.TLRPC$EncryptedMessage	TLdeserialize	TLdeserialize	(Lorg/telegram/tgnet/InputSerializedData;IZ)Lorg/telegram/tgnet/TLRPC$EncryptedMessage;
M	org.telegram.tgnet.TLRPC$PhoneCallDiscardReason	TLdeserialize	TLdeserialize	(Lorg/telegram/tgnet/InputSerializedData;IZ)Lorg/telegram/tgnet/TLRPC$PhoneCallDiscardReason;
M	org.telegram.tgnet.TLRPC$StickerSet	TLdeserialize	TLdeserialize	(Lorg/telegram/tgnet/InputSerializedData;IZ)Lorg/telegram/tgnet/TLRPC$StickerSet;
M	org.telegram.tgnet.TLRPC$TL_recentStory	TLdeserialize	TLdeserialize	(Lorg/telegram/tgnet/InputSerializedData;IZ)Lorg/telegram/tgnet/TLRPC$TL_recentStory;
M	org.telegram.tgnet.TLRPC$help_AppConfig	TLdeserialize	TLdeserialize	(Lorg/telegram/tgnet/InputSerializedData;IZ)Lorg/telegram/tgnet/TLRPC$help_AppConfig;
M	org.telegram.tgnet.TLRPC$messages_SavedDialogs	TLdeserialize	TLdeserialize	(Lorg/telegram/tgnet/InputSerializedData;IZ)Lorg/telegram/tgnet/TLRPC$messages_SavedDialogs;
M	org.telegram.tgnet.TLRPC$ChatFull	TLdeserialize	TLdeserialize	(Lorg/telegram/tgnet/InputSerializedData;IZ)Lorg/telegram/tgnet/TLRPC$ChatFull;
M	org.telegram.tgnet.TLRPC$FileLocation	TLdeserialize	TLdeserialize	(Lorg/telegram/tgnet/InputSerializedData;IZ)Lorg/telegram/tgnet/TLRPC$FileLocation;
M	org.telegram.tgnet.TLRPC$PhoneConnection	TLdeserialize	TLdeserialize	(Lorg/telegram/tgnet/InputSerializedData;IZ)Lorg/telegram/tgnet/TLRPC$PhoneConnection;
M	org.telegram.tgnet.TLRPC$StickerSetCovered	TLdeserialize	TLdeserialize	(Lorg/telegram/tgnet/InputSerializedData;IZ)Lorg/telegram/tgnet/TLRPC$StickerSetCovered;
M	org.telegram.tgnet.TLRPC$ChatInvite	TLdeserialize	TLdeserialize	(Lorg/telegram/tgnet/InputSerializedData;IZ)Lorg/telegram/tgnet/TLRPC$ChatInvite;
M	org.telegram.tgnet.TLRPC$GeoPoint	TLdeserialize	TLdeserialize	(Lorg/telegram/tgnet/InputSerializedData;IZ)Lorg/telegram/tgnet/TLRPC$GeoPoint;
M	org.telegram.tgnet.TLRPC$JSONValue	TLdeserialize	TLdeserialize	(Lorg/telegram/tgnet/InputSerializedData;IZ)Lorg/telegram/tgnet/TLRPC$JSONValue;
M	org.telegram.tgnet.TLRPC$Photo	TLdeserialize	TLdeserialize	(Lorg/telegram/tgnet/InputSerializedData;IZ)Lorg/telegram/tgnet/TLRPC$Photo;
M	org.telegram.tgnet.TLRPC$SuggestedPost	TLdeserialize	TLdeserialize	(Lorg/telegram/tgnet/InputSerializedData;IZ)Lorg/telegram/tgnet/TLRPC$SuggestedPost;
M	org.telegram.tgnet.TLRPC$TL_premiumGiftOption	TLdeserialize	TLdeserialize	(Lorg/telegram/tgnet/InputSerializedData;IZ)Lorg/telegram/tgnet/TLRPC$TL_premiumGiftOption;
M	org.telegram.tgnet.TLRPC$messages_SavedReactionTags	TLdeserialize	TLdeserialize	(Lorg/telegram/tgnet/InputSerializedData;IZ)Lorg/telegram/tgnet/TLRPC$messages_SavedReactionTags;
M	org.telegram.tgnet.TLRPC$GlobalPrivacySettings	TLdeserialize	TLdeserialize	(Lorg/telegram/tgnet/InputSerializedData;IZ)Lorg/telegram/tgnet/TLRPC$GlobalPrivacySettings;
M	org.telegram.tgnet.TLRPC$TL_paymentCharge	TLdeserialize	TLdeserialize	(Lorg/telegram/tgnet/InputSerializedData;IZ)Lorg/telegram/tgnet/TLRPC$TL_paymentCharge;
M	org.telegram.tgnet.TLRPC$messages_SentEncryptedMessage	TLdeserialize	TLdeserialize	(Lorg/telegram/tgnet/InputSerializedData;IZ)Lorg/telegram/tgnet/TLRPC$messages_SentEncryptedMessage;
M	org.telegram.tgnet.TLRPC$ChatParticipant	TLdeserialize	TLdeserialize	(Lorg/telegram/tgnet/InputSerializedData;IZ)Lorg/telegram/tgnet/TLRPC$ChatParticipant;
M	org.telegram.tgnet.TLRPC$GroupCall	TLdeserialize	TLdeserialize	(Lorg/telegram/tgnet/InputSerializedData;IZ)Lorg/telegram/tgnet/TLRPC$GroupCall;
M	org.telegram.tgnet.TLRPC$LangPackString	TLdeserialize	TLdeserialize	(Lorg/telegram/tgnet/InputSerializedData;IZ)Lorg/telegram/tgnet/TLRPC$LangPackString;
M	org.telegram.tgnet.TLRPC$Poll	TLdeserialize	TLdeserialize	(Lorg/telegram/tgnet/InputSerializedData;Z)Lorg/telegram/tgnet/TLRPC$Poll;
M	org.telegram.tgnet.TLRPC$TL_messages_forumTopics	TLdeserialize	TLdeserialize	(Lorg/telegram/tgnet/InputSerializedData;IZ)Lorg/telegram/tgnet/TLRPC$TL_messages_forumTopics;
M	org.telegram.tgnet.TLRPC$TL_invoice	TLdeserialize	TLdeserialize	(Lorg/telegram/tgnet/InputSerializedData;IZ)Lorg/telegram/tgnet/TLRPC$TL_invoice;
M	org.telegram.tgnet.TLRPC$ChatParticipants	TLdeserialize	TLdeserialize	(Lorg/telegram/tgnet/InputSerializedData;IZ)Lorg/telegram/tgnet/TLRPC$ChatParticipants;
M	org.telegram.tgnet.TLRPC$Message	TLdeserialize	TLdeserialize	(Lorg/telegram/tgnet/InputSerializedData;IZ)Lorg/telegram/tgnet/TLRPC$Message;
M	org.telegram.tgnet.TLRPC$PollAnswer	TLdeserialize	TLdeserialize	(Lorg/telegram/tgnet/InputSerializedData;IZ)Lorg/telegram/tgnet/TLRPC$PollAnswer;
M	org.telegram.tgnet.TLRPC$TL_autoDownloadSettings	TLdeserialize	TLdeserialize	(Lorg/telegram/tgnet/InputSerializedData;IZ)Lorg/telegram/tgnet/TLRPC$TL_autoDownloadSettings;
M	org.telegram.tgnet.TLRPC$TL_paymentRequestedInfo	TLdeserialize	TLdeserialize	(Lorg/telegram/tgnet/InputSerializedData;IZ)Lorg/telegram/tgnet/TLRPC$TL_paymentRequestedInfo;
M	org.telegram.tgnet.TLRPC$User	TLdeserialize	TLdeserialize	(Lorg/telegram/tgnet/InputSerializedData;IZ)Lorg/telegram/tgnet/TLRPC$User;
M	org.telegram.tgnet.TLRPC$help_PeerColorSet	TLdeserialize	TLdeserialize	(Lorg/telegram/tgnet/InputSerializedData;IZ)Lorg/telegram/tgnet/TLRPC$help_PeerColorSet;
M	org.telegram.tgnet.TLRPC$ChatPhoto	TLdeserialize	TLdeserialize	(Lorg/telegram/tgnet/InputSerializedData;IZ)Lorg/telegram/tgnet/TLRPC$ChatPhoto;
M	org.telegram.tgnet.TLRPC$GroupCallParticipant	TLdeserialize	TLdeserialize	(Lorg/telegram/tgnet/InputSerializedData;IZ)Lorg/telegram/tgnet/TLRPC$GroupCallParticipant;
M	org.telegram.tgnet.TLRPC$TL_messages_botCallbackAnswer	TLdeserialize	TLdeserialize	(Lorg/telegram/tgnet/InputSerializedData;IZ)Lorg/telegram/tgnet/TLRPC$TL_messages_botCallbackAnswer;
M	org.telegram.tgnet.TLRPC$MessageAction	TLdeserialize	TLdeserialize	(Lorg/telegram/tgnet/InputSerializedData;IZ)Lorg/telegram/tgnet/TLRPC$MessageAction;
M	org.telegram.tgnet.TLRPC$PollAnswerVoters	TLdeserialize	TLdeserialize	(Lorg/telegram/tgnet/InputSerializedData;IZ)Lorg/telegram/tgnet/TLRPC$PollAnswerVoters;
M	org.telegram.tgnet.TLRPC$TL_secureValue	TLdeserialize	TLdeserialize	(Lorg/telegram/tgnet/InputSerializedData;IZ)Lorg/telegram/tgnet/TLRPC$TL_secureValue;
M	org.telegram.tgnet.TLRPC$UserFull	TLdeserialize	TLdeserialize	(Lorg/telegram/tgnet/InputSerializedData;IZ)Lorg/telegram/tgnet/TLRPC$UserFull;
M	org.telegram.tgnet.TLRPC$help_PeerColors	TLdeserialize	TLdeserialize	(Lorg/telegram/tgnet/InputSerializedData;IZ)Lorg/telegram/tgnet/TLRPC$help_PeerColors;
M	org.telegram.tgnet.TLRPC$ChatReactions	TLdeserialize	TLdeserialize	(Lorg/telegram/tgnet/InputSerializedData;IZ)Lorg/telegram/tgnet/TLRPC$ChatReactions;
M	org.telegram.tgnet.TLRPC$InlineQueryPeerType	TLdeserialize	TLdeserialize	(Lorg/telegram/tgnet/InputSerializedData;IZ)Lorg/telegram/tgnet/TLRPC$InlineQueryPeerType;
M	org.telegram.tgnet.TLRPC$PollResults	TLdeserialize	TLdeserialize	(Lorg/telegram/tgnet/InputSerializedData;IZ)Lorg/telegram/tgnet/TLRPC$PollResults;
M	org.telegram.tgnet.TLRPC$TL_businessLocation	TLdeserialize	TLdeserialize	(Lorg/telegram/tgnet/InputSerializedData;IZ)Lorg/telegram/tgnet/TLRPC$TL_businessLocation;
M	org.telegram.tgnet.TLRPC$UserProfilePhoto	TLdeserialize	TLdeserialize	(Lorg/telegram/tgnet/InputSerializedData;IZ)Lorg/telegram/tgnet/TLRPC$UserProfilePhoto;
M	org.telegram.tgnet.TLRPC$ChatTheme	TLdeserialize	TLdeserialize	(Lorg/telegram/tgnet/InputSerializedData;IZ)Lorg/telegram/tgnet/TLRPC$ChatTheme;
M	org.telegram.tgnet.TLRPC$InputChannel	TLdeserialize	TLdeserialize	(Lorg/telegram/tgnet/InputSerializedData;IZ)Lorg/telegram/tgnet/TLRPC$InputChannel;
M	org.telegram.tgnet.TLRPC$MessageExtendedMedia	TLdeserialize	TLdeserialize	(Lorg/telegram/tgnet/InputSerializedData;IZ)Lorg/telegram/tgnet/TLRPC$MessageExtendedMedia;
M	org.telegram.tgnet.TLRPC$TL_chatAdminRights	TLdeserialize	TLdeserialize	(Lorg/telegram/tgnet/InputSerializedData;IZ)Lorg/telegram/tgnet/TLRPC$TL_chatAdminRights;
M	org.telegram.tgnet.TLRPC$TL_dataJSON	TLdeserialize	TLdeserialize	(Lorg/telegram/tgnet/InputSerializedData;IZ)Lorg/telegram/tgnet/TLRPC$TL_dataJSON;
M	org.telegram.tgnet.TLRPC$TL_starsRevenueStatus	TLdeserialize	TLdeserialize	(Lorg/telegram/tgnet/InputSerializedData;IZ)Lorg/telegram/tgnet/TLRPC$TL_starsRevenueStatus;
M	org.telegram.tgnet.TLRPC$UserStatus	TLdeserialize	TLdeserialize	(Lorg/telegram/tgnet/InputSerializedData;IZ)Lorg/telegram/tgnet/TLRPC$UserStatus;
M	org.telegram.tgnet.TLRPC$MessageFwdHeader	TLdeserialize	TLdeserialize	(Lorg/telegram/tgnet/InputSerializedData;IZ)Lorg/telegram/tgnet/TLRPC$MessageFwdHeader;
M	org.telegram.tgnet.TLRPC$PrivacyRule	TLdeserialize	TLdeserialize	(Lorg/telegram/tgnet/InputSerializedData;IZ)Lorg/telegram/tgnet/TLRPC$PrivacyRule;
M	org.telegram.tgnet.TLRPC$TL_messages_peerDialogs	TLdeserialize	TLdeserialize	(Lorg/telegram/tgnet/InputSerializedData;IZ)Lorg/telegram/tgnet/TLRPC$TL_messages_peerDialogs;
M	org.telegram.tgnet.TLRPC$TL_groupCallParticipantVideo	TLdeserialize	TLdeserialize	(Lorg/telegram/tgnet/InputSerializedData;IZ)Lorg/telegram/tgnet/TLRPC$TL_groupCallParticipantVideo;
M	org.telegram.tgnet.TLRPC$TL_username	TLdeserialize	TLdeserialize	(Lorg/telegram/tgnet/InputSerializedData;IZ)Lorg/telegram/tgnet/TLRPC$TL_username;
M	org.telegram.tgnet.TLRPC$TL_help_premiumPromo	TLdeserialize	TLdeserialize	(Lorg/telegram/tgnet/InputSerializedData;IZ)Lorg/telegram/tgnet/TLRPC$TL_help_premiumPromo;
M	org.telegram.tgnet.TLRPC$help_timezonesList	TLdeserialize	TLdeserialize	(Lorg/telegram/tgnet/InputSerializedData;IZ)Lorg/telegram/tgnet/TLRPC$help_timezonesList;
M	org.telegram.tgnet.TLRPC$payments_PaymentResult	TLdeserialize	TLdeserialize	(Lorg/telegram/tgnet/InputSerializedData;IZ)Lorg/telegram/tgnet/TLRPC$payments_PaymentResult;
M	org.telegram.tgnet.SerializedData	cleanup	cleanup	()V
M	org.telegram.tgnet.SerializedData	toByteArray	toByteArray	()[B
M	org.telegram.tgnet.TLRPC$DecryptedMessageAction	TLdeserialize	TLdeserialize	(Lorg/telegram/tgnet/InputSerializedData;IZ)Lorg/telegram/tgnet/TLRPC$DecryptedMessageAction;
M	org.telegram.tgnet.TLRPC$ProfileTab	TLdeserialize	TLdeserialize	(Lorg/telegram/tgnet/InputSerializedData;IZ)Lorg/telegram/tgnet/TLRPC$ProfileTab;
M	org.telegram.tgnet.TLRPC$TL_chatBannedRights	TLdeserialize	TLdeserialize	(Lorg/telegram/tgnet/InputSerializedData;IZ)Lorg/telegram/tgnet/TLRPC$TL_chatBannedRights;
M	org.telegram.tgnet.TLRPC$TL_chatBannedRights	clone	clone	(Lorg/telegram/tgnet/TLRPC$TL_chatBannedRights;)Lorg/telegram/tgnet/TLRPC$TL_chatBannedRights;
M	org.telegram.tgnet.TLRPC$TL_stickerPack	TLdeserialize	TLdeserialize	(Lorg/telegram/tgnet/InputSerializedData;IZ)Lorg/telegram/tgnet/TLRPC$TL_stickerPack;
M	org.telegram.tgnet.TLRPC$Video	TLdeserialize	TLdeserialize	(Lorg/telegram/tgnet/InputSerializedData;IZ)Lorg/telegram/tgnet/TLRPC$Video;
M	org.telegram.tgnet.TLRPC$messages_AllStickers	TLdeserialize	TLdeserialize	(Lorg/telegram/tgnet/InputSerializedData;IZ)Lorg/telegram/tgnet/TLRPC$messages_AllStickers;
M	org.telegram.tgnet.TLRPC$DecryptedMessageMedia	TLdeserialize	TLdeserialize	(Lorg/telegram/tgnet/InputSerializedData;IZ)Lorg/telegram/tgnet/TLRPC$DecryptedMessageMedia;
M	org.telegram.tgnet.TLRPC$InputDocument	TLdeserialize	TLdeserialize	(Lorg/telegram/tgnet/InputSerializedData;IZ)Lorg/telegram/tgnet/TLRPC$InputDocument;
M	org.telegram.tgnet.TLRPC$MessagePeerReaction	TLdeserialize	TLdeserialize	(Lorg/telegram/tgnet/InputSerializedData;IZ)Lorg/telegram/tgnet/TLRPC$MessagePeerReaction;
M	org.telegram.tgnet.TLRPC$Reaction	TLdeserialize	TLdeserialize	(Lorg/telegram/tgnet/InputSerializedData;IZ)Lorg/telegram/tgnet/TLRPC$Reaction;
M	org.telegram.tgnet.TLRPC$TL_factCheck	TLdeserialize	TLdeserialize	(Lorg/telegram/tgnet/InputSerializedData;IZ)Lorg/telegram/tgnet/TLRPC$TL_factCheck;
M	org.telegram.tgnet.TLRPC$VideoSize	TLdeserialize	TLdeserialize	(JJLorg/telegram/tgnet/InputSerializedData;IZ)Lorg/telegram/tgnet/TLRPC$VideoSize;
M	org.telegram.tgnet.TLRPC$messages_AvailableEffects	TLdeserialize	TLdeserialize	(Lorg/telegram/tgnet/InputSerializedData;IZ)Lorg/telegram/tgnet/TLRPC$messages_AvailableEffects;
M	org.telegram.tgnet.TLRPC$savedDialog	TLdeserialize	TLdeserialize	(Lorg/telegram/tgnet/InputSerializedData;IZ)Lorg/telegram/tgnet/TLRPC$savedDialog;
M	org.telegram.tgnet.TLRPC$Dialog	TLdeserialize	TLdeserialize	(Lorg/telegram/tgnet/InputSerializedData;IZ)Lorg/telegram/tgnet/TLRPC$Dialog;
M	org.telegram.tgnet.TLRPC$TL_quickReply	TLdeserialize	TLdeserialize	(Lorg/telegram/tgnet/InputSerializedData;IZ)Lorg/telegram/tgnet/TLRPC$TL_quickReply;
M	org.telegram.tgnet.TLRPC$WallPaper	TLdeserialize	TLdeserialize	(Lorg/telegram/tgnet/InputSerializedData;IZ)Lorg/telegram/tgnet/TLRPC$WallPaper;
M	org.telegram.ui.ActionBar.ActionBarLayout	onBackPressed	G	()V
M	org.telegram.ui.ActionBar.ActionBarLayout	onPause	L	()V
M	org.telegram.ui.ActionBar.ActionBarLayout	onResume	M	()V
M	org.telegram.ui.ActionBar.ActionBarPopupWindow$ActionBarPopupWindowLayout	addView	a	(Landroid/view/View;Landroid/widget/LinearLayout$LayoutParams;)V
M	org.telegram.ui.ActionBar.AlertDialog$Builder	show	o	()Lorg/telegram/ui/ActionBar/f2;
M	org.telegram.ui.ActionBar.z	onItemClick	o	(I)V
M	org.telegram.ui.ActionBar.a5	isShowing	f	()Z
M	org.telegram.ui.ActionBar.f2	setBackgroundColor	i	(I)V
M	org.telegram.ui.ActionBar.f2	setFocusable	k	(Z)V
M	org.telegram.ui.ActionBar.f2	setTextColor	o	(I)V
M	org.telegram.ui.ActionBar.g6	getKey	b	()Ljava/lang/String;
M	org.telegram.ui.ActionBar.h1	setTextAndIcon	g	(Ljava/lang/CharSequence;ILandroid/graphics/drawable/Drawable;)V
M	org.telegram.ui.ActionBar.h1	updateSelectorBackground	j	(ZZ)V
M	org.telegram.ui.ActionBar.i4	getOrDefault	g	(Landroid/util/SparseIntArray;I)I
M	org.telegram.ui.ActionBar.j6	getColor	K0	(I)I
M	org.telegram.ui.ActionBar.k	onItemClick	b	(I)V
M	org.telegram.ui.ActionBar.k2	setColor	a	(I)V
M	org.telegram.ui.ActionBar.l	onResume	P	()V
M	org.telegram.ui.ActionBar.l	createMenu	n	()Lorg/telegram/ui/ActionBar/z;
M	org.telegram.ui.ActionBar.k5	dp	b	(F)I
M	org.telegram.ui.ActionBar.k5	draw	c	(Landroid/graphics/Canvas;Landroid/graphics/Paint;)V
M	org.telegram.ui.ActionBar.k5	getColor	g	(I)I
M	org.telegram.ui.ActionBar.n6	getKey	m	()Ljava/lang/String;
M	org.telegram.ui.ActionBar.n6	getName	n	()Ljava/lang/String;
M	org.telegram.ui.ActionBar.o6	getDefaultColor	C0	(I)I
M	org.telegram.ui.ActionBar.o6	getTheme	N0	(Ljava/lang/String;)Lorg/telegram/ui/ActionBar/n6;
M	org.telegram.ui.ActionBar.o6	getColor	u0	(I)I
M	org.telegram.ui.ActionBar.o6	setColor	u1	(IIZ)V
M	org.telegram.ui.ActionBar.o6	getColor	v0	(ILorg/telegram/ui/ActionBar/j6;)I
M	org.telegram.ui.ActionBar.o3	draw	a	(Landroid/graphics/Canvas;Landroid/graphics/RectF;FFF)V
M	org.telegram.ui.ActionBar.o3	getAlpha	b	()F
M	org.telegram.ui.ActionBar.q6	setColor	d	(IZZ)V
M	org.telegram.ui.ActionBar.o5	setText	k	(Ljava/lang/CharSequence;)Z
M	org.telegram.ui.ActionBar.o5	setText	l	(Ljava/lang/CharSequence;Z)Z
M	org.telegram.ui.ActionBar.t0	onItemClick	k	(I)V
M	org.telegram.ui.ActionBar.v0	setText	d	(Ljava/lang/CharSequence;)V
M	org.telegram.ui.ActionBar.v0	setVisibility	e	(I)V
M	org.telegram.ui.ActionBar.x0	addSubItem	d	(IILandroid/graphics/drawable/Drawable;Ljava/lang/CharSequence;ZZLorg/telegram/ui/ActionBar/j6;)Lorg/telegram/ui/ActionBar/h1;
M	org.telegram.ui.ActionBar.y	add	a	()V
M	org.telegram.ui.ActionBar.y	setVisibility	f	(I)V
M	org.telegram.ui.Cells.ThemesHorizontalListCell$InnerThemeView	blend	b	(II)I
M	org.telegram.ui.Cells.b2	isChecked	b	()Z
M	org.telegram.ui.Cells.b2	setChecked	c	(ZZ)V
M	org.telegram.ui.Cells.b2	setText	e	(Ljava/lang/CharSequence;Ljava/lang/String;ZZZ)V
M	org.telegram.ui.Cells.g2	setChecked	c	(ZZ)V
M	org.telegram.ui.Cells.g2	updateButtonState	f	(ZZ)V
M	org.telegram.ui.Cells.h4	setChecked	c	(ZZ)V
M	org.telegram.ui.Cells.h4	update	f	(I)V
M	org.telegram.ui.Cells.i6	setChecked	s	(ZZ)V
M	org.telegram.ui.Cells.i6	update	u	(I)V
M	org.telegram.ui.Cells.m9	draw	Z	(Landroid/graphics/Canvas;Lorg/telegram/ui/Cells/l9;I)V
M	org.telegram.ui.Cells.m9	getText	e0	(Lorg/telegram/ui/Cells/l9;Z)Ljava/lang/CharSequence;
M	org.telegram.ui.Cells.m9	clear	f	(Z)V
M	org.telegram.ui.Cells.m9	getText	s	(Lorg/telegram/ui/Cells/u9;Z)Ljava/lang/CharSequence;
M	org.telegram.ui.Cells.m9	invalidate	w	()V
M	org.telegram.ui.Cells.k6	setChecked	a	(ZZ)V
M	org.telegram.ui.Cells.n9	select	Z	(Lorg/telegram/ui/Cells/v1;II)V
M	org.telegram.ui.Cells.n9	clear	f	(Z)V
M	org.telegram.ui.Cells.n9	getText	s	(Lorg/telegram/ui/Cells/u9;Z)Ljava/lang/CharSequence;
M	org.telegram.ui.Cells.n9	invalidate	w	()V
M	org.telegram.ui.Cells.l4	draw	b	(Landroid/graphics/Canvas;)V
M	org.telegram.ui.Cells.q8	isChecked	b	()Z
M	org.telegram.ui.Cells.q8	setText	i	(Ljava/lang/CharSequence;Z)V
M	org.telegram.ui.Cells.q8	setTextAndIcon	n	(Ljava/lang/CharSequence;Landroid/graphics/drawable/Drawable;Z)V
M	org.telegram.ui.Cells.n4	setText	c	(Ljava/lang/CharSequence;Z)V
M	org.telegram.ui.Cells.m1	isOwner	H0	(J)Z
M	org.telegram.ui.Cells.t8	setEnabled	b	(ZZ)V
M	org.telegram.ui.Cells.q2	update	a	()Z
M	org.telegram.ui.Cells.va	setChecked	c	(ZZ)V
M	org.telegram.ui.Cells.va	update	j	(I)V
M	org.telegram.ui.Cells.o0	attach	a	()V
M	org.telegram.ui.Cells.p0	draw	c	(Landroid/graphics/Canvas;)V
M	org.telegram.ui.Cells.p0	setMessageObject	e	(Lorg/telegram/messenger/MessageObject;)V
M	org.telegram.ui.Cells.xa	set	b	(JLorg/telegram/tgnet/TLRPC$PeerSettings;)V
M	org.telegram.ui.Cells.t2	setChecked	V	(ZZ)V
M	org.telegram.ui.Cells.t2	update	b0	(IZ)Z
M	org.telegram.ui.Cells.u5	isChecked	a	()Z
M	org.telegram.ui.Cells.u5	setChecked	b	(IZZ)V
M	org.telegram.ui.Cells.t1	attach	q	()V
M	org.telegram.ui.Cells.t1	detach	r	()V
M	org.telegram.ui.Cells.w3	setText	c	(Ljava/lang/CharSequence;Ljava/lang/CharSequence;Landroid/view/View$OnClickListener;)V
M	org.telegram.ui.Cells.v2	setEnabled	a	(ZZ)V
M	org.telegram.ui.Cells.z9	clear	f	(Z)V
M	org.telegram.ui.Cells.z9	getText	s	(Lorg/telegram/ui/Cells/u9;Z)Ljava/lang/CharSequence;
M	org.telegram.ui.Cells.z9	invalidate	w	()V
M	org.telegram.ui.Cells.ab	setChecked	c	(IZZ)V
M	org.telegram.ui.Cells.v1	setChecked	L3	(ZZZ)V
M	org.telegram.ui.Cells.v1	setMessageContent	V3	(Lorg/telegram/messenger/MessageObject;Lorg/telegram/messenger/MessageObject$GroupedMessages;ZZZZ)V
M	org.telegram.ui.Cells.v1	setMessageObject	X3	(Lorg/telegram/messenger/MessageObject;Lorg/telegram/messenger/MessageObject$GroupedMessages;ZZZZ)V
M	org.telegram.ui.Cells.v1	updateButtonState	m4	(ZZZ)V
M	org.telegram.ui.Cells.v1	measureTime	x3	(Lorg/telegram/messenger/MessageObject;)V
M	org.telegram.ui.Cells.z7	set	d	(ILorg/telegram/ui/Cells/y7;Lorg/telegram/messenger/Utilities$Callback;)V
M	org.telegram.ui.Cells.aa	setText	b	(Ljava/lang/CharSequence;Z)V
M	org.telegram.ui.Cells.u0	getDialogId	a	()J
M	org.telegram.ui.Cells.x1	getColor	a	(I)I
M	org.telegram.ui.Cells.w0	setMessageObject	U	(Lorg/telegram/messenger/MessageObject;Z)V
M	org.telegram.ui.Cells.y	updateButtonState	b	(ZZ)V
M	org.telegram.ui.Cells.b3	setText	b	(Ljava/lang/CharSequence;Ljava/lang/CharSequence;)V
M	org.telegram.ui.Cells.b3	setText	c	(Ljava/lang/CharSequence;Ljava/lang/CharSequence;ZZ)V
M	org.telegram.ui.Cells.d4	draw	a	(Landroid/graphics/Canvas;FFLandroid/view/View;)V
M	org.telegram.ui.Cells.d4	setColor	d	(I)V
M	org.telegram.ui.Cells.d4	update	f	()V
M	org.telegram.ui.Cells.c5	recycle	a	()V
M	org.telegram.ui.Components.AnimatedFileNative	recycle	f	()V
M	org.telegram.ui.Components.ChatActivityEnterView	onPause	B0	()V
M	org.telegram.ui.Components.ChatActivityEnterView	onResume	C0	()V
M	org.telegram.ui.Components.ChatActivityEnterView	setRecordVideoButtonVisible	i1	(ZZ)V
M	org.telegram.ui.Components.CheckBox	setChecked	b	(ZZ)V
M	org.telegram.ui.Components.CheckBox	setColor	c	(II)V
M	org.telegram.ui.Components.CheckBoxBase	draw	a	(Landroid/graphics/Canvas;)V
M	org.telegram.ui.Components.CheckBoxBase	invalidate	b	()V
M	org.telegram.ui.Components.CheckBoxBase	setBounds	e	(IIII)V
M	org.telegram.ui.Components.CheckBoxBase	setChecked	f	(IZZ)V
M	org.telegram.ui.Components.CheckBoxBase	setChecked	g	(ZZ)V
M	org.telegram.ui.Components.CheckBoxBase	setColor	h	(III)V
M	org.telegram.ui.Components.CheckBoxSquare	setChecked	a	(ZZ)V
M	org.telegram.ui.Components.ColorPicker$RadioButton	setColor	a	(I)V
M	org.telegram.ui.Components.Crop.CropAreaView	updateSubtitle	i	()V
M	org.telegram.ui.Components.FragmentContextView	equals	i	(FF)Z
M	org.telegram.ui.Components.PipRoundVideoView	close	a	(Z)V
M	org.telegram.ui.Components.PipRoundVideoView	show	d	(Landroid/app/Activity;Ljava/lang/Runnable;)V
M	org.telegram.ui.Components.RLottieNative	recycle	d	()V
M	org.telegram.ui.Components.RadialProgress2	onAttachedToWindow	e	()V
M	org.telegram.ui.Components.RadialProgressView	draw	a	(Landroid/graphics/Canvas;FF)V
M	org.telegram.ui.Components.RadioButton	setChecked	a	(ZZ)V
M	org.telegram.ui.Components.RadioButton	setColor	b	(II)V
M	org.telegram.ui.Components.Switch	setChecked	c	(ZZ)V
M	org.telegram.ui.Components.ThemeEditorView	show	c	(Landroid/app/Activity;Lorg/telegram/ui/ActionBar/n6;)V
M	org.telegram.ui.Components.ni	onPause	x	()V
M	org.telegram.ui.Components.ni	onResume	A	()V
M	org.telegram.ui.Components.vm0	setColor	b	(I)V
M	org.telegram.ui.Components.vq	setColor	D0	(IIZ)V
M	org.telegram.ui.Components.vq	getDefaultColor	T0	(I)I
M	org.telegram.ui.Components.i21	getColor	b	()I
M	org.telegram.ui.Components.i21	setColor	c	(I)V
M	org.telegram.ui.Components.k6	draw	a	(Landroid/graphics/Canvas;F)V
M	org.telegram.ui.Components.k8	draw	b	(Landroid/graphics/Canvas;FF)V
M	org.telegram.ui.Components.k8	draw	c	(Landroid/graphics/Canvas;FFZFLorg/telegram/ui/ActionBar/j6;)V
M	org.telegram.ui.Components.l9	set	d	(Ljava/util/List;Z)V
M	org.telegram.ui.Components.rm	isEnabled	D	(Ln4/k1;)Z
M	org.telegram.ui.Components.rm	getItemCount	h	()I
M	org.telegram.ui.Components.rm	notifyDataSetChanged	l	()V
M	org.telegram.ui.Components.rm	onBindViewHolder	v	(Ln4/k1;I)V
M	org.telegram.ui.Components.rm	onViewAttachedToWindow	y	(Ln4/k1;)V
M	org.telegram.ui.Components.wq	setColor	e	(II)V
M	org.telegram.ui.Components.la	setBounds	e	(FFFF)V
M	org.telegram.ui.Components.si0	recycle	a	()V
M	org.telegram.ui.Components.wl0	capture	e	(Landroid/graphics/Canvas;Landroid/graphics/RectF;)V
M	org.telegram.ui.Components.i01	getChildAt	d	(I)Lorg/telegram/ui/Components/b01;
M	org.telegram.ui.Components.k21	isEnabled	D	(Ln4/k1;)Z
M	org.telegram.ui.Components.k21	getItemCount	h	()I
M	org.telegram.ui.Components.k21	onBindViewHolder	v	(Ln4/k1;I)V
M	org.telegram.ui.Components.u61	isEnabled	D	(Ln4/k1;)Z
M	org.telegram.ui.Components.u61	update	N	(Z)V
M	org.telegram.ui.Components.u61	getItemCount	h	()I
M	org.telegram.ui.Components.u61	onBindViewHolder	v	(Ln4/k1;I)V
M	org.telegram.ui.Components.u61	onViewAttachedToWindow	y	(Ln4/k1;)V
M	org.telegram.ui.Components.w81	createView	d	(I)Landroid/view/View;
M	org.telegram.ui.Components.w81	getItemCount	e	()I
M	org.telegram.ui.Components.n5	attach	a	()V
M	org.telegram.ui.Components.n5	detach	b	()V
M	org.telegram.ui.Components.n5	isEmpty	d	()Z
M	org.telegram.ui.Components.n5	set	g	(Landroid/graphics/drawable/Drawable;Z)V
M	org.telegram.ui.Components.n5	set	h	(Lorg/telegram/tgnet/TLRPC$Document;IZ)V
M	org.telegram.ui.Components.n5	set	i	(Lorg/telegram/tgnet/TLRPC$Document;Z)V
M	org.telegram.ui.Components.n5	set	j	(JZ)Z
M	org.telegram.ui.Components.n5	setColor	k	(Ljava/lang/Integer;)V
M	org.telegram.ui.Components.n6	getWidth	e	()F
M	org.telegram.ui.Components.n6	setBounds	l	(FFFF)V
M	org.telegram.ui.Components.n6	setBounds	m	(Landroid/graphics/RectF;)V
M	org.telegram.ui.Components.n6	setText	q	(Ljava/lang/CharSequence;ZZ)V
M	org.telegram.ui.Components.n6	setTextColor	r	(I)V
M	org.telegram.ui.Components.n6	setTextColor	s	(IZ)V
M	org.telegram.ui.Components.n6	setTextSize	t	(F)V
M	org.telegram.ui.Components.n6	setTypeface	u	(Landroid/graphics/Typeface;)V
M	org.telegram.ui.Components.g80	isShown	D	()Z
M	org.telegram.ui.Components.g80	add	d	(Lorg/telegram/ui/ActionBar/h1;)V
M	org.telegram.ui.Components.g80	dismiss	u	()V
M	org.telegram.ui.Components.na	draw	a	([FIII)V
M	org.telegram.ui.Components.oc	hide	b	()V
M	org.telegram.ui.Components.oc	make	f	(Landroid/widget/FrameLayout;Lorg/telegram/ui/Components/tb;I)Lorg/telegram/ui/Components/oc;
M	org.telegram.ui.Components.oc	show	j	()Lorg/telegram/ui/Components/oc;
M	org.telegram.ui.Components.ue0	draw	b	(Landroid/graphics/Canvas;Landroid/graphics/Paint;F)V
M	org.telegram.ui.Components.xp	setChecked	a	(ZZ)V
M	org.telegram.ui.Components.xp	setColor	b	(III)V
M	org.telegram.ui.Components.dx0	update	a	(Lorg/telegram/messenger/MessagesController$PeerColor;)V
M	org.telegram.ui.Components.yz	updateStickerTabs	Z	(Z)V
M	org.telegram.ui.Components.o6	setText	c	(Ljava/lang/CharSequence;ZZ)V
M	org.telegram.ui.Components.o6	width	d	()I
M	org.telegram.ui.Components.o8	dismiss	a	()V
M	org.telegram.ui.Components.vc0	onAttachedToWindow	k	()V
M	org.telegram.ui.Components.xj0	recycle	A	(Z)V
M	org.telegram.ui.Components.xj0	restart	F	(Z)Z
M	org.telegram.ui.Components.ti	isEnabled	D	(Ln4/k1;)Z
M	org.telegram.ui.Components.ti	getItemCount	h	()I
M	org.telegram.ui.Components.ti	notifyDataSetChanged	l	()V
M	org.telegram.ui.Components.ti	onBindViewHolder	v	(Ln4/k1;I)V
M	org.telegram.ui.Components.ti	onViewAttachedToWindow	y	(Ln4/k1;)V
M	org.telegram.ui.Components.fw0	getValue	a	(Ljava/lang/Object;)F
M	org.telegram.ui.Components.y71	p	b	()I
M	org.telegram.ui.Components.p5	addView	a	(Landroid/view/View;)V
M	org.telegram.ui.Components.p5	addView	b	(Lorg/telegram/ui/Components/v5;)V
M	org.telegram.ui.Components.p5	invalidate	k	()V
M	org.telegram.ui.Components.p5	make	m	(IILorg/telegram/tgnet/TLRPC$Document;)Lorg/telegram/ui/Components/p5;
M	org.telegram.ui.Components.p5	removeView	o	(Landroid/view/View;)V
M	org.telegram.ui.Components.p5	removeView	p	(Lorg/telegram/ui/Components/v5;)V
M	org.telegram.ui.Components.ak0	isPlaying	b	()Z
M	org.telegram.ui.Components.fx0	checkVisibility	a	()V
M	org.telegram.ui.Components.wy	getDialogId	a	()J
M	org.telegram.ui.Components.y61	fillItems	U	(Ljava/util/ArrayList;Lorg/telegram/ui/Components/u61;)V
M	org.telegram.ui.Components.bk0	draw	a	(Landroid/graphics/Canvas;)V
M	org.telegram.ui.Components.bk0	setBackground	d	(Landroid/graphics/drawable/Drawable;ZZ)V
M	org.telegram.ui.Components.wj	onBindViewHolder	W	(IILn4/k1;)V
M	org.telegram.ui.Components.wj	notifyDataSetChanged	l	()V
M	org.telegram.ui.Components.iw	intercept	d	(Landroid/view/MotionEvent;)V
M	org.telegram.ui.Components.s41	getItemCount	h	()I
M	org.telegram.ui.Components.s41	onBindViewHolder	v	(Ln4/k1;I)V
M	org.telegram.ui.Components.a81	of	d	(ILorg/telegram/tgnet/TLRPC$Document;Lorg/telegram/tgnet/TLRPC$Document;IZ)Lorg/telegram/ui/Components/a81;
M	org.telegram.ui.Components.wi	getChat	k1	()Lorg/telegram/tgnet/TLRPC$Chat;
M	org.telegram.ui.Components.wi	getDialogId	n1	()J
M	org.telegram.ui.Components.wi	onPause	x1	()V
M	org.telegram.ui.Components.wi	onResume	y1	()V
M	org.telegram.ui.Components.ep0	isShown	a	()Z
M	org.telegram.ui.Components.ix0	setColor	b	(I)V
M	org.telegram.ui.Components.ix0	stop	e	()V
M	org.telegram.ui.Components.zc0	setup	b	(Landroid/graphics/Bitmap;)Z
M	org.telegram.ui.Components.ug	start	a	(J)V
M	org.telegram.ui.Components.ug	stop	b	()V
M	org.telegram.ui.Components.cq	draw	a	(FFLandroid/graphics/Canvas;Landroid/graphics/Paint;)V
M	org.telegram.ui.Components.kw	isInstalled	g	(Lorg/telegram/ui/Components/jy;)Z
M	org.telegram.ui.Components.kw	select	j	(IZ)V
M	org.telegram.ui.Components.c81	setMute	O	(Z)V
M	org.telegram.ui.Components.c81	isPlaying	y	()Z
M	org.telegram.ui.Components.ae0	reset	a	()V
M	org.telegram.ui.Components.dj0	dismiss	a	()V
M	org.telegram.ui.Components.bo	isEnabled	D	(Ln4/k1;)Z
M	org.telegram.ui.Components.bo	getItemCount	h	()I
M	org.telegram.ui.Components.bo	onBindViewHolder	v	(Ln4/k1;I)V
M	org.telegram.ui.Components.dq	setColor	b	(I)V
M	org.telegram.ui.Components.fr	draw	a	(Landroid/graphics/Canvas;)V
M	org.telegram.ui.Components.u5	remove	b	(I)V
M	org.telegram.ui.Components.u9	dispose	b	()V
M	org.telegram.ui.Components.vc	getContext	W	()Landroid/content/Context;
M	org.telegram.ui.Components.vc	global	X	()Lorg/telegram/ui/Components/vc;
M	org.telegram.ui.Components.vc	of	Z	(Landroid/widget/FrameLayout;Lorg/telegram/ui/ActionBar/j6;)Lorg/telegram/ui/Components/vc;
M	org.telegram.ui.Components.vc	of	a0	(Lorg/telegram/ui/ActionBar/r2;)Lorg/telegram/ui/Components/vc;
M	org.telegram.ui.Components.ej0	setBounds	a	(Landroid/graphics/drawable/Drawable;)V
M	org.telegram.ui.Components.gl0	reset	n	()V
M	org.telegram.ui.Components.gl0	setMessage	p	(Lorg/telegram/messenger/MessageObject;Lorg/telegram/tgnet/TLRPC$ChatFull;Z)V
M	org.telegram.ui.Components.an	onBackPressed	i	()Z
M	org.telegram.ui.Components.g10	start	c	(Z)V
M	org.telegram.ui.Components.f30	setBounds	b	(FFFF)V
M	org.telegram.ui.Components.f30	setBounds	c	(Landroid/graphics/RectF;)V
M	org.telegram.ui.Components.e81	draw	a	(Landroid/graphics/Canvas;Landroid/view/View;)V
M	org.telegram.ui.Components.e91	hide	b	(ZZ)V
M	org.telegram.ui.Components.v9	setOrientation	p	(IIZ)V
M	org.telegram.ui.Components.v9	setOrientation	q	(IZ)V
M	org.telegram.ui.Components.wc	invalidate	b	()V
M	org.telegram.ui.Components.cg0	serializeToStream	d	(Lorg/telegram/tgnet/OutputSerializedData;)V
M	org.telegram.ui.Components.ci0	set	o	(IZ)V
M	org.telegram.ui.Components.hl0	isPlaying	b	()Z
M	org.telegram.ui.Components.kv0	deleteMessage	b	(II)Lorg/telegram/messenger/MessageObject;
M	org.telegram.ui.Components.w6	onAttachedToWindow	c	(Lorg/telegram/messenger/ImageReceiver;)V
M	org.telegram.ui.Components.t90	clear	c	()V
M	org.telegram.ui.Components.t90	clear	d	(Z)V
M	org.telegram.ui.Components.t90	draw	f	(Landroid/graphics/Canvas;)Z
M	org.telegram.ui.Components.t90	draw	g	(Landroid/graphics/Canvas;Ljava/lang/Object;)Z
M	org.telegram.ui.Components.dd0	setColor	a	(I)V
M	org.telegram.ui.Components.e61	setColor	b	(I)V
M	org.telegram.ui.Components.e61	start	d	()V
M	org.telegram.ui.Components.e61	stop	e	()V
M	org.telegram.ui.Components.g91	setChecked	a	(ZZ)V
M	org.telegram.ui.Components.g91	setColor	b	(II)V
M	org.telegram.ui.Components.zg	getContentView	x	()Lorg/telegram/ui/Components/mw0;
M	org.telegram.ui.Components.hj0	draw	c	(Landroid/graphics/Canvas;Z)V
M	org.telegram.ui.Components.jm0	bottom	G0	(Landroid/view/View;)F
M	org.telegram.ui.Components.jm0	hide	b1	()V
M	org.telegram.ui.Components.jm0	capture	e	(Landroid/graphics/Canvas;Landroid/graphics/RectF;)V
M	org.telegram.ui.Components.jm0	top	s1	(Landroid/view/View;)F
M	org.telegram.ui.Components.w11	cancel	a	(Landroid/view/View;)V
M	org.telegram.ui.Components.w11	supports	c	()Z
M	org.telegram.ui.Components.o50	cleanup	c	()V
M	org.telegram.ui.Components.o50	clear	d	()V
M	org.telegram.ui.Components.o50	onPause	i	()V
M	org.telegram.ui.Components.o50	onResume	k	()V
M	org.telegram.ui.Components.h71	measure	a	(I)I
M	org.telegram.ui.Components.i91	setEnabled	c	(Z)V
M	org.telegram.ui.Components.gg0	set	a	(Lorg/telegram/messenger/MediaController$PhotoEntry;Lorg/telegram/ui/Components/c81;Lorg/telegram/ui/ActionBar/j6;)V
M	org.telegram.ui.Components.p40	reset	d	()V
M	org.telegram.ui.Components.x90	draw	a	(Landroid/graphics/Canvas;)Z
M	org.telegram.ui.Components.x90	setColor	d	(I)V
M	org.telegram.ui.Components.aa	draw	a	(FFLandroid/graphics/Canvas;Landroid/graphics/Paint;)V
M	org.telegram.ui.Components.aa	update	e	(FF)V
M	org.telegram.ui.Components.cd	setColor	d	(I)V
M	org.telegram.ui.Components.c6	recycle	u	()V
M	org.telegram.ui.Components.o00	create	a	()Z
M	org.telegram.ui.Components.z21	attach	a	()V
M	org.telegram.ui.Components.z21	detach	b	()V
M	org.telegram.ui.Components.z21	draw	c	(Landroid/graphics/Canvas;IFFFFZ)V
M	org.telegram.ui.Components.z21	update	f	(Lorg/telegram/messenger/MessageObject;)Z
M	org.telegram.ui.Components.d5	createDeleteMessagesAlert	x	(Lorg/telegram/ui/ActionBar/r2;Lorg/telegram/tgnet/TLRPC$User;Lorg/telegram/tgnet/TLRPC$Chat;Lorg/telegram/tgnet/TLRPC$EncryptedChat;Lorg/telegram/tgnet/TLRPC$ChatFull;JLorg/telegram/messenger/MessageObject;[Landroid/util/SparseArray;Lorg/telegram/messenger/MessageObject$GroupedMessages;II[Lorg/telegram/tgnet/TLRPC$ChannelParticipant;Ljava/lang/Runnable;Ljava/lang/Runnable;Lorg/telegram/ui/ActionBar/j6;)V
M	org.telegram.ui.Components.d6	getValue	c	()F
M	org.telegram.ui.Components.d6	set	d	(FZ)F
M	org.telegram.ui.Components.d6	set	e	(Z)F
M	org.telegram.ui.Components.d6	set	f	(ZZ)F
M	org.telegram.ui.Components.aa0	disappear	a	()V
M	org.telegram.ui.Components.aa0	setBounds	d	(Landroid/graphics/RectF;)V
M	org.telegram.ui.Components.dd	next	b	(I)V
M	org.telegram.ui.Components.dd	update	d	(F)V
M	org.telegram.ui.Components.mj0	draw	b	(Landroid/graphics/Canvas;FFLandroid/graphics/Rect;F)V
M	org.telegram.ui.Components.no	updateSubtitle	n	(Z)V
M	org.telegram.ui.Components.zz0	reset	c	()V
M	org.telegram.ui.Components.zz0	size	d	(Z)I
M	org.telegram.ui.Components.lf0	setBounds	a	(III)V
M	org.telegram.ui.Components.qm0	check	a	(Lorg/telegram/messenger/MessageObject;Lorg/telegram/tgnet/TLRPC$User;Lorg/telegram/tgnet/TLRPC$Chat;Lorg/telegram/ui/ActionBar/j6;I)I
M	org.telegram.ui.Components.qm0	getColor	h	()I
M	org.telegram.ui.Components.voip.h	update	c	(Landroid/view/View;)V
M	org.telegram.ui.Components.voip.m2	finish	i	()V
M	org.telegram.ui.Components.voip.m2	getInstance	k	()Lorg/telegram/ui/Components/voip/m2;
M	org.telegram.ui.Components.voip.m2	show	l	(Landroid/app/Activity;IIII)V
M	org.telegram.ui.Components.voip.q0	draw	a	(Landroid/graphics/Canvas;FFLandroid/view/View;)V
M	org.telegram.ui.Components.voip.q0	update	c	()V
M	org.telegram.ui.Components.voip.r0	setMute	b	(ZZ)V
M	org.telegram.ui.Components.rs	draw	a	(Landroid/graphics/Canvas;)V
M	org.telegram.ui.Components.ru	length	n	()I
M	org.telegram.ui.Components.ru	onPause	r	()V
M	org.telegram.ui.Components.ru	setSelection	w	(II)V
M	org.telegram.ui.Components.wx0	setVisibility	d	(IZ)V
M	org.telegram.ui.Components.c41	draw	f	(Landroid/graphics/Canvas;F)V
M	org.telegram.ui.Components.c41	height	i	()I
M	org.telegram.ui.Components.c41	setBounds	p	(IIIII)V
M	org.telegram.ui.Components.c41	width	x	()I
M	org.telegram.ui.Components.f6	isViewVisible	d	(Landroid/view/View;)Z
M	org.telegram.ui.Components.f6	setViewVisible	i	(Landroid/view/View;ZZ)V
M	org.telegram.ui.Components.g9	getColor	b	()I
M	org.telegram.ui.Components.g9	setColor	h	(I)V
M	org.telegram.ui.Components.g9	setColor	i	(II)V
M	org.telegram.ui.Components.g9	setTextSize	u	(I)V
M	org.telegram.ui.Components.rn0	getMessage	E	(I)Lorg/telegram/messenger/MessageObject;
M	org.telegram.ui.Components.rn0	getItemCount	h	()I
M	org.telegram.ui.Components.so0	clear	J	()V
M	org.telegram.ui.Components.so0	showActionMode	Q	(Z)V
M	org.telegram.ui.Components.so0	toggleItemSelection	d	(Lorg/telegram/messenger/MessageObject;Landroid/view/View;I)V
M	org.telegram.ui.Components.so0	actionModeShowing	f	()Z
M	org.telegram.ui.Components.so0	onResume	s	()V
M	org.telegram.ui.Components.ss	draw	a	(Landroid/graphics/Canvas;I)V
M	org.telegram.ui.Components.ss	isEmpty	b	()Z
M	org.telegram.ui.Components.b01	draw	a	(Landroid/graphics/Canvas;Landroid/view/View;Z)V
M	org.telegram.ui.Components.b01	measure	d	(IIZ)V
M	org.telegram.ui.Components.p81	show	a	(Z)V
M	org.telegram.ui.Components.g5	set	a	(IZ)I
M	org.telegram.ui.Components.ga	capture	e	(Landroid/graphics/Canvas;Landroid/graphics/RectF;)V
M	org.telegram.ui.Components.nd0	cancel	a	()V
M	org.telegram.ui.Components.sn0	update	d	(Z)V
M	org.telegram.ui.Components.f11	detach	a	()V
M	org.telegram.ui.Components.f11	draw	d	(Landroid/graphics/Canvas;)V
M	org.telegram.ui.Components.f11	draw	e	(Landroid/graphics/Canvas;FF)V
M	org.telegram.ui.Components.f11	draw	f	(Landroid/graphics/Canvas;FFF)V
M	org.telegram.ui.Components.f11	getHeight	j	()F
M	org.telegram.ui.Components.f11	getText	k	()Ljava/lang/CharSequence;
M	org.telegram.ui.Components.f11	getWidth	l	()F
M	org.telegram.ui.Components.f11	setText	r	(Ljava/lang/CharSequence;)V
M	org.telegram.ui.Components.i9	invalidate	f	()V
M	org.telegram.ui.Components.i9	onAttachedToWindow	g	()V
M	org.telegram.ui.Components.od0	getContentDescription	d	(I)Ljava/lang/CharSequence;
M	org.telegram.ui.Components.od0	makeMeasureSpec	g	(II)I
M	org.telegram.ui.Components.ol	onPause	x	()V
M	org.telegram.ui.Components.ol	onResume	A	()V
M	org.telegram.ui.Components.i8	isEnabled	D	(Ln4/k1;)Z
M	org.telegram.ui.Components.i8	getItemCount	h	()I
M	org.telegram.ui.Components.i8	notifyDataSetChanged	l	()V
M	org.telegram.ui.Components.i8	onBindViewHolder	v	(Ln4/k1;I)V
M	org.telegram.ui.Components.ph0	updateButtonState	r	()V
M	org.telegram.ui.Components.lg	onTextChanged	Z0	(Ljava/lang/CharSequence;ZZ)V
M	org.telegram.ui.Components.vo0	draw	b	(Landroid/graphics/Canvas;)V
M	org.telegram.ui.Components.vo0	getWidth	d	()I
M	org.telegram.ui.DataSettingsActivity	rebind	n0	(I)V
M	org.telegram.ui.LaunchActivity	getLastFragment	Q	()Lorg/telegram/ui/ActionBar/r2;
M	org.telegram.ui.LaunchActivity	getSafeLastFragment	T	()Lorg/telegram/ui/ActionBar/r2;
M	org.telegram.ui.LaunchActivity	onBackPressed	b0	(Z)Z
M	org.telegram.ui.PasskeysActivity	added	Y	(Lorg/telegram/tgnet/tl/TL_account$Passkey;)V
M	org.telegram.ui.PhotoViewer	updateSelectedCount	A3	()V
M	org.telegram.ui.PhotoViewer	isPlayingMessage	J1	(Lorg/telegram/messenger/MessageObject;)Z
M	org.telegram.ui.PhotoViewer	setParentActivity	K2	(Landroid/app/Activity;Lorg/telegram/ui/ActionBar/r2;Lorg/telegram/ui/ActionBar/j6;)V
M	org.telegram.ui.PhotoViewer	format	Y0	(II)Ljava/lang/String;
M	org.telegram.ui.PhotoViewer	format	Z0	(III)Ljava/lang/String;
M	org.telegram.ui.PhotoViewer	getInstance	t1	()Lorg/telegram/ui/PhotoViewer;
M	org.telegram.ui.ProfileActivity	createActionBarMenu	D3	(Z)V
M	org.telegram.ui.ProfileActivity	getDialogId	a	()J
M	org.telegram.ui.ProfileActivity	isSettings	h4	()Z
M	org.telegram.ui.ProfileActivity	updateProfileData	i5	(Z)V
M	org.telegram.ui.ProfileActivity	updateRowsIds	j5	()V
M	org.telegram.ui.ProfileActivity	of	m4	(J)Lorg/telegram/ui/ProfileActivity;
M	org.telegram.ui.SecretMediaViewer	getInstance	f	()Lorg/telegram/ui/SecretMediaViewer;
M	org.telegram.ui.Stories.recorder.FfmpegAudioWaveformLoader	init	lambda$new$0	(Ljava/lang/String;I)V
M	org.telegram.ui.UserInfoActivity	fillItems	U	(Ljava/util/ArrayList;Lorg/telegram/ui/Components/u61;)V
M	org.telegram.ui.ee1	getText	b	()Ljava/lang/CharSequence;
M	org.telegram.ui.ee1	setText	d	(Ljava/lang/CharSequence;)V
M	org.telegram.ui.el0	isEnabled	D	(Ln4/k1;)Z
M	org.telegram.ui.el0	getItemCount	h	()I
M	org.telegram.ui.el0	onBindViewHolder	v	(Ln4/k1;I)V
M	org.telegram.ui.el0	onViewAttachedToWindow	y	(Ln4/k1;)V
M	org.telegram.ui.h21	start	a	()Z
M	org.telegram.ui.b	show	b	(I)V
M	org.telegram.ui.b	show	c	(Landroid/content/Context;ILorg/telegram/ui/ActionBar/j6;)V
M	org.telegram.ui.br	isEnabled	D	(Ln4/k1;)Z
M	org.telegram.ui.br	getItemCount	h	()I
M	org.telegram.ui.br	getItemId	i	(I)J
M	org.telegram.ui.br	onBindViewHolder	v	(Ln4/k1;I)V
M	org.telegram.ui.ge1	isEnabled	D	(Ln4/k1;)Z
M	org.telegram.ui.ge1	getItemCount	h	()I
M	org.telegram.ui.ge1	onBindViewHolder	v	(Ln4/k1;I)V
M	org.telegram.ui.gl0	isEnabled	D	(Ln4/k1;)Z
M	org.telegram.ui.gl0	getItemCount	h	()I
M	org.telegram.ui.gl0	onBindViewHolder	v	(Ln4/k1;I)V
M	org.telegram.ui.ke1	isEnabled	D	(Ln4/k1;)Z
M	org.telegram.ui.ke1	getItemCount	h	()I
M	org.telegram.ui.ke1	onBindViewHolder	v	(Ln4/k1;I)V
M	org.telegram.ui.sg1	createView	d	(I)Landroid/view/View;
M	org.telegram.ui.sg1	getItemCount	e	()I
M	org.telegram.ui.a70	create	c1	(Lorg/telegram/ui/LaunchActivity;Lorg/telegram/messenger/AccountInstance;Lorg/telegram/tgnet/TLRPC$Chat;Lorg/telegram/tgnet/TLRPC$InputPeer;ZLjava/lang/String;)V
M	org.telegram.ui.me1	isEnabled	D	(Ln4/k1;)Z
M	org.telegram.ui.me1	getItemCount	h	()I
M	org.telegram.ui.me1	onBindViewHolder	v	(Ln4/k1;I)V
M	org.telegram.ui.tg1	search	K	(Landroid/view/View;ILjava/lang/String;Z)V
M	org.telegram.ui.tg1	toggleItemSelection	d	(Lorg/telegram/messenger/MessageObject;Landroid/view/View;I)V
M	org.telegram.ui.tg1	actionModeShowing	f	()Z
M	org.telegram.ui.ui1	getCurrentVisibleFragment	X	()Lorg/telegram/ui/ActionBar/r2;
M	org.telegram.ui.il0	isEnabled	D	(Ln4/k1;)Z
M	org.telegram.ui.il0	getItemCount	h	()I
M	org.telegram.ui.il0	onBindViewHolder	v	(Ln4/k1;I)V
M	org.telegram.ui.jk0	draw	b	(Landroid/graphics/Canvas;)V
M	org.telegram.ui.d30	draw	b	(Landroid/graphics/Canvas;Landroid/graphics/RectF;IF)V
M	org.telegram.ui.kk0	indexOf	d	(Lorg/telegram/ui/ik0;)I
M	org.telegram.ui.fb1	load	a	(IIILorg/telegram/messenger/Utilities$Callback0Return;)V
M	org.telegram.ui.xg1	getDialogId	a	()J
M	org.telegram.ui.xg1	getContentView	x	()Lorg/telegram/ui/Components/mw0;
M	org.telegram.ui.fo	from	c	(Lorg/telegram/messenger/MessageObject;)Lorg/telegram/ui/fo;
M	org.telegram.ui.fo	isValid	d	()Z
M	org.telegram.ui.xu	isEnabled	D	(Ln4/k1;)Z
M	org.telegram.ui.xu	getItemCount	h	()I
M	org.telegram.ui.xu	onBindViewHolder	v	(Ln4/k1;I)V
M	org.telegram.ui.bk1	isEnabled	D	(Ln4/k1;)Z
M	org.telegram.ui.bk1	getItemCount	h	()I
M	org.telegram.ui.bk1	onBindViewHolder	v	(Ln4/k1;I)V
M	org.telegram.ui.hy0	put	g	(IILandroid/util/SparseIntArray;)V
M	org.telegram.ui.q11	isEnabled	D	(Ln4/k1;)Z
M	org.telegram.ui.q11	getItemCount	h	()I
M	org.telegram.ui.q11	onBindViewHolder	v	(Ln4/k1;I)V
M	org.telegram.ui.dk1	isEnabled	D	(Ln4/k1;)Z
M	org.telegram.ui.dk1	getItemCount	h	()I
M	org.telegram.ui.dk1	onBindViewHolder	v	(Ln4/k1;I)V
M	org.telegram.ui.an	isEnabled	D	(Ln4/k1;)Z
M	org.telegram.ui.an	notifyDataSetChanged	O	(Z)V
M	org.telegram.ui.an	getItemCount	h	()I
M	org.telegram.ui.an	getItemId	i	(I)J
M	org.telegram.ui.an	notifyDataSetChanged	l	()V
M	org.telegram.ui.an	onBindViewHolder	v	(Ln4/k1;I)V
M	org.telegram.ui.an	onViewAttachedToWindow	y	(Ln4/k1;)V
M	org.telegram.ui.b7	isEnabled	D	(Ln4/k1;)Z
M	org.telegram.ui.b7	getItemCount	h	()I
M	org.telegram.ui.b7	onBindViewHolder	v	(Ln4/k1;I)V
M	org.telegram.ui.i90	isEnabled	D	(Ln4/k1;)Z
M	org.telegram.ui.i90	getItemCount	h	()I
M	org.telegram.ui.i90	onBindViewHolder	v	(Ln4/k1;I)V
M	org.telegram.ui.i90	onViewAttachedToWindow	y	(Ln4/k1;)V
M	org.telegram.ui.j91	isEnabled	D	(Ln4/k1;)Z
M	org.telegram.ui.j91	getItemCount	h	()I
M	org.telegram.ui.j91	getItemId	i	(I)J
M	org.telegram.ui.j91	onBindViewHolder	v	(Ln4/k1;I)V
M	org.telegram.ui.d7	size	t0	(I)J
M	org.telegram.ui.cv	isEnabled	D	(Ln4/k1;)Z
M	org.telegram.ui.cv	getItemCount	h	()I
M	org.telegram.ui.cv	onBindViewHolder	v	(Ln4/k1;I)V
M	org.telegram.ui.cv	onViewAttachedToWindow	y	(Ln4/k1;)V
M	org.telegram.ui.ly0	isEnabled	D	(Ln4/k1;)Z
M	org.telegram.ui.ly0	getItemCount	h	()I
M	org.telegram.ui.ly0	onBindViewHolder	v	(Ln4/k1;I)V
M	org.telegram.ui.v41	isEnabled	D	(Ln4/k1;)Z
M	org.telegram.ui.v41	getItemCount	h	()I
M	org.telegram.ui.v41	onBindViewHolder	v	(Ln4/k1;I)V
M	org.telegram.ui.no	getColor	K0	(I)I
M	org.telegram.ui.dv0	setVisibility	b	(IZ)V
M	org.telegram.ui.w41	rebind	Z	(I)V
M	org.telegram.ui.l60	invalidate	<init>	()V
M	org.telegram.ui.l60	draw	a	(Landroid/graphics/Canvas;FF)Z
M	org.telegram.ui.z71	expand	i	(ILandroid/view/View;)V
M	org.telegram.ui.z71	search	v	(Ljava/lang/String;ZZ)V
M	org.telegram.ui.po	copy	B7	(Lorg/telegram/tgnet/TLRPC$Message;)Lorg/telegram/tgnet/TLRPC$TL_message;
M	org.telegram.ui.po	createDeleteMessagesAlert	E7	(Lorg/telegram/messenger/MessageObject;Lorg/telegram/messenger/MessageObject$GroupedMessages;Z)V
M	org.telegram.ui.po	createMenu	H7	(Landroid/view/View;ZZFFZZZ)Z
M	org.telegram.ui.po	of	Q9	(J)Lorg/telegram/ui/po;
M	org.telegram.ui.po	scrollToMessageId	Va	(IIZIZILjava/lang/Integer;[BLjava/lang/Runnable;)V
M	org.telegram.ui.po	getValidGroupedMessage	W8	(Lorg/telegram/messenger/MessageObject;)Lorg/telegram/messenger/MessageObject$GroupedMessages;
M	org.telegram.ui.po	getDialogId	a	()J
M	org.telegram.ui.po	getTopicId	b	()J
M	org.telegram.ui.po	getContentView	x	()Lorg/telegram/ui/Components/mw0;
M	org.telegram.ui.x21	isEnabled	D	(Ln4/k1;)Z
M	org.telegram.ui.x21	getItemCount	h	()I
M	org.telegram.ui.x21	getItemId	i	(I)J
M	org.telegram.ui.x21	onBindViewHolder	v	(Ln4/k1;I)V
M	org.telegram.ui.x21	onBindViewHolder	w	(Ln4/k1;ILjava/util/List;)V
M	org.telegram.ui.x21	onViewAttachedToWindow	y	(Ln4/k1;)V
M	org.telegram.ui.hn	canCopy	b	()Z
M	org.telegram.ui.py0	isEnabled	D	(Ln4/k1;)Z
M	org.telegram.ui.py0	getItemCount	h	()I
M	org.telegram.ui.py0	onBindViewHolder	v	(Ln4/k1;I)V
M	org.telegram.ui.lz	showOrUpdateActionMode	J4	(JLandroid/view/View;)V
M	org.telegram.ui.lz	updateFloatingButtonVisibility	V4	(Z)V
M	org.telegram.ui.lz	updateProxyButton	W4	(ZZ)V
M	org.telegram.ui.lz	updateSelectedCount	X4	()V
M	org.telegram.ui.lz	addOrRemoveSelectedDialog	f3	(JLandroid/view/View;)Z
M	org.telegram.ui.lz	markAsRead	g4	(J)V
M	org.telegram.ui.lz	performDeleteOrClearDialogAction	n4	(IJLorg/telegram/tgnet/TLRPC$Chat;ZZ)V
M	org.telegram.ui.lz	performSelectedDialogsAction	o4	(Ljava/util/ArrayList;IZZLjava/util/HashSet;)V
M	org.telegram.ui.lz	search	v4	(Ljava/lang/String;Z)V
M	org.telegram.ui.lz	setScrollY	z4	(F)V
M	org.telegram.ui.hq0	update	e	()V
M	org.telegram.ui.iq0	from	a	(II)Lorg/telegram/ui/iq0;
M	org.telegram.ui.iq0	from	b	(Lorg/telegram/messenger/MessagesController$PeerColor;Z)Lorg/telegram/ui/iq0;
M	org.telegram.ui.fu	getInstance	q	()Lorg/telegram/ui/fu;
M	org.telegram.ui.fu	open	t	(Lorg/telegram/tgnet/TLRPC$Document;Lorg/telegram/messenger/SendMessagesHelper$ImportingSticker;Ljava/lang/String;Ljava/lang/String;Lorg/telegram/tgnet/TLRPC$BotInlineResult;IZLjava/lang/Object;Lorg/telegram/ui/ActionBar/j6;I)V
M	org.telegram.ui.fu	setParentActivity	w	(Landroid/app/Activity;)V
M	org.telegram.ui.iv0	isEnabled	D	(Ln4/k1;)Z
M	org.telegram.ui.iv0	getItemCount	h	()I
M	org.telegram.ui.iv0	onBindViewHolder	v	(Ln4/k1;I)V
M	org.telegram.ui.a21	isEnabled	D	(Ln4/k1;)Z
M	org.telegram.ui.a21	search	I	(Ljava/lang/String;)V
M	org.telegram.ui.a21	getItemCount	h	()I
M	org.telegram.ui.a21	onBindViewHolder	v	(Ln4/k1;I)V
M	org.telegram.ui.vc0	getUserConfig	d	()Lorg/telegram/messenger/UserConfig;
M	org.telegram.ui.vc0	handle	e	(Landroid/net/Uri;)Z
M	org.telegram.ui.jq0	set	a	(Lorg/telegram/messenger/MessagesController$PeerColor;)V
M	org.telegram.ui.kv0	set	a	(II)V
M	org.telegram.ui.kv0	set	b	(IIZ)V
M	org.telegram.ui.b21	setBackgroundColor	a	(I)V
M	org.telegram.ui.d1	updateButtonState	a	(Z)V
M	org.telegram.ui.u70	isEnabled	D	(Ln4/k1;)Z
M	org.telegram.ui.u70	getItemCount	h	()I
M	org.telegram.ui.u70	notifyDataSetChanged	l	()V
M	org.telegram.ui.u70	onBindViewHolder	v	(Ln4/k1;I)V
M	org.telegram.ui.yd0	move	o0	(Lorg/telegram/messenger/IMapsProvider$LatLng;DD)Lorg/telegram/messenger/IMapsProvider$LatLng;
M	org.telegram.ui.yd0	setMessageObject	t0	(Lorg/telegram/messenger/MessageObject;)V
M	org.telegram.ui.nj1	finish	m	()V
M	org.telegram.ui.nj1	show	v	(Landroid/app/Activity;I)V
M	org.telegram.ui.web.d1	obj	B	(Ljava/lang/String;Ljava/lang/Object;Ljava/lang/String;Ljava/lang/Object;)Lorg/json/JSONObject;
M	org.telegram.ui.web.d1	d	g	(Ljava/lang/String;)V
M	org.telegram.ui.web.j2	recycle	o	(Lorg/telegram/tgnet/TLRPC$WebPage;)V
M	org.telegram.ui.web.z0	d	c	(Ljava/lang/String;)V
M	org.telegram.ui.es	isEnabled	D	(Ln4/k1;)Z
M	org.telegram.ui.es	getItemCount	h	()I
M	org.telegram.ui.es	onBindViewHolder	v	(Ln4/k1;I)V
M	org.telegram.ui.l4	isEnabled	D	(Ln4/k1;)Z
M	org.telegram.ui.l4	notifyDataSetChanged	M	()V
M	org.telegram.ui.l4	getItemCount	h	()I
M	org.telegram.ui.l4	onBindViewHolder	v	(Ln4/k1;I)V
M	org.telegram.ui.l4	onViewAttachedToWindow	y	(Ln4/k1;)V
M	org.telegram.ui.nh1	isEnabled	D	(Ln4/k1;)Z
M	org.telegram.ui.nh1	getItemCount	h	()I
M	org.telegram.ui.nh1	onBindViewHolder	v	(Ln4/k1;I)V
M	org.telegram.ui.nv0	getDialogId	a	()J
M	org.telegram.ui.e21	detach	b	(Z)V
M	org.telegram.ui.e21	of	c	(ILorg/telegram/tgnet/TLRPC$UserFull;Lorg/telegram/ui/e21;)Lorg/telegram/ui/e21;
M	org.telegram.ui.w70	select	p0	(Ljava/util/ArrayList;ZZ)V
M	org.telegram.ui.yc1	isEnabled	D	(Ln4/k1;)Z
M	org.telegram.ui.yc1	getItemCount	h	()I
M	org.telegram.ui.yc1	onBindViewHolder	v	(Ln4/k1;I)V
M	org.telegram.ui.yc1	onViewAttachedToWindow	y	(Ln4/k1;)V
M	org.telegram.ui.mg1	isEnabled	D	(Ln4/k1;)Z
M	org.telegram.ui.mg1	getItemCount	h	()I
M	org.telegram.ui.mg1	notifyDataSetChanged	l	()V
M	org.telegram.ui.mg1	onBindViewHolder	v	(Ln4/k1;I)V
M	org.telegram.ui.n4	getText	C	(Lorg/telegram/ui/l80;Lorg/telegram/tgnet/TLRPC$WebPage;Landroid/view/View;Lorg/telegram/tgnet/tl/TL_iv$RichText;Lorg/telegram/tgnet/tl/TL_iv$RichText;Lorg/telegram/tgnet/tl/TL_iv$PageBlock;I)Ljava/lang/CharSequence;
M	org.telegram.ui.n4	setParentActivity	Y	(Landroid/app/Activity;Lorg/telegram/ui/ActionBar/r2;)V
M	org.telegram.ui.n4	close	o	(ZZ)V
M	org.telegram.ui.n4	getInstance	x	()Lorg/telegram/ui/n4;
M	org.telegram.ui.hs	isEnabled	D	(Ln4/k1;)Z
M	org.telegram.ui.hs	getItemCount	h	()I
M	org.telegram.ui.hs	notifyDataSetChanged	l	()V
M	org.telegram.ui.hs	onBindViewHolder	v	(Ln4/k1;I)V
M	org.telegram.ui.v20	isEnabled	D	(Ln4/k1;)Z
M	org.telegram.ui.v20	getItemCount	h	()I
M	org.telegram.ui.v20	onBindViewHolder	v	(Ln4/k1;I)V
M	pe.a	of	l	(Lorg/telegram/tgnet/tl/TL_stars$StarsAmount;)Lpe/a;
M	mg.a	draw	p	(Landroid/graphics/Canvas;I)V
M	qe.a	start	e	(II)V
M	qe.b	start	e	(II)V
M	ng.j	attach	a	(Landroid/view/View;)V
M	ng.j	detach	b	(Landroid/view/View;)V
M	ng.j	draw	c	(Landroid/graphics/Canvas;Landroid/view/View;IIFZ)V
M	ng.j	getInstance	d	(ILandroid/view/View;Landroid/view/ViewGroup;)Lng/j;
M	ng.j	getInstance	e	(Landroid/view/View;)Lng/j;
M	ng.j	pause	f	(Z)V
M	ng.k	setColor	h	(I)V
M	of.a	draw	b	(Landroid/graphics/Canvas;IILorg/telegram/ui/ActionBar/j6;)V
M	of.c	draw	b	(Landroid/graphics/Canvas;IILorg/telegram/ui/ActionBar/j6;)V
M	pg.f1	draw	b	(Landroid/graphics/Canvas;F)V
M	pg.f1	invalidate	c	()V
M	rf.r0	compare	c	(Lorg/telegram/tgnet/TLRPC$Reaction;Lorg/telegram/tgnet/TLRPC$Reaction;)Z
M	rf.r0	compare	d	(Lorg/telegram/tgnet/TLRPC$Reaction;Lrf/p0;)Z
M	org.telegram.ui.k4	isVideo	g	(Lorg/telegram/tgnet/TLRPC$WebPage;Lorg/telegram/tgnet/tl/TL_iv$PageBlock;)Z
M	pe.c	getType	a	(Lorg/telegram/tgnet/tl/TL_keyboard$KeyboardButtonProto;Ljava/lang/Class;)Lorg/telegram/tgnet/tl/TL_keyboard$ButtonTypeProto;
M	t7.g	clamp	a	(FFF)F
M	t7.g	clamp	b	(III)I
M	t7.f0	apply	a	(Landroid/view/View;)V
M	t7.f0	apply	b	(Landroid/view/View;FF)V
M	qg.h0	update	a	()V
M	qg.q8	draw	a	(Landroid/graphics/Canvas;I)V
M	qg.q8	draw	b	(Landroid/graphics/Canvas;IF)V
M	qg.q8	process	d	()Z
M	qg.q8	setBounds	f	(IIII)V
M	qg.q8	setBounds	g	(Landroid/graphics/RectF;)V
M	qg.r5	load	a	()V
M	qg.r5	invalidate	i	(Z)V
M	qg.t7	fillItems	R	(Ljava/util/ArrayList;Lorg/telegram/ui/Components/u61;)V
M	qg.t5	from	b	(Lorg/telegram/messenger/MessageObject;)Lqg/t5;
M	qg.o	load	a	()V
M	qg.r	getInstance	g	(I)Lqg/r;
M	qg.z5	getContext	t	(Lorg/telegram/ui/ActionBar/r2;)Landroid/content/Context;
M	qg.z5	getInstance	w	(I)Lqg/z5;
M	qg.z5	getInstance	x	(ILpe/b;)Lqg/z5;
M	qg.z5	getInstance	y	(IZ)Lqg/z5;
M	qg.b8	createView	d	(I)Landroid/view/View;
M	qg.b8	getItemCount	e	()I
M	qg.d8	fillItems	H0	(Ljava/util/ArrayList;Lorg/telegram/ui/Components/u61;)V
M	qg.e4	has	d	()Z
M	qg.e4	set	f	(Lorg/telegram/messenger/MessageObject;Z)V
M	u4.a	notifyDataSetChanged	g	()V
M	rf.b0	dismiss	d	()V
M	rf.d	draw	b	(Landroid/graphics/Canvas;)V
M	rf.d	removeView	d	(Landroid/view/View;)V
M	rf.d	setBounds	e	(IIII)V
M	rf.n0	attach	a	()V
M	rf.n0	detach	b	()V
M	rf.n0	draw	d	(Landroid/graphics/Canvas;FFFFZZF)V
M	rf.n0	isOutOwner	m	()Z
M	rf.n0	isPlaying	n	()Z
M	rf.q0	draw	d	(Landroid/graphics/Canvas;FLjava/lang/Integer;)V
M	rf.q0	measure	p	(II)V
M	rf.q0	setMessage	s	(Lorg/telegram/messenger/MessageObject;ZZLorg/telegram/ui/ActionBar/j6;)V
M	rg.b	isEmpty	h	()Z
M	sf.a	create	a	(Landroid/view/View;)Luf/b;
M	sf.a	create	b	(Landroid/view/View;Lvf/a;)Luf/b;
M	sf.a	create	c	(Landroid/view/View;Lvf/a;Z)Luf/b;
M	sf.k	capture	e	(Landroid/graphics/Canvas;Landroid/graphics/RectF;)V
M	sg.c	getColor	K0	(I)I
M	sg.n5	cleanup	b	()V
M	sg.o5	hasStories	H	()Z
M	sg.o5	hasStories	I	(J)Z
M	sg.o5	cleanup	q	()V
M	sg.z7	close	q	(Z)V
M	sg.x5	of	a	(Lorg/telegram/ui/Components/jm0;)Lsg/x5;
M	sg.z4	delete	F	(Ljava/util/ArrayList;)V
M	sg.z4	edit	G	(Lorg/telegram/tgnet/TLRPC$InputMedia;Lorg/telegram/tgnet/tl/TL_bots$botPreviewMedia;)V
M	sg.z4	push	I	(Lorg/telegram/tgnet/tl/TL_bots$botPreviewMedia;)V
M	sg.z4	markAsRead	r	(I)Z
M	sg.c4	isEnabled	D	(Ln4/k1;)Z
M	sg.c4	getItemCount	h	()I
M	sg.c4	onBindViewHolder	v	(Ln4/k1;I)V
M	sg.d6	setColor	c	(Lorg/telegram/messenger/MessagesController$PeerColor;Z)V
M	sg.a1	equals	f	(Lorg/telegram/tgnet/TLRPC$InputGroupCall;)Z
M	sg.h5	day	b	(Lorg/telegram/messenger/MessageObject;)J
M	sg.h5	filter	e	(Lorg/telegram/messenger/MessageObject;ZZ)Z
M	w1.l	matches	a	(Ljava/util/UUID;)Z
M	org.telegram.tgnet.tl.TL_account$BusinessAwayMessageSchedule	TLdeserialize	TLdeserialize	(Lorg/telegram/tgnet/InputSerializedData;IZ)Lorg/telegram/tgnet/tl/TL_account$BusinessAwayMessageSchedule;
M	org.telegram.tgnet.tl.TL_account$TL_businessWorkHours	TLdeserialize	TLdeserialize	(Lorg/telegram/tgnet/InputSerializedData;IZ)Lorg/telegram/tgnet/tl/TL_account$TL_businessWorkHours;
M	org.telegram.tgnet.tl.TL_keyboard$KeyboardButtonStyle	TLdeserialize	TLdeserialize	(Lorg/telegram/tgnet/InputSerializedData;IZ)Lorg/telegram/tgnet/tl/TL_keyboard$KeyboardButtonStyle;
M	org.telegram.tgnet.tl.TL_stars$StarGiftAttributeRarity	TLdeserialize	TLdeserialize	(Lorg/telegram/tgnet/InputSerializedData;IZ)Lorg/telegram/tgnet/tl/TL_stars$StarGiftAttributeRarity;
M	org.telegram.tgnet.tl.TL_account$Themes	TLdeserialize	TLdeserialize	(Lorg/telegram/tgnet/InputSerializedData;IZ)Lorg/telegram/tgnet/tl/TL_account$Themes;
M	org.telegram.tgnet.tl.TL_stars$StarGiftAuctionState	TLdeserialize	TLdeserialize	(Lorg/telegram/tgnet/InputSerializedData;IZ)Lorg/telegram/tgnet/tl/TL_stars$StarGiftAuctionState;
M	org.telegram.tgnet.tl.TL_account$EmojiStatuses	TLdeserialize	TLdeserialize	(Lorg/telegram/tgnet/InputSerializedData;IZ)Lorg/telegram/tgnet/tl/TL_account$EmojiStatuses;
M	org.telegram.tgnet.tl.TL_bots$botPreviewMedia	TLdeserialize	TLdeserialize	(Lorg/telegram/tgnet/InputSerializedData;IZ)Lorg/telegram/tgnet/tl/TL_bots$botPreviewMedia;
M	org.telegram.tgnet.tl.TL_bots$botVerification	TLdeserialize	TLdeserialize	(Lorg/telegram/tgnet/InputSerializedData;IZ)Lorg/telegram/tgnet/tl/TL_bots$botVerification;
M	org.telegram.tgnet.tl.TL_ephemeral$EphemeralMessage	TLdeserialize	TLdeserialize	(Lorg/telegram/tgnet/InputSerializedData;IZ)Lorg/telegram/tgnet/tl/TL_ephemeral$EphemeralMessage;
M	org.telegram.tgnet.tl.TL_stories$TL_stories_stories	TLdeserialize	TLdeserialize	(Lorg/telegram/tgnet/InputSerializedData;IZ)Lorg/telegram/tgnet/tl/TL_stories$TL_stories_stories;
M	org.telegram.tgnet.tl.TL_payments$connectedStarRefBots	TLdeserialize	TLdeserialize	(Lorg/telegram/tgnet/InputSerializedData;IZ)Lorg/telegram/tgnet/tl/TL_payments$connectedStarRefBots;
M	org.telegram.tgnet.tl.TL_account$WebBrowserSettings	TLdeserialize	TLdeserialize	(Lorg/telegram/tgnet/InputSerializedData;IZ)Lorg/telegram/tgnet/tl/TL_account$WebBrowserSettings;
M	org.telegram.tgnet.tl.TL_stars$StarsAmount	TLdeserialize	TLdeserialize	(Lorg/telegram/tgnet/InputSerializedData;IZ)Lorg/telegram/tgnet/tl/TL_stars$StarsAmount;
M	org.telegram.tgnet.tl.TL_stars$StarsAmount	negative	negative	()Z
M	org.telegram.tgnet.tl.TL_stars$StarsAmount	positive	positive	()Z
M	org.telegram.tgnet.tl.TL_account$Password	TLdeserialize	TLdeserialize	(Lorg/telegram/tgnet/InputSerializedData;IZ)Lorg/telegram/tgnet/tl/TL_account$Password;
M	org.telegram.tgnet.tl.TL_account$WebDomainException	TLdeserialize	TLdeserialize	(Lorg/telegram/tgnet/InputSerializedData;IZ)Lorg/telegram/tgnet/tl/TL_account$WebDomainException;
M	org.telegram.tgnet.tl.TL_aicompose$AiComposeTone	TLdeserialize	TLdeserialize	(Lorg/telegram/tgnet/InputSerializedData;IZ)Lorg/telegram/tgnet/tl/TL_aicompose$AiComposeTone;
M	org.telegram.tgnet.tl.TL_payments$starRefProgram	TLdeserialize	TLdeserialize	(Lorg/telegram/tgnet/InputSerializedData;IZ)Lorg/telegram/tgnet/tl/TL_payments$starRefProgram;
M	org.telegram.tgnet.tl.TL_stories$TL_storyAlbum	TLdeserialize	TLdeserialize	(Lorg/telegram/tgnet/InputSerializedData;IZ)Lorg/telegram/tgnet/tl/TL_stories$TL_storyAlbum;
M	org.telegram.tgnet.tl.TL_account$ReactionNotificationsFrom	TLdeserialize	TLdeserialize	(Lorg/telegram/tgnet/InputSerializedData;IZ)Lorg/telegram/tgnet/tl/TL_account$ReactionNotificationsFrom;
M	org.telegram.tgnet.tl.TL_stars$StarsTransactionPeer	TLdeserialize	TLdeserialize	(Lorg/telegram/tgnet/InputSerializedData;IZ)Lorg/telegram/tgnet/tl/TL_stars$StarsTransactionPeer;
M	org.telegram.tgnet.tl.TL_phone$PhoneCall	TLdeserialize	TLdeserialize	(Lorg/telegram/tgnet/InputSerializedData;IZ)Lorg/telegram/tgnet/tl/TL_phone$PhoneCall;
M	org.telegram.tgnet.tl.TL_stories$MediaArea	TLdeserialize	TLdeserialize	(Lorg/telegram/tgnet/InputSerializedData;IZ)Lorg/telegram/tgnet/tl/TL_stories$MediaArea;
M	org.telegram.tgnet.tl.TL_stars$TL_starGiftCollection	TLdeserialize	TLdeserialize	(Lorg/telegram/tgnet/InputSerializedData;IZ)Lorg/telegram/tgnet/tl/TL_stars$TL_starGiftCollection;
M	org.telegram.tgnet.tl.TL_stories$PeerStories	TLdeserialize	TLdeserialize	(Lorg/telegram/tgnet/InputSerializedData;IZ)Lorg/telegram/tgnet/tl/TL_stories$PeerStories;
M	org.telegram.tgnet.tl.TL_stars$Tl_starsRating	TLdeserialize	TLdeserialize	(Lorg/telegram/tgnet/InputSerializedData;IZ)Lorg/telegram/tgnet/tl/TL_stars$Tl_starsRating;
M	org.telegram.tgnet.tl.TL_aicompose$Tones	TLdeserialize	TLdeserialize	(Lorg/telegram/tgnet/InputSerializedData;IZ)Lorg/telegram/tgnet/tl/TL_aicompose$Tones;
M	org.telegram.tgnet.tl.TL_stars$TL_StarGiftAuctionUserState	TLdeserialize	TLdeserialize	(Lorg/telegram/tgnet/InputSerializedData;IZ)Lorg/telegram/tgnet/tl/TL_stars$TL_StarGiftAuctionUserState;
M	org.telegram.tgnet.tl.TL_stories$StoryItem	TLdeserialize	TLdeserialize	(Lorg/telegram/tgnet/InputSerializedData;IZ)Lorg/telegram/tgnet/tl/TL_stories$StoryItem;
M	org.telegram.tgnet.tl.TL_account$TL_birthday	TLdeserialize	TLdeserialize	(Lorg/telegram/tgnet/InputSerializedData;IZ)Lorg/telegram/tgnet/tl/TL_account$TL_birthday;
M	org.telegram.tgnet.tl.TL_stories$StoryView	TLdeserialize	TLdeserialize	(Lorg/telegram/tgnet/InputSerializedData;IZ)Lorg/telegram/tgnet/tl/TL_stories$StoryView;
M	org.telegram.tgnet.tl.TL_account$TL_businessAwayMessage	TLdeserialize	TLdeserialize	(Lorg/telegram/tgnet/InputSerializedData;IZ)Lorg/telegram/tgnet/tl/TL_account$TL_businessAwayMessage;
M	org.telegram.tgnet.tl.TL_stats$StatsGraph	TLdeserialize	TLdeserialize	(Lorg/telegram/tgnet/InputSerializedData;IZ)Lorg/telegram/tgnet/tl/TL_stats$StatsGraph;
M	org.telegram.tgnet.tl.TL_stories$TL_premium_myBoosts	TLdeserialize	TLdeserialize	(Lorg/telegram/tgnet/InputSerializedData;IZ)Lorg/telegram/tgnet/tl/TL_stories$TL_premium_myBoosts;
M	org.telegram.tgnet.tl.TL_phone$TL_phone_phoneCall	TLdeserialize	TLdeserialize	(Lorg/telegram/tgnet/InputSerializedData;IZ)Lorg/telegram/tgnet/tl/TL_phone$TL_phone_phoneCall;
M	org.telegram.tgnet.tl.TL_stars$TL_payments_savedStarGifts	TLdeserialize	TLdeserialize	(Lorg/telegram/tgnet/InputSerializedData;IZ)Lorg/telegram/tgnet/tl/TL_stars$TL_payments_savedStarGifts;
M	org.telegram.tgnet.tl.TL_bots$BotInfo	TLdeserialize	TLdeserialize	(Lorg/telegram/tgnet/InputSerializedData;IZ)Lorg/telegram/tgnet/tl/TL_bots$BotInfo;
M	org.telegram.tgnet.tl.TL_chatlists$TL_exportedChatlistInvite	TLdeserialize	TLdeserialize	(Lorg/telegram/tgnet/InputSerializedData;IZ)Lorg/telegram/tgnet/tl/TL_chatlists$TL_exportedChatlistInvite;
M	org.telegram.tgnet.tl.TL_iv$PageBlock	TLdeserialize	TLdeserialize	(Lorg/telegram/tgnet/InputSerializedData;IZ)Lorg/telegram/tgnet/tl/TL_iv$PageBlock;
M	org.telegram.tgnet.tl.TL_stars$InputSavedStarGift	TLdeserialize	TLdeserialize	(Lorg/telegram/tgnet/InputSerializedData;IZ)Lorg/telegram/tgnet/tl/TL_stars$InputSavedStarGift;
M	org.telegram.tgnet.tl.TL_bots$BotMenuButton	TLdeserialize	TLdeserialize	(Lorg/telegram/tgnet/InputSerializedData;IZ)Lorg/telegram/tgnet/tl/TL_bots$BotMenuButton;
M	org.telegram.tgnet.tl.TL_iv$PageCaption	TLdeserialize	TLdeserialize	(Lorg/telegram/tgnet/InputSerializedData;IZ)Lorg/telegram/tgnet/tl/TL_iv$PageCaption;
M	org.telegram.tgnet.tl.TL_stories$TL_storiesStealthMode	TLdeserialize	TLdeserialize	(Lorg/telegram/tgnet/InputSerializedData;IZ)Lorg/telegram/tgnet/tl/TL_stories$TL_storiesStealthMode;
M	org.telegram.tgnet.tl.TL_account$TL_businessGreetingMessage	TLdeserialize	TLdeserialize	(Lorg/telegram/tgnet/InputSerializedData;IZ)Lorg/telegram/tgnet/tl/TL_account$TL_businessGreetingMessage;
M	org.telegram.tgnet.tl.TL_stars$PaidReactionPrivacy	getDialogId	getDialogId	()J
M	org.telegram.tgnet.tl.TL_account$TL_businessIntro	TLdeserialize	TLdeserialize	(Lorg/telegram/tgnet/InputSerializedData;IZ)Lorg/telegram/tgnet/tl/TL_account$TL_businessIntro;
M	org.telegram.tgnet.tl.TL_iv$PageListOrderedItem	TLdeserialize	TLdeserialize	(Lorg/telegram/tgnet/InputSerializedData;IZ)Lorg/telegram/tgnet/tl/TL_iv$PageListOrderedItem;
M	org.telegram.tgnet.tl.TL_keyboard$InlineButtonType	TLdeserialize	TLdeserialize	(Lorg/telegram/tgnet/InputSerializedData;IZ)Lorg/telegram/tgnet/tl/TL_keyboard$InlineButtonType;
M	org.telegram.tgnet.tl.TL_stars$TL_starsSubscriptionPricing	TLdeserialize	TLdeserialize	(Lorg/telegram/tgnet/InputSerializedData;IZ)Lorg/telegram/tgnet/tl/TL_stars$TL_starsSubscriptionPricing;
M	org.telegram.tgnet.tl.TL_stats$TL_statsAbsValueAndPrev	TLdeserialize	TLdeserialize	(Lorg/telegram/tgnet/InputSerializedData;IZ)Lorg/telegram/tgnet/tl/TL_stats$TL_statsAbsValueAndPrev;
M	org.telegram.tgnet.tl.TL_iv$RichMessage	TLdeserialize	TLdeserialize	(Lorg/telegram/tgnet/InputSerializedData;IZ)Lorg/telegram/tgnet/tl/TL_iv$RichMessage;
M	org.telegram.tgnet.tl.TL_stars$StarGift	TLdeserialize	TLdeserialize	(Lorg/telegram/tgnet/InputSerializedData;IZ)Lorg/telegram/tgnet/tl/TL_stars$StarGift;
M	org.telegram.tgnet.tl.TL_iv$RichText	TLdeserialize	TLdeserialize	(Lorg/telegram/tgnet/InputSerializedData;IZ)Lorg/telegram/tgnet/tl/TL_iv$RichText;
M	uf.a	draw	b	(Landroid/graphics/Canvas;Landroid/graphics/Paint;)V
M	ug.f3	hide	e	(Z)V
M	ug.d	setText	g	(Ljava/lang/CharSequence;ZZ)V
M	ug.l	draw	a	(Landroid/graphics/Canvas;F)V
M	ug.l	setTextSize	c	(F)V
M	ug.q6	copy	g	()Lug/q6;
M	ug.y9	getInstance	D	(Landroid/app/Activity;I)Lug/y9;
M	ug.y9	onBackPressed	L	()Z
M	ug.y9	close	p	(Z)V
M	ug.o0	hide	a	()V
M	ug.s	r	b	(F)F
M	ug.b8	setChecked	c	(ZZ)V
M	ug.ga	load	c	()V
M	ug.ha	check	b	(FFFFJFFFLug/ba;)V
M	yd.b	format	b	(Ljava/lang/String;)Ljava/lang/String;
M	yd.b	getInstance	c	()Lyd/b;
M	vg.h	fillItems	C0	(Ljava/util/ArrayList;Lorg/telegram/ui/Components/u61;)V
M	z.f	clear	b	()V
M	z.f	clone	c	()Lz/f;
M	z.f	containsKey	d	(J)Z
M	z.f	delete	e	(J)V
M	z.f	get	f	(J)Ljava/lang/Object;
M	z.f	isEmpty	i	()Z
M	z.f	keyAt	j	(I)J
M	z.f	remove	l	(J)V
M	z.f	size	m	()I
M	z.f	valueAt	n	(I)Ljava/lang/Object;
M	we.b	equals	a	(Lwe/b;Lwe/b;)Z
M	we.b	isEmpty	b	()Z
M	we.b	of	c	(Lorg/telegram/tgnet/TLRPC$ChatTheme;)Lwe/b;
M	wf.b	mainTabs	f	(Lorg/telegram/ui/ActionBar/j6;)Lvf/d;
M	wf.b	photoViewer	i	(Lorg/telegram/ui/ActionBar/j6;)Lvf/d;
M	wg.e3	fillItems	F0	(Ljava/util/ArrayList;Lorg/telegram/ui/Components/u61;)V
M	wg.p	get	c	(Landroid/content/Context;IJ)Lwg/p;
M	wg.p	load	h	()V
M	wg.p	save	k	()V
M	wg.q0	get	e	(Landroid/content/Context;IJ)Lwg/q0;
M	wg.u0	pause	b	()V
M	org.telegram.ui.Cells.v1	didPressMiniButton	w1	()V
M	org.telegram.ui.Cells.v1	didPressButton	v1	(Z)V
M	ge.f	tryGetViewHolderForPositionByDeadline	j	(IJ)Ln4/k1;
F	ge.f	this$0	h
F	org.telegram.ui.po	pinnedMessageView	w2
M	org.telegram.ui.po	scrollToLastMessage	Ua	(ZLorg/telegram/ui/ye;)V
M	org.telegram.ui.po	updatePinnedMessageView	wc	(IZ)V
M	org.telegram.ui.Components.d5	processError	d0	(ILorg/telegram/tgnet/TLRPC$TL_error;Lorg/telegram/ui/ActionBar/r2;Lorg/telegram/tgnet/TLObject;[Ljava/lang/Object;)Lorg/telegram/ui/ActionBar/f2;
M	org.telegram.ui.y91	fillItems	b0	(Lorg/telegram/ui/y91;Ljava/util/ArrayList;)V
M	org.telegram.ui.y91	onClick	f0	(Lorg/telegram/ui/y91;Lorg/telegram/ui/Components/g61;)V
M	org.telegram.ui.u91	of	a	(IIIILjava/lang/CharSequence;Ljava/lang/CharSequence;Ljava/lang/CharSequence;)Lorg/telegram/ui/Components/g61;
M	org.telegram.ui.ActionBar.o6	getCurrentHolidayDrawable	y0	()Landroid/graphics/drawable/Drawable;
F	org.telegram.ui.ActionBar.o6	canStartHolidayAnimation	G1
M	org.telegram.ui.lz	checkUi_itemDownloadsVisibility	u3	()V
M	sg.e3	onCreate	b	(Lorg/telegram/ui/ActionBar/ActionBarPopupWindow$ActionBarPopupWindowLayout;)V
M	org.telegram.ui.Components.hs	dismiss	a	()V
F	sg.e3	this$0	l
M	sg.j3	saveToGallery	d0	(Lsg/j3;)V
F	org.telegram.ui.Components.no	subtitleTextView	r
F	org.telegram.ui.Components.no	animatedSubtitleTextView	s
F	org.telegram.ui.Components.no	parentFragment	F
F	org.telegram.ui.Components.so0	downloadsContainer	F0
F	org.telegram.ui.Components.sn0	currentLoadingFiles	e
F	org.telegram.ui.Components.sn0	recentLoadingFiles	f
F	org.telegram.ui.Components.sn0	recyclerListView	b
F	org.telegram.ui.Components.sn0	adapter	c
F	org.telegram.ui.Components.sn0	parentActivity	E
F	org.telegram.ui.Components.sn0	parentFragment	F
F	org.telegram.ui.Components.sn0	currentAccount	d
F	org.telegram.ui.Components.sn0	uiCallback	H
F	xe.u	name	c
F	xe.u	object	a
F	ig.k	caption	e
F	ig.k	poll	b
F	org.telegram.tgnet.TLRPC$Audio	mime_type	mime_type
F	org.telegram.tgnet.TLRPC$TL_messages_getDiscussionMessage	peer	peer
F	org.telegram.tgnet.TLRPC$EncryptedMessage	bytes	bytes
F	org.telegram.tgnet.TLRPC$EncryptedMessage	file	file
F	org.telegram.tgnet.TLRPC$Photo	caption	caption
F	org.telegram.tgnet.TLRPC$TL_messages_getReplies	hash	hash
F	org.telegram.tgnet.TLRPC$TL_upload_getFile	offset	offset
F	org.telegram.ui.Cells.h4	animator	F
F	org.telegram.ui.Cells.t8	id	a
F	org.telegram.ui.Components.NumberTextView	animator	d
F	org.telegram.ui.Components.wc	animator	g
M	org.telegram.tgnet.Vector	deserialize	deserialize	(Lorg/telegram/tgnet/InputSerializedData;Lorg/telegram/messenger/Utilities$CallbackReturn;Z)Ljava/util/ArrayList;
M	org.telegram.tgnet.TLRPC$TL_contacts_resolvedPeer	TLdeserialize	TLdeserialize	(Lorg/telegram/tgnet/InputSerializedData;IZ)Lorg/telegram/tgnet/TLRPC$TL_contacts_resolvedPeer;
M	org.telegram.tgnet.TLRPC$TL_attachMenuBotIcon	TLdeserialize	TLdeserialize	(Lorg/telegram/tgnet/InputSerializedData;IZ)Lorg/telegram/tgnet/TLRPC$TL_attachMenuBotIcon;
M	org.telegram.tgnet.TLRPC$TL_messages_chatFull	TLdeserialize	TLdeserialize	(Lorg/telegram/tgnet/InputSerializedData;IZ)Lorg/telegram/tgnet/TLRPC$TL_messages_chatFull;
M	sg.o5	markStoryAsRead	V	(Lorg/telegram/tgnet/tl/TL_stories$PeerStories;Lorg/telegram/tgnet/tl/TL_stories$StoryItem;Z)Z
M	org.telegram.tgnet.tl.TL_account$privacyRules	TLdeserialize	TLdeserialize	(Lorg/telegram/tgnet/InputSerializedData;IZ)Lorg/telegram/tgnet/tl/TL_account$privacyRules;
M	org.telegram.tgnet.tl.TL_stars$StarsTransaction	TLdeserialize	TLdeserialize	(Lorg/telegram/tgnet/InputSerializedData;IZ)Lorg/telegram/tgnet/tl/TL_stars$StarsTransaction;
M	org.telegram.tgnet.tl.TL_account$TL_businessChatLink	TLdeserialize	TLdeserialize	(Lorg/telegram/tgnet/InputSerializedData;IZ)Lorg/telegram/tgnet/tl/TL_account$TL_businessChatLink;
M	org.telegram.tgnet.tl.TL_stats$TL_publicForwards	TLdeserialize	TLdeserialize	(Lorg/telegram/tgnet/InputSerializedData;IZ)Lorg/telegram/tgnet/tl/TL_stats$TL_publicForwards;
M	org.telegram.tgnet.tl.TL_stars$StarGiftAttribute	TLdeserialize	TLdeserialize	(Lorg/telegram/tgnet/InputSerializedData;IZ)Lorg/telegram/tgnet/tl/TL_stars$StarGiftAttribute;
M	org.telegram.ui.lz	updateStoriesVisibility	c5	(Z)V
M	n4.o0	onViewAttachedToWindow	y	(Ln4/k1;)V
