# Telegram Play 12.10.2 (70862), base APK SHA-256 b923544110654a2c0ae4e0d5829c1606b9f8807f76088fb4142622a93e408f8e
C	androidx.recyclerview.widget.ChildHelper	k4.d
C	androidx.recyclerview.widget.DefaultItemAnimator$ChangeInfo	n4.i
C	androidx.recyclerview.widget.DefaultItemAnimator	n4.k
C	androidx.recyclerview.widget.DiffUtil$DiffResult	n4.l
C	androidx.recyclerview.widget.GridLayoutManagerFixed	org.telegram.ui.xi
C	androidx.recyclerview.widget.ItemTouchHelper$Callback	n4.a0
C	androidx.recyclerview.widget.ItemTouchHelper$RecoverAnimation	n4.y
C	androidx.recyclerview.widget.ItemTouchHelper	n4.c0
C	androidx.recyclerview.widget.LinearLayoutManager$LayoutState	n4.e0
C	androidx.recyclerview.widget.LinearLayoutManager	n4.g0
C	androidx.recyclerview.widget.OrientationHelper	androidx.emoji2.text.g
C	androidx.recyclerview.widget.RecyclerView$Adapter	n4.l0
C	androidx.recyclerview.widget.RecyclerView$AdapterDataObservable	n4.m0
C	androidx.recyclerview.widget.RecyclerView$AdapterDataObserver	n4.n0
C	androidx.recyclerview.widget.RecyclerView$EdgeEffectFactory	n4.p0
C	androidx.recyclerview.widget.RecyclerView$ItemAnimator	n4.q0
C	androidx.recyclerview.widget.RecyclerView$ItemDecoration	n4.r0
C	androidx.recyclerview.widget.RecyclerView$LayoutManager	n4.s0
C	androidx.recyclerview.widget.RecyclerView$LayoutParams	n4.t0
C	androidx.recyclerview.widget.RecyclerView$OnScrollListener	n4.w0
C	androidx.recyclerview.widget.RecyclerView$RecycledViewPool	n4.y0
C	androidx.recyclerview.widget.RecyclerView$Recycler	ge.f
C	androidx.recyclerview.widget.RecyclerView$State	n4.d1
C	androidx.recyclerview.widget.RecyclerView$ViewHolder	n4.g1
C	androidx.recyclerview.widget.SimpleItemAnimator	n4.j1
C	androidx.recyclerview.widget.ViewBoundsCheck	ge.b
C	org.telegram.DispatchQueuePriority	xd.c
C	org.telegram.PhoneFormat.PhoneFormat	yd.b
C	org.telegram.messenger.BillingController$$ExternalSyntheticLambda2	org.telegram.messenger.b0
C	org.telegram.messenger.ChatThemeController$$ExternalSyntheticLambda8	org.telegram.messenger.c1
C	org.telegram.messenger.FilesMigrationService$$ExternalSyntheticAPIConversion0	org.telegram.messenger.b
C	org.telegram.messenger.ImageReceiver$ImageReceiverDelegate$-CC	org.telegram.messenger.i5
C	org.telegram.messenger.MessagesController$$ExternalSyntheticLambda102	org.telegram.messenger.pe
C	org.telegram.messenger.audioinfo.AudioInfo	be.a
C	org.telegram.messenger.audioinfo.OtherAudioInfo	be.c
C	org.telegram.messenger.browser.Browser$Progress	fe.e
C	org.telegram.messenger.browser.Browser	fe.f
C	org.telegram.messenger.camera.CameraView$CameraGLThread$$ExternalSyntheticLambda6	org.telegram.messenger.camera.q
C	org.telegram.messenger.chromecast.ChromecastFileServer	ge.e
C	org.telegram.messenger.chromecast.ChromecastMedia	ge.g
C	org.telegram.messenger.chromecast.ChromecastMediaVariations	ge.h
C	org.telegram.messenger.pip.PipSource$Builder	he.e
C	org.telegram.messenger.pip.PipSource	he.f
C	org.telegram.messenger.pip.source.IPipSourceDelegate	je.a
C	org.telegram.messenger.pip.utils.PipSourceParams	ke.b
C	org.telegram.messenger.pip.utils.PipUtils	ke.c
C	org.telegram.messenger.ringtone.RingtoneDataStore$CachedTone	le.c
C	org.telegram.messenger.ringtone.RingtoneDataStore	le.d
C	org.telegram.messenger.support.customtabs.CustomTabsServiceConnection	ne.a
C	org.telegram.messenger.utils.BillingUtilities$TL_savedPurpose	oe.a
C	org.telegram.messenger.utils.BillingUtilities	oe.j0
C	org.telegram.messenger.utils.BitmapsCache$CacheOptions	ec.i
C	org.telegram.messenger.utils.Choreographer60FpsContent$FrameCallback	oe.g
C	org.telegram.messenger.utils.Choreographer60FpsContent	oe.h
C	org.telegram.messenger.utils.DrawableUtils	oe.p
C	org.telegram.messenger.utils.EphemeralMessagesHelper$EphemeralUpdates	oe.r
C	org.telegram.messenger.utils.EphemeralMessagesHelper$WelcomeAnchorsState	oe.s
C	org.telegram.messenger.utils.EphemeralMessagesHelper	oe.t
C	org.telegram.messenger.utils.ImmutableByteArrayOutputStream	oe.z
C	org.telegram.messenger.utils.RenderNodeEffects	oe.k0
C	org.telegram.messenger.utils.WindowVisibilityManager$Controller	oe.p0
C	org.telegram.messenger.utils.WindowVisibilityManager	oe.r0
C	org.telegram.messenger.utils.tlutils.AmountUtils$Amount	pe.a
C	org.telegram.messenger.utils.tlutils.AmountUtils$Currency	pe.b
C	org.telegram.messenger.utils.tlutils.TLKeyboardHelper	t7.f6
C	org.telegram.messenger.utils.tlutils.TlUtils	androidx.emoji2.text.x
C	org.telegram.messenger.video.audio_input.AudioInput	qe.a
C	org.telegram.messenger.video.audio_input.BlankAudioInput	qe.b
C	org.telegram.messenger.video.remix.AudioRemixer	re.a
C	org.telegram.messenger.video.resample.AudioResampler	se.a
C	org.telegram.messenger.voip.VoIPServiceState$-CC	org.telegram.messenger.voip.x0
C	org.telegram.messenger.wallpaper.WallpaperBitmapHolder	te.a
C	org.telegram.messenger.wallpaper.WallpaperGiftPatternPosition	te.c
C	org.telegram.tgnet.AbstractSerializedData	org.telegram.tgnet.a
C	org.telegram.tgnet.ConnectionsManager$RequestCallbacks	org.telegram.tgnet.o
C	org.telegram.tgnet.InputSerializedData	org.telegram.tgnet.r
C	org.telegram.tgnet.OutputSerializedData	org.telegram.tgnet.s
C	org.telegram.tgnet.QuickAckDelegate	org.telegram.tgnet.t
C	org.telegram.tgnet.RequestDelegateTimestamp	org.telegram.tgnet.v
C	org.telegram.tgnet.ResultCallback	org.telegram.tgnet.w
C	org.telegram.tgnet.SerializedData	org.telegram.tgnet.x
C	org.telegram.tgnet.TLDataSourceType	org.telegram.tgnet.y
C	org.telegram.tgnet.TLMethod	org.telegram.tgnet.z
C	org.telegram.tgnet.TLObject	org.telegram.tgnet.a0
C	org.telegram.tgnet.TLParseException	org.telegram.tgnet.b0
C	org.telegram.tgnet.TLRPC$AttachMenuPeerType	org.telegram.tgnet.d0
C	org.telegram.tgnet.TLRPC$Audio	org.telegram.tgnet.e0
C	org.telegram.tgnet.TLRPC$BaseTheme	org.telegram.tgnet.f0
C	org.telegram.tgnet.TLRPC$Bool	org.telegram.tgnet.g0
C	org.telegram.tgnet.TLRPC$BotInlineMessage	org.telegram.tgnet.h0
C	org.telegram.tgnet.TLRPC$BotInlineResult	org.telegram.tgnet.i0
C	org.telegram.tgnet.TLRPC$ChannelAdminLogEventAction	org.telegram.tgnet.j0
C	org.telegram.tgnet.TLRPC$ChannelLocation	org.telegram.tgnet.k0
C	org.telegram.tgnet.TLRPC$ChannelParticipant	org.telegram.tgnet.l0
C	org.telegram.tgnet.TLRPC$ChannelParticipantsFilter	org.telegram.tgnet.m0
C	org.telegram.tgnet.TLRPC$Chat	org.telegram.tgnet.n0
C	org.telegram.tgnet.TLRPC$ChatFull	org.telegram.tgnet.o0
C	org.telegram.tgnet.TLRPC$ChatInvite	org.telegram.tgnet.p0
C	org.telegram.tgnet.TLRPC$ChatParticipant	org.telegram.tgnet.r0
C	org.telegram.tgnet.TLRPC$ChatParticipants	org.telegram.tgnet.s0
C	org.telegram.tgnet.TLRPC$ChatPhoto	org.telegram.tgnet.t0
C	org.telegram.tgnet.TLRPC$ChatReactions	org.telegram.tgnet.u0
C	org.telegram.tgnet.TLRPC$ChatTheme	org.telegram.tgnet.v0
C	org.telegram.tgnet.TLRPC$DecryptedMessage	org.telegram.tgnet.w0
C	org.telegram.tgnet.TLRPC$DecryptedMessageAction	org.telegram.tgnet.x0
C	org.telegram.tgnet.TLRPC$DecryptedMessageMedia	org.telegram.tgnet.y0
C	org.telegram.tgnet.TLRPC$Dialog	org.telegram.tgnet.z0
C	org.telegram.tgnet.TLRPC$DialogFilter	org.telegram.tgnet.a1
C	org.telegram.tgnet.TLRPC$DialogPeer	org.telegram.tgnet.b1
C	org.telegram.tgnet.TLRPC$DisallowedGiftsSettings	org.telegram.tgnet.c1
C	org.telegram.tgnet.TLRPC$Document	org.telegram.tgnet.d1
C	org.telegram.tgnet.TLRPC$DocumentAttribute	org.telegram.tgnet.e1
C	org.telegram.tgnet.TLRPC$DraftMessage	org.telegram.tgnet.f1
C	org.telegram.tgnet.TLRPC$EmojiGameInfo	org.telegram.tgnet.g1
C	org.telegram.tgnet.TLRPC$EmojiGroup	org.telegram.tgnet.h1
C	org.telegram.tgnet.TLRPC$EmojiList	org.telegram.tgnet.j1
C	org.telegram.tgnet.TLRPC$EmojiStatus	org.telegram.tgnet.k1
C	org.telegram.tgnet.TLRPC$EncryptedChat	org.telegram.tgnet.l1
C	org.telegram.tgnet.TLRPC$EncryptedFile	org.telegram.tgnet.m1
C	org.telegram.tgnet.TLRPC$EncryptedMessage	org.telegram.tgnet.n1
C	org.telegram.tgnet.TLRPC$FileLocation	org.telegram.tgnet.o1
C	org.telegram.tgnet.TLRPC$GeoPoint	org.telegram.tgnet.p1
C	org.telegram.tgnet.TLRPC$GlobalPrivacySettings	org.telegram.tgnet.q1
C	org.telegram.tgnet.TLRPC$GroupCall	org.telegram.tgnet.r1
C	org.telegram.tgnet.TLRPC$GroupCallMessage	org.telegram.tgnet.s1
C	org.telegram.tgnet.TLRPC$GroupCallParticipant	org.telegram.tgnet.t1
C	org.telegram.tgnet.TLRPC$InlineQueryPeerType	org.telegram.tgnet.u1
C	org.telegram.tgnet.TLRPC$InputChannel	org.telegram.tgnet.v1
C	org.telegram.tgnet.TLRPC$InputCheckPasswordSRP	org.telegram.tgnet.w1
C	org.telegram.tgnet.TLRPC$InputDialogPeer	org.telegram.tgnet.x1
C	org.telegram.tgnet.TLRPC$InputDocument	org.telegram.tgnet.y1
C	org.telegram.tgnet.TLRPC$InputEncryptedFile	org.telegram.tgnet.z1
C	org.telegram.tgnet.TLRPC$InputFile	org.telegram.tgnet.a2
C	org.telegram.tgnet.TLRPC$InputFileLocation	org.telegram.tgnet.b2
C	org.telegram.tgnet.TLRPC$InputGeoPoint	org.telegram.tgnet.c2
C	org.telegram.tgnet.TLRPC$InputGroupCall	org.telegram.tgnet.d2
C	org.telegram.tgnet.TLRPC$InputMedia	org.telegram.tgnet.e2
C	org.telegram.tgnet.TLRPC$InputPeer	org.telegram.tgnet.f2
C	org.telegram.tgnet.TLRPC$InputPhoto	org.telegram.tgnet.g2
C	org.telegram.tgnet.TLRPC$InputQuickReplyShortcut	org.telegram.tgnet.m90
C	org.telegram.tgnet.TLRPC$InputReplyTo	org.telegram.tgnet.i2
C	org.telegram.tgnet.TLRPC$InputSecureFile	org.telegram.tgnet.j2
C	org.telegram.tgnet.TLRPC$InputStickerSet	org.telegram.tgnet.k2
C	org.telegram.tgnet.TLRPC$InputStorePaymentPurpose	org.telegram.tgnet.l2
C	org.telegram.tgnet.TLRPC$InputUser	org.telegram.tgnet.m2
C	org.telegram.tgnet.TLRPC$InputWallPaper	org.telegram.tgnet.n2
C	org.telegram.tgnet.TLRPC$InputWebFileLocation	org.telegram.tgnet.o2
C	org.telegram.tgnet.TLRPC$JSONValue	org.telegram.tgnet.p2
C	org.telegram.tgnet.TLRPC$JoinChatBotResult	org.telegram.tgnet.q2
C	org.telegram.tgnet.TLRPC$LangPackString	org.telegram.tgnet.r2
C	org.telegram.tgnet.TLRPC$Message	org.telegram.tgnet.s2
C	org.telegram.tgnet.TLRPC$MessageAction	org.telegram.tgnet.t2
C	org.telegram.tgnet.TLRPC$MessageEntity	org.telegram.tgnet.u2
C	org.telegram.tgnet.TLRPC$MessageExtendedMedia	org.telegram.tgnet.v2
C	org.telegram.tgnet.TLRPC$MessageFwdHeader	org.telegram.tgnet.w2
C	org.telegram.tgnet.TLRPC$MessageMedia	org.telegram.tgnet.x2
C	org.telegram.tgnet.TLRPC$MessagePeerReaction	org.telegram.tgnet.y2
C	org.telegram.tgnet.TLRPC$MessagePeerVote	org.telegram.tgnet.z2
C	org.telegram.tgnet.TLRPC$MessageReactions	org.telegram.tgnet.a3
C	org.telegram.tgnet.TLRPC$MessageReactor	org.telegram.tgnet.k00
C	org.telegram.tgnet.TLRPC$MessageReplyHeader	org.telegram.tgnet.b3
C	org.telegram.tgnet.TLRPC$MessagesFilter	org.telegram.tgnet.c3
C	org.telegram.tgnet.TLRPC$NotificationSound	org.telegram.tgnet.d3
C	org.telegram.tgnet.TLRPC$NotifyPeer	org.telegram.tgnet.e3
C	org.telegram.tgnet.TLRPC$PasswordKdfAlgo	org.telegram.tgnet.f3
C	org.telegram.tgnet.TLRPC$PaymentForm	org.telegram.tgnet.g3
C	org.telegram.tgnet.TLRPC$PaymentReceipt	org.telegram.tgnet.h3
C	org.telegram.tgnet.TLRPC$Peer	org.telegram.tgnet.i3
C	org.telegram.tgnet.TLRPC$PeerColor	org.telegram.tgnet.j3
C	org.telegram.tgnet.TLRPC$PeerLocated	org.telegram.tgnet.k3
C	org.telegram.tgnet.TLRPC$PeerNotifySettings	org.telegram.tgnet.l3
C	org.telegram.tgnet.TLRPC$PeerSettings	org.telegram.tgnet.m3
C	org.telegram.tgnet.TLRPC$PhoneCallDiscardReason	org.telegram.tgnet.n3
C	org.telegram.tgnet.TLRPC$PhoneConnection	org.telegram.tgnet.o3
C	org.telegram.tgnet.TLRPC$Photo	org.telegram.tgnet.p3
C	org.telegram.tgnet.TLRPC$PhotoSize	org.telegram.tgnet.q3
C	org.telegram.tgnet.TLRPC$Poll	org.telegram.tgnet.r3
C	org.telegram.tgnet.TLRPC$PollAnswer	org.telegram.tgnet.s3
C	org.telegram.tgnet.TLRPC$PollAnswerVoters	org.telegram.tgnet.t3
C	org.telegram.tgnet.TLRPC$PollResults	org.telegram.tgnet.u3
C	org.telegram.tgnet.TLRPC$PrivacyKey	org.telegram.tgnet.v3
C	org.telegram.tgnet.TLRPC$PrivacyRule	org.telegram.tgnet.w3
C	org.telegram.tgnet.TLRPC$ProfileTab	org.telegram.tgnet.x3
C	org.telegram.tgnet.TLRPC$Reaction	org.telegram.tgnet.y3
C	org.telegram.tgnet.TLRPC$RecentMeUrl	org.telegram.tgnet.z3
C	org.telegram.tgnet.TLRPC$ReplyMarkup	org.telegram.tgnet.a4
C	org.telegram.tgnet.TLRPC$RequestPeerType	org.telegram.tgnet.c4
C	org.telegram.tgnet.TLRPC$RestrictionReason	org.telegram.tgnet.d4
C	org.telegram.tgnet.TLRPC$SavedMusic	org.telegram.tgnet.e4
C	org.telegram.tgnet.TLRPC$SearchPostsFlood	org.telegram.tgnet.f4
C	org.telegram.tgnet.TLRPC$SecureFile	org.telegram.tgnet.g4
C	org.telegram.tgnet.TLRPC$SecurePasswordKdfAlgo	org.telegram.tgnet.h4
C	org.telegram.tgnet.TLRPC$SecurePlainData	org.telegram.tgnet.i4
C	org.telegram.tgnet.TLRPC$SecureRequiredType	org.telegram.tgnet.j4
C	org.telegram.tgnet.TLRPC$SecureValueError	org.telegram.tgnet.k4
C	org.telegram.tgnet.TLRPC$SecureValueType	org.telegram.tgnet.l4
C	org.telegram.tgnet.TLRPC$SendMessageAction	org.telegram.tgnet.m4
C	org.telegram.tgnet.TLRPC$StickerSet	org.telegram.tgnet.n4
C	org.telegram.tgnet.TLRPC$StickerSetCovered	org.telegram.tgnet.o4
C	org.telegram.tgnet.TLRPC$SuggestedPost	org.telegram.tgnet.p4
C	org.telegram.tgnet.TLRPC$TL_accountDaysTTL	org.telegram.tgnet.q4
C	org.telegram.tgnet.TLRPC$TL_attachMenuBot	org.telegram.tgnet.t4
C	org.telegram.tgnet.TLRPC$TL_attachMenuBotIcon	org.telegram.tgnet.u4
C	org.telegram.tgnet.TLRPC$TL_attachMenuBotIconColor	org.telegram.tgnet.v4
C	org.telegram.tgnet.TLRPC$TL_attachMenuBot_layer140	org.telegram.tgnet.w4
C	org.telegram.tgnet.TLRPC$TL_attachMenuBot_layer162	org.telegram.tgnet.x4
C	org.telegram.tgnet.TLRPC$TL_attachMenuBots	org.telegram.tgnet.y4
C	org.telegram.tgnet.TLRPC$TL_attachMenuBotsBot	org.telegram.tgnet.z4
C	org.telegram.tgnet.TLRPC$TL_attachMenuBotsNotModified	org.telegram.tgnet.a5
C	org.telegram.tgnet.TLRPC$TL_attachMenuPeerTypeBotPM	org.telegram.tgnet.b5
C	org.telegram.tgnet.TLRPC$TL_attachMenuPeerTypeBroadcast	org.telegram.tgnet.c5
C	org.telegram.tgnet.TLRPC$TL_attachMenuPeerTypeChat	org.telegram.tgnet.d5
C	org.telegram.tgnet.TLRPC$TL_attachMenuPeerTypePM	org.telegram.tgnet.e5
C	org.telegram.tgnet.TLRPC$TL_attachMenuPeerTypeSameBotPM	org.telegram.tgnet.f5
C	org.telegram.tgnet.TLRPC$TL_audioEncrypted	org.telegram.tgnet.h5
C	org.telegram.tgnet.TLRPC$TL_audio_layer45	org.telegram.tgnet.g5
C	org.telegram.tgnet.TLRPC$TL_audio_old	org.telegram.tgnet.i5
C	org.telegram.tgnet.TLRPC$TL_auth_authorization	org.telegram.tgnet.k5
C	org.telegram.tgnet.TLRPC$TL_auth_authorizationSignUpRequired	org.telegram.tgnet.l5
C	org.telegram.tgnet.TLRPC$TL_auth_codeTypeCall	org.telegram.tgnet.p5
C	org.telegram.tgnet.TLRPC$TL_auth_codeTypeFlashCall	org.telegram.tgnet.q5
C	org.telegram.tgnet.TLRPC$TL_auth_codeTypeFragmentSms	org.telegram.tgnet.r5
C	org.telegram.tgnet.TLRPC$TL_auth_codeTypeMissedCall	org.telegram.tgnet.s5
C	org.telegram.tgnet.TLRPC$TL_auth_codeTypeSms	org.telegram.tgnet.t5
C	org.telegram.tgnet.TLRPC$TL_auth_loggedOut	org.telegram.tgnet.v5
C	org.telegram.tgnet.TLRPC$TL_auth_passwordRecovery	org.telegram.tgnet.w5
C	org.telegram.tgnet.TLRPC$TL_auth_sentCode	org.telegram.tgnet.c6
C	org.telegram.tgnet.TLRPC$TL_auth_sentCodePaymentRequired	org.telegram.tgnet.d6
C	org.telegram.tgnet.TLRPC$TL_auth_sentCodeSuccess	org.telegram.tgnet.e6
C	org.telegram.tgnet.TLRPC$TL_auth_sentCodeTypeApp	org.telegram.tgnet.f6
C	org.telegram.tgnet.TLRPC$TL_auth_sentCodeTypeCall	org.telegram.tgnet.g6
C	org.telegram.tgnet.TLRPC$TL_auth_sentCodeTypeEmailCode	org.telegram.tgnet.h6
C	org.telegram.tgnet.TLRPC$TL_auth_sentCodeTypeFlashCall	org.telegram.tgnet.j6
C	org.telegram.tgnet.TLRPC$TL_auth_sentCodeTypeFragmentSms	org.telegram.tgnet.k6
C	org.telegram.tgnet.TLRPC$TL_auth_sentCodeTypeMissedCall	org.telegram.tgnet.l6
C	org.telegram.tgnet.TLRPC$TL_auth_sentCodeTypeSetUpEmailRequired	org.telegram.tgnet.m6
C	org.telegram.tgnet.TLRPC$TL_auth_sentCodeTypeSms	org.telegram.tgnet.n6
C	org.telegram.tgnet.TLRPC$TL_auth_sentCodeTypeSmsPhrase	org.telegram.tgnet.o6
C	org.telegram.tgnet.TLRPC$TL_auth_sentCodeTypeSmsWord	org.telegram.tgnet.p6
C	org.telegram.tgnet.TLRPC$TL_authorization	org.telegram.tgnet.r6
C	org.telegram.tgnet.TLRPC$TL_autoDownloadSettings	org.telegram.tgnet.s6
C	org.telegram.tgnet.TLRPC$TL_availableEffect	org.telegram.tgnet.t6
C	org.telegram.tgnet.TLRPC$TL_availableReaction	org.telegram.tgnet.u6
C	org.telegram.tgnet.TLRPC$TL_bankCardOpenUrl	org.telegram.tgnet.v6
C	org.telegram.tgnet.TLRPC$TL_baseThemeArctic	org.telegram.tgnet.w6
C	org.telegram.tgnet.TLRPC$TL_baseThemeClassic	org.telegram.tgnet.x6
C	org.telegram.tgnet.TLRPC$TL_baseThemeDay	org.telegram.tgnet.y6
C	org.telegram.tgnet.TLRPC$TL_baseThemeNight	org.telegram.tgnet.z6
C	org.telegram.tgnet.TLRPC$TL_baseThemeTinted	org.telegram.tgnet.a7
C	org.telegram.tgnet.TLRPC$TL_boolFalse	org.telegram.tgnet.b7
C	org.telegram.tgnet.TLRPC$TL_boolTrue	org.telegram.tgnet.c7
C	org.telegram.tgnet.TLRPC$TL_botAppNotModified	org.telegram.tgnet.d7
C	org.telegram.tgnet.TLRPC$TL_botCommand	org.telegram.tgnet.e7
C	org.telegram.tgnet.TLRPC$TL_botCommand_layer227	org.telegram.tgnet.f7
C	org.telegram.tgnet.TLRPC$TL_botInlineMediaResult	org.telegram.tgnet.g7
C	org.telegram.tgnet.TLRPC$TL_botInlineMessageMediaAuto	org.telegram.tgnet.h7
C	org.telegram.tgnet.TLRPC$TL_botInlineMessageMediaAuto_layer74	org.telegram.tgnet.i7
C	org.telegram.tgnet.TLRPC$TL_botInlineMessageMediaContact	org.telegram.tgnet.j7
C	org.telegram.tgnet.TLRPC$TL_botInlineMessageMediaContact_layer81	org.telegram.tgnet.k7
C	org.telegram.tgnet.TLRPC$TL_botInlineMessageMediaGeo	org.telegram.tgnet.l7
C	org.telegram.tgnet.TLRPC$TL_botInlineMessageMediaGeo_layer71	org.telegram.tgnet.m7
C	org.telegram.tgnet.TLRPC$TL_botInlineMessageMediaInvoice	org.telegram.tgnet.n7
C	org.telegram.tgnet.TLRPC$TL_botInlineMessageMediaVenue	org.telegram.tgnet.o7
C	org.telegram.tgnet.TLRPC$TL_botInlineMessageMediaVenue_layer77	org.telegram.tgnet.p7
C	org.telegram.tgnet.TLRPC$TL_botInlineMessageMediaWebPage	org.telegram.tgnet.q7
C	org.telegram.tgnet.TLRPC$TL_botInlineMessageRichMessage	org.telegram.tgnet.r7
C	org.telegram.tgnet.TLRPC$TL_botInlineMessageText	org.telegram.tgnet.s7
C	org.telegram.tgnet.TLRPC$TL_botInlineResult	org.telegram.tgnet.t7
C	org.telegram.tgnet.TLRPC$TL_businessLocation	org.telegram.tgnet.u7
C	org.telegram.tgnet.TLRPC$TL_channel	org.telegram.tgnet.v7
C	org.telegram.tgnet.TLRPC$TL_channelAdminLogEvent	org.telegram.tgnet.w7
C	org.telegram.tgnet.TLRPC$TL_channelAdminLogEventActionChangeAbout	org.telegram.tgnet.x7
C	org.telegram.tgnet.TLRPC$TL_channelAdminLogEventActionChangeAvailableReactions	org.telegram.tgnet.y7
C	org.telegram.tgnet.TLRPC$TL_channelAdminLogEventActionChangeBackgroundEmoji	org.telegram.tgnet.z7
C	org.telegram.tgnet.TLRPC$TL_channelAdminLogEventActionChangeColor	org.telegram.tgnet.a8
C	org.telegram.tgnet.TLRPC$TL_channelAdminLogEventActionChangeEmojiStatus	org.telegram.tgnet.b8
C	org.telegram.tgnet.TLRPC$TL_channelAdminLogEventActionChangeEmojiStickerSet	org.telegram.tgnet.c8
C	org.telegram.tgnet.TLRPC$TL_channelAdminLogEventActionChangeHistoryTTL	org.telegram.tgnet.d8
C	org.telegram.tgnet.TLRPC$TL_channelAdminLogEventActionChangeLinkedChat	org.telegram.tgnet.e8
C	org.telegram.tgnet.TLRPC$TL_channelAdminLogEventActionChangeLocation	org.telegram.tgnet.f8
C	org.telegram.tgnet.TLRPC$TL_channelAdminLogEventActionChangePeerColor	org.telegram.tgnet.g8
C	org.telegram.tgnet.TLRPC$TL_channelAdminLogEventActionChangePhoto	org.telegram.tgnet.h8
C	org.telegram.tgnet.TLRPC$TL_channelAdminLogEventActionChangeProfilePeerColor	org.telegram.tgnet.i8
C	org.telegram.tgnet.TLRPC$TL_channelAdminLogEventActionChangeStickerSet	org.telegram.tgnet.j8
C	org.telegram.tgnet.TLRPC$TL_channelAdminLogEventActionChangeTheme	org.telegram.tgnet.k8
C	org.telegram.tgnet.TLRPC$TL_channelAdminLogEventActionChangeTitle	org.telegram.tgnet.l8
C	org.telegram.tgnet.TLRPC$TL_channelAdminLogEventActionChangeUsername	org.telegram.tgnet.m8
C	org.telegram.tgnet.TLRPC$TL_channelAdminLogEventActionChangeUsernames	org.telegram.tgnet.n8
C	org.telegram.tgnet.TLRPC$TL_channelAdminLogEventActionChangeWallpaper	org.telegram.tgnet.o8
C	org.telegram.tgnet.TLRPC$TL_channelAdminLogEventActionCreateTopic	org.telegram.tgnet.p8
C	org.telegram.tgnet.TLRPC$TL_channelAdminLogEventActionDefaultBannedRights	org.telegram.tgnet.q8
C	org.telegram.tgnet.TLRPC$TL_channelAdminLogEventActionDeleteMessage	org.telegram.tgnet.r8
C	org.telegram.tgnet.TLRPC$TL_channelAdminLogEventActionDeleteTopic	org.telegram.tgnet.s8
C	org.telegram.tgnet.TLRPC$TL_channelAdminLogEventActionDiscardGroupCall	org.telegram.tgnet.t8
C	org.telegram.tgnet.TLRPC$TL_channelAdminLogEventActionEditMessage	org.telegram.tgnet.u8
C	org.telegram.tgnet.TLRPC$TL_channelAdminLogEventActionEditTopic	org.telegram.tgnet.v8
C	org.telegram.tgnet.TLRPC$TL_channelAdminLogEventActionExportedInviteDelete	org.telegram.tgnet.w8
C	org.telegram.tgnet.TLRPC$TL_channelAdminLogEventActionExportedInviteEdit	org.telegram.tgnet.x8
C	org.telegram.tgnet.TLRPC$TL_channelAdminLogEventActionExportedInviteRevoke	org.telegram.tgnet.y8
C	org.telegram.tgnet.TLRPC$TL_channelAdminLogEventActionParticipantEditRank	org.telegram.tgnet.z8
C	org.telegram.tgnet.TLRPC$TL_channelAdminLogEventActionParticipantInvite	org.telegram.tgnet.a9
C	org.telegram.tgnet.TLRPC$TL_channelAdminLogEventActionParticipantJoin	org.telegram.tgnet.b9
C	org.telegram.tgnet.TLRPC$TL_channelAdminLogEventActionParticipantJoinByInvite	org.telegram.tgnet.c9
C	org.telegram.tgnet.TLRPC$TL_channelAdminLogEventActionParticipantJoinByRequest	org.telegram.tgnet.d9
C	org.telegram.tgnet.TLRPC$TL_channelAdminLogEventActionParticipantLeave	org.telegram.tgnet.e9
C	org.telegram.tgnet.TLRPC$TL_channelAdminLogEventActionParticipantMute	org.telegram.tgnet.f9
C	org.telegram.tgnet.TLRPC$TL_channelAdminLogEventActionParticipantSubExtend	org.telegram.tgnet.g9
C	org.telegram.tgnet.TLRPC$TL_channelAdminLogEventActionParticipantToggleAdmin	org.telegram.tgnet.h9
C	org.telegram.tgnet.TLRPC$TL_channelAdminLogEventActionParticipantToggleBan	org.telegram.tgnet.i9
C	org.telegram.tgnet.TLRPC$TL_channelAdminLogEventActionParticipantUnmute	org.telegram.tgnet.j9
C	org.telegram.tgnet.TLRPC$TL_channelAdminLogEventActionParticipantVolume	org.telegram.tgnet.k9
C	org.telegram.tgnet.TLRPC$TL_channelAdminLogEventActionPinTopic	org.telegram.tgnet.l9
C	org.telegram.tgnet.TLRPC$TL_channelAdminLogEventActionSendMessage	org.telegram.tgnet.m9
C	org.telegram.tgnet.TLRPC$TL_channelAdminLogEventActionStartGroupCall	org.telegram.tgnet.n9
C	org.telegram.tgnet.TLRPC$TL_channelAdminLogEventActionStopPoll	org.telegram.tgnet.o9
C	org.telegram.tgnet.TLRPC$TL_channelAdminLogEventActionToggleAntiSpam	org.telegram.tgnet.p9
C	org.telegram.tgnet.TLRPC$TL_channelAdminLogEventActionToggleAutotranslation	org.telegram.tgnet.q9
C	org.telegram.tgnet.TLRPC$TL_channelAdminLogEventActionToggleForum	org.telegram.tgnet.r9
C	org.telegram.tgnet.TLRPC$TL_channelAdminLogEventActionToggleGroupCallSetting	org.telegram.tgnet.s9
C	org.telegram.tgnet.TLRPC$TL_channelAdminLogEventActionToggleInvites	org.telegram.tgnet.t9
C	org.telegram.tgnet.TLRPC$TL_channelAdminLogEventActionToggleNoForwards	org.telegram.tgnet.u9
C	org.telegram.tgnet.TLRPC$TL_channelAdminLogEventActionTogglePreHistoryHidden	org.telegram.tgnet.v9
C	org.telegram.tgnet.TLRPC$TL_channelAdminLogEventActionToggleSignatureProfiles	org.telegram.tgnet.w9
C	org.telegram.tgnet.TLRPC$TL_channelAdminLogEventActionToggleSignatures	org.telegram.tgnet.x9
C	org.telegram.tgnet.TLRPC$TL_channelAdminLogEventActionToggleSlowMode	org.telegram.tgnet.y9
C	org.telegram.tgnet.TLRPC$TL_channelAdminLogEventActionUpdatePinned	org.telegram.tgnet.z9
C	org.telegram.tgnet.TLRPC$TL_channelAdminLogEventsFilter	org.telegram.tgnet.aa
C	org.telegram.tgnet.TLRPC$TL_channelAdminRights_layer92	org.telegram.tgnet.ba
C	org.telegram.tgnet.TLRPC$TL_channelBannedRights_layer92	org.telegram.tgnet.ca
C	org.telegram.tgnet.TLRPC$TL_channelForbidden	org.telegram.tgnet.da
C	org.telegram.tgnet.TLRPC$TL_channelForbidden_layer67	org.telegram.tgnet.ea
C	org.telegram.tgnet.TLRPC$TL_channelFull	org.telegram.tgnet.fa
C	org.telegram.tgnet.TLRPC$TL_channelLocation	org.telegram.tgnet.ia
C	org.telegram.tgnet.TLRPC$TL_channelLocationEmpty	org.telegram.tgnet.ja
C	org.telegram.tgnet.TLRPC$TL_channelParticipant	org.telegram.tgnet.ka
C	org.telegram.tgnet.TLRPC$TL_channelParticipantAdmin	org.telegram.tgnet.la
C	org.telegram.tgnet.TLRPC$TL_channelParticipantBanned	org.telegram.tgnet.na
C	org.telegram.tgnet.TLRPC$TL_channelParticipantBanned_layer92	org.telegram.tgnet.oa
C	org.telegram.tgnet.TLRPC$TL_channelParticipantCreator	org.telegram.tgnet.pa
C	org.telegram.tgnet.TLRPC$TL_channelParticipantCreator_layer131	org.telegram.tgnet.qa
C	org.telegram.tgnet.TLRPC$TL_channelParticipantLeft_layer125	org.telegram.tgnet.sa
C	org.telegram.tgnet.TLRPC$TL_channelParticipantModerator_layer67	org.telegram.tgnet.ma
C	org.telegram.tgnet.TLRPC$TL_channelParticipantSelf	org.telegram.tgnet.ta
C	org.telegram.tgnet.TLRPC$TL_channelParticipantSelf_layer133	org.telegram.tgnet.ra
C	org.telegram.tgnet.TLRPC$TL_channelParticipantSelf_layer222	org.telegram.tgnet.ua
C	org.telegram.tgnet.TLRPC$TL_channelParticipant_layer185	org.telegram.tgnet.va
C	org.telegram.tgnet.TLRPC$TL_channelParticipantsBots	org.telegram.tgnet.xa
C	org.telegram.tgnet.TLRPC$TL_channelParticipantsContacts	org.telegram.tgnet.ya
C	org.telegram.tgnet.TLRPC$TL_channelParticipantsMentions	org.telegram.tgnet.za
C	org.telegram.tgnet.TLRPC$TL_channelParticipantsRecent	org.telegram.tgnet.wa
C	org.telegram.tgnet.TLRPC$TL_channelParticipantsSearch	org.telegram.tgnet.ab
C	org.telegram.tgnet.TLRPC$TL_channel_layer67	org.telegram.tgnet.db
C	org.telegram.tgnet.TLRPC$TL_channel_layer72	org.telegram.tgnet.eb
C	org.telegram.tgnet.TLRPC$TL_channel_layer77	org.telegram.tgnet.fb
C	org.telegram.tgnet.TLRPC$TL_channel_layer92	org.telegram.tgnet.gb
C	org.telegram.tgnet.TLRPC$TL_channel_old	org.telegram.tgnet.hb
C	org.telegram.tgnet.TLRPC$TL_channels_adminLogResults	org.telegram.tgnet.ib
C	org.telegram.tgnet.TLRPC$TL_channels_channelParticipant	org.telegram.tgnet.jb
C	org.telegram.tgnet.TLRPC$TL_channels_channelParticipants	org.telegram.tgnet.kb
C	org.telegram.tgnet.TLRPC$TL_channels_channelParticipantsNotModified	org.telegram.tgnet.lb
C	org.telegram.tgnet.TLRPC$TL_channels_convertToGigagroup	org.telegram.tgnet.ob
C	org.telegram.tgnet.TLRPC$TL_channels_createChannel	org.telegram.tgnet.pb
C	org.telegram.tgnet.TLRPC$TL_channels_deleteMessages	org.telegram.tgnet.sb
C	org.telegram.tgnet.TLRPC$TL_channels_editAdmin	org.telegram.tgnet.ub
C	org.telegram.tgnet.TLRPC$TL_channels_editBanned	org.telegram.tgnet.vb
C	org.telegram.tgnet.TLRPC$TL_channels_editTitle	org.telegram.tgnet.nb
C	org.telegram.tgnet.TLRPC$TL_channels_getAdminLog	org.telegram.tgnet.wb
C	org.telegram.tgnet.TLRPC$TL_channels_getMessages	org.telegram.tgnet.bc
C	org.telegram.tgnet.TLRPC$TL_channels_getParticipants	org.telegram.tgnet.dc
C	org.telegram.tgnet.TLRPC$TL_channels_inviteToChannel	org.telegram.tgnet.fc
C	org.telegram.tgnet.TLRPC$TL_channels_joinChannel	org.telegram.tgnet.gc
C	org.telegram.tgnet.TLRPC$TL_channels_leaveChannel	org.telegram.tgnet.qb
C	org.telegram.tgnet.TLRPC$TL_channels_searchPosts	org.telegram.tgnet.ic
C	org.telegram.tgnet.TLRPC$TL_channels_sendAsPeers	org.telegram.tgnet.jc
C	org.telegram.tgnet.TLRPC$TL_channels_setStickers	org.telegram.tgnet.kc
C	org.telegram.tgnet.TLRPC$TL_channels_sponsoredMessageReportResultAdsHidden	org.telegram.tgnet.lc
C	org.telegram.tgnet.TLRPC$TL_channels_sponsoredMessageReportResultChooseOption	org.telegram.tgnet.mc
C	org.telegram.tgnet.TLRPC$TL_channels_sponsoredMessageReportResultReported	org.telegram.tgnet.nc
C	org.telegram.tgnet.TLRPC$TL_channels_toggleForum	org.telegram.tgnet.oc
C	org.telegram.tgnet.TLRPC$TL_channels_toggleJoinRequest	org.telegram.tgnet.pc
C	org.telegram.tgnet.TLRPC$TL_channels_toggleViewForumAsMessages	org.telegram.tgnet.hc
C	org.telegram.tgnet.TLRPC$TL_channels_updateUsername	org.telegram.tgnet.tc
C	org.telegram.tgnet.TLRPC$TL_chat	org.telegram.tgnet.uc
C	org.telegram.tgnet.TLRPC$TL_chatAdminRights	org.telegram.tgnet.vc
C	org.telegram.tgnet.TLRPC$TL_chatAdminWithInvites	org.telegram.tgnet.wc
C	org.telegram.tgnet.TLRPC$TL_chatBannedRights	org.telegram.tgnet.xc
C	org.telegram.tgnet.TLRPC$TL_chatChannelParticipant	org.telegram.tgnet.yc
C	org.telegram.tgnet.TLRPC$TL_chatEmpty	org.telegram.tgnet.zc
C	org.telegram.tgnet.TLRPC$TL_chatEmpty_layer131	org.telegram.tgnet.ad
C	org.telegram.tgnet.TLRPC$TL_chatForbidden	org.telegram.tgnet.bd
C	org.telegram.tgnet.TLRPC$TL_chatForbidden_old	org.telegram.tgnet.cd
C	org.telegram.tgnet.TLRPC$TL_chatFull	org.telegram.tgnet.dd
C	org.telegram.tgnet.TLRPC$TL_chatFull_layer98	org.telegram.tgnet.ed
C	org.telegram.tgnet.TLRPC$TL_chatInviteExported	org.telegram.tgnet.hd
C	org.telegram.tgnet.TLRPC$TL_chatInviteExported_layer185	org.telegram.tgnet.gd
C	org.telegram.tgnet.TLRPC$TL_chatInviteImporter	org.telegram.tgnet.id
C	org.telegram.tgnet.TLRPC$TL_chatInviteJoinResultOk	org.telegram.tgnet.jd
C	org.telegram.tgnet.TLRPC$TL_chatInviteJoinResultWebView	org.telegram.tgnet.kd
C	org.telegram.tgnet.TLRPC$TL_chatInvitePeek	org.telegram.tgnet.ld
C	org.telegram.tgnet.TLRPC$TL_chatInvitePublicJoinRequests	org.telegram.tgnet.md
C	org.telegram.tgnet.TLRPC$TL_chatInvite_layer165	org.telegram.tgnet.fd
C	org.telegram.tgnet.TLRPC$TL_chatInvite_layer195	org.telegram.tgnet.nd
C	org.telegram.tgnet.TLRPC$TL_chatOnlines	org.telegram.tgnet.od
C	org.telegram.tgnet.TLRPC$TL_chatParticipant	org.telegram.tgnet.pd
C	org.telegram.tgnet.TLRPC$TL_chatParticipantAdmin	org.telegram.tgnet.qd
C	org.telegram.tgnet.TLRPC$TL_chatParticipantAdmin_layer222	org.telegram.tgnet.rd
C	org.telegram.tgnet.TLRPC$TL_chatParticipantCreator	org.telegram.tgnet.sd
C	org.telegram.tgnet.TLRPC$TL_chatParticipantCreator_layer222	org.telegram.tgnet.td
C	org.telegram.tgnet.TLRPC$TL_chatParticipant_layer222	org.telegram.tgnet.ud
C	org.telegram.tgnet.TLRPC$TL_chatParticipants	org.telegram.tgnet.vd
C	org.telegram.tgnet.TLRPC$TL_chatParticipantsForbidden	org.telegram.tgnet.wd
C	org.telegram.tgnet.TLRPC$TL_chatParticipantsForbidden_old	org.telegram.tgnet.xd
C	org.telegram.tgnet.TLRPC$TL_chatParticipants_old	org.telegram.tgnet.yd
C	org.telegram.tgnet.TLRPC$TL_chatPhoto	org.telegram.tgnet.zd
C	org.telegram.tgnet.TLRPC$TL_chatPhotoEmpty	org.telegram.tgnet.ae
C	org.telegram.tgnet.TLRPC$TL_chatPhoto_layer97	org.telegram.tgnet.be
C	org.telegram.tgnet.TLRPC$TL_chatReactionsAll	org.telegram.tgnet.ce
C	org.telegram.tgnet.TLRPC$TL_chatReactionsNone	org.telegram.tgnet.de
C	org.telegram.tgnet.TLRPC$TL_chatReactionsSome	org.telegram.tgnet.ee
C	org.telegram.tgnet.TLRPC$TL_chatTheme	org.telegram.tgnet.fe
C	org.telegram.tgnet.TLRPC$TL_chatThemeUniqueGift	org.telegram.tgnet.ge
C	org.telegram.tgnet.TLRPC$TL_chat_layer131	org.telegram.tgnet.he
C	org.telegram.tgnet.TLRPC$TL_chat_layer92	org.telegram.tgnet.ie
C	org.telegram.tgnet.TLRPC$TL_chat_old2	org.telegram.tgnet.je
C	org.telegram.tgnet.TLRPC$TL_chat_old	org.telegram.tgnet.ke
C	org.telegram.tgnet.TLRPC$TL_codeSettings	org.telegram.tgnet.me
C	org.telegram.tgnet.TLRPC$TL_community	org.telegram.tgnet.ne
C	org.telegram.tgnet.TLRPC$TL_communityForbidden	org.telegram.tgnet.oe
C	org.telegram.tgnet.TLRPC$TL_composedMessageWithAI	org.telegram.tgnet.qe
C	org.telegram.tgnet.TLRPC$TL_config	org.telegram.tgnet.se
C	org.telegram.tgnet.TLRPC$TL_contact	org.telegram.tgnet.te
C	org.telegram.tgnet.TLRPC$TL_contactLinkUnknown	org.telegram.tgnet.ue
C	org.telegram.tgnet.TLRPC$TL_contactStatus	org.telegram.tgnet.ve
C	org.telegram.tgnet.TLRPC$TL_contacts_addContact	org.telegram.tgnet.xe
C	org.telegram.tgnet.TLRPC$TL_contacts_blockFromReplies	org.telegram.tgnet.ye
C	org.telegram.tgnet.TLRPC$TL_contacts_blocked	org.telegram.tgnet.ze
C	org.telegram.tgnet.TLRPC$TL_contacts_blockedSlice	org.telegram.tgnet.af
C	org.telegram.tgnet.TLRPC$TL_contacts_contacts	org.telegram.tgnet.bf
C	org.telegram.tgnet.TLRPC$TL_contacts_contactsNotModified	org.telegram.tgnet.cf
C	org.telegram.tgnet.TLRPC$TL_contacts_found	org.telegram.tgnet.df
C	org.telegram.tgnet.TLRPC$TL_contacts_getBlocked	org.telegram.tgnet.ef
C	org.telegram.tgnet.TLRPC$TL_contacts_getTopPeers	org.telegram.tgnet.hf
C	org.telegram.tgnet.TLRPC$TL_contacts_importContacts	org.telegram.tgnet.jf
C	org.telegram.tgnet.TLRPC$TL_contacts_importedContacts	org.telegram.tgnet.kf
C	org.telegram.tgnet.TLRPC$TL_contacts_link_layer101	org.telegram.tgnet.lf
C	org.telegram.tgnet.TLRPC$TL_contacts_resolvedPeer	org.telegram.tgnet.nf
C	org.telegram.tgnet.TLRPC$TL_contacts_search	org.telegram.tgnet.of
C	org.telegram.tgnet.TLRPC$TL_contacts_setBlocked	org.telegram.tgnet.rb
C	org.telegram.tgnet.TLRPC$TL_contacts_sponsoredPeers	org.telegram.tgnet.pf
C	org.telegram.tgnet.TLRPC$TL_contacts_sponsoredPeersEmpty	org.telegram.tgnet.qf
C	org.telegram.tgnet.TLRPC$TL_contacts_topPeers	org.telegram.tgnet.sf
C	org.telegram.tgnet.TLRPC$TL_contacts_topPeersDisabled	org.telegram.tgnet.tf
C	org.telegram.tgnet.TLRPC$TL_contacts_topPeersNotModified	org.telegram.tgnet.uf
C	org.telegram.tgnet.TLRPC$TL_dataJSON	org.telegram.tgnet.vf
C	org.telegram.tgnet.TLRPC$TL_dcOption	org.telegram.tgnet.wf
C	org.telegram.tgnet.TLRPC$TL_decryptedMessage	org.telegram.tgnet.xf
C	org.telegram.tgnet.TLRPC$TL_decryptedMessageActionAbortKey	org.telegram.tgnet.yf
C	org.telegram.tgnet.TLRPC$TL_decryptedMessageActionAcceptKey	org.telegram.tgnet.zf
C	org.telegram.tgnet.TLRPC$TL_decryptedMessageActionCommitKey	org.telegram.tgnet.ag
C	org.telegram.tgnet.TLRPC$TL_decryptedMessageActionDeleteMessages	org.telegram.tgnet.bg
C	org.telegram.tgnet.TLRPC$TL_decryptedMessageActionFlushHistory	org.telegram.tgnet.cg
C	org.telegram.tgnet.TLRPC$TL_decryptedMessageActionNoop	org.telegram.tgnet.dg
C	org.telegram.tgnet.TLRPC$TL_decryptedMessageActionNotifyLayer	org.telegram.tgnet.eg
C	org.telegram.tgnet.TLRPC$TL_decryptedMessageActionReadMessages	org.telegram.tgnet.fg
C	org.telegram.tgnet.TLRPC$TL_decryptedMessageActionRequestKey	org.telegram.tgnet.gg
C	org.telegram.tgnet.TLRPC$TL_decryptedMessageActionResend	org.telegram.tgnet.hg
C	org.telegram.tgnet.TLRPC$TL_decryptedMessageActionScreenshotMessages	org.telegram.tgnet.ig
C	org.telegram.tgnet.TLRPC$TL_decryptedMessageActionSetMessageTTL	org.telegram.tgnet.jg
C	org.telegram.tgnet.TLRPC$TL_decryptedMessageLayer	org.telegram.tgnet.lg
C	org.telegram.tgnet.TLRPC$TL_decryptedMessageMediaAudio	org.telegram.tgnet.mg
C	org.telegram.tgnet.TLRPC$TL_decryptedMessageMediaAudio_layer8	org.telegram.tgnet.ng
C	org.telegram.tgnet.TLRPC$TL_decryptedMessageMediaContact	org.telegram.tgnet.og
C	org.telegram.tgnet.TLRPC$TL_decryptedMessageMediaDocument	org.telegram.tgnet.pg
C	org.telegram.tgnet.TLRPC$TL_decryptedMessageMediaDocument_layer101	org.telegram.tgnet.qg
C	org.telegram.tgnet.TLRPC$TL_decryptedMessageMediaDocument_layer8	org.telegram.tgnet.rg
C	org.telegram.tgnet.TLRPC$TL_decryptedMessageMediaEmpty	org.telegram.tgnet.sg
C	org.telegram.tgnet.TLRPC$TL_decryptedMessageMediaExternalDocument	org.telegram.tgnet.tg
C	org.telegram.tgnet.TLRPC$TL_decryptedMessageMediaGeoPoint	org.telegram.tgnet.ug
C	org.telegram.tgnet.TLRPC$TL_decryptedMessageMediaPhoto	org.telegram.tgnet.vg
C	org.telegram.tgnet.TLRPC$TL_decryptedMessageMediaPhoto_layer8	org.telegram.tgnet.wg
C	org.telegram.tgnet.TLRPC$TL_decryptedMessageMediaVenue	org.telegram.tgnet.xg
C	org.telegram.tgnet.TLRPC$TL_decryptedMessageMediaVideo	org.telegram.tgnet.yg
C	org.telegram.tgnet.TLRPC$TL_decryptedMessageMediaWebPage	org.telegram.tgnet.ah
C	org.telegram.tgnet.TLRPC$TL_decryptedMessageService	org.telegram.tgnet.bh
C	org.telegram.tgnet.TLRPC$TL_decryptedMessageService_layer8	org.telegram.tgnet.ch
C	org.telegram.tgnet.TLRPC$TL_decryptedMessage_layer17	org.telegram.tgnet.dh
C	org.telegram.tgnet.TLRPC$TL_decryptedMessage_layer8	org.telegram.tgnet.eh
C	org.telegram.tgnet.TLRPC$TL_defaultHistoryTTL	org.telegram.tgnet.fh
C	org.telegram.tgnet.TLRPC$TL_dialog	org.telegram.tgnet.hh
C	org.telegram.tgnet.TLRPC$TL_dialogCommunity	org.telegram.tgnet.ih
C	org.telegram.tgnet.TLRPC$TL_dialogFilterChatlist	org.telegram.tgnet.kh
C	org.telegram.tgnet.TLRPC$TL_dialogFilterChatlist_layer195	org.telegram.tgnet.lh
C	org.telegram.tgnet.TLRPC$TL_dialogFilterDefault	org.telegram.tgnet.jh
C	org.telegram.tgnet.TLRPC$TL_dialogFilterSuggested	org.telegram.tgnet.mh
C	org.telegram.tgnet.TLRPC$TL_dialogFilter_layer195	org.telegram.tgnet.nh
C	org.telegram.tgnet.TLRPC$TL_dialogFolder	org.telegram.tgnet.oh
C	org.telegram.tgnet.TLRPC$TL_dialogPeer	org.telegram.tgnet.ph
C	org.telegram.tgnet.TLRPC$TL_dialogPeerCommunity	org.telegram.tgnet.qh
C	org.telegram.tgnet.TLRPC$TL_dialogPeerFolder	org.telegram.tgnet.rh
C	org.telegram.tgnet.TLRPC$TL_dialog_layer223	org.telegram.tgnet.sh
C	org.telegram.tgnet.TLRPC$TL_document	org.telegram.tgnet.uh
C	org.telegram.tgnet.TLRPC$TL_documentAttributeAnimated	org.telegram.tgnet.vh
C	org.telegram.tgnet.TLRPC$TL_documentAttributeAudio	org.telegram.tgnet.wh
C	org.telegram.tgnet.TLRPC$TL_documentAttributeAudio_old	org.telegram.tgnet.xh
C	org.telegram.tgnet.TLRPC$TL_documentAttributeCustomEmoji	org.telegram.tgnet.yh
C	org.telegram.tgnet.TLRPC$TL_documentAttributeFilename	org.telegram.tgnet.zh
C	org.telegram.tgnet.TLRPC$TL_documentAttributeHasStickers	org.telegram.tgnet.ai
C	org.telegram.tgnet.TLRPC$TL_documentAttributeImageSize	org.telegram.tgnet.bi
C	org.telegram.tgnet.TLRPC$TL_documentAttributeSticker	org.telegram.tgnet.ci
C	org.telegram.tgnet.TLRPC$TL_documentAttributeSticker_layer55	org.telegram.tgnet.di
C	org.telegram.tgnet.TLRPC$TL_documentAttributeSticker_old	org.telegram.tgnet.ei
C	org.telegram.tgnet.TLRPC$TL_documentAttributeVideo	org.telegram.tgnet.fi
C	org.telegram.tgnet.TLRPC$TL_documentAttributeVideo_layer65	org.telegram.tgnet.gi
C	org.telegram.tgnet.TLRPC$TL_documentEmpty	org.telegram.tgnet.hi
C	org.telegram.tgnet.TLRPC$TL_documentEncrypted	org.telegram.tgnet.ii
C	org.telegram.tgnet.TLRPC$TL_document_old	org.telegram.tgnet.ji
C	org.telegram.tgnet.TLRPC$TL_draftMessage	org.telegram.tgnet.li
C	org.telegram.tgnet.TLRPC$TL_draftMessageEmpty	org.telegram.tgnet.mi
C	org.telegram.tgnet.TLRPC$TL_draftMessageEmpty_layer81	org.telegram.tgnet.ni
C	org.telegram.tgnet.TLRPC$TL_draftMessage_layer205	org.telegram.tgnet.pi
C	org.telegram.tgnet.TLRPC$TL_draftMessage_layer226	org.telegram.tgnet.oi
C	org.telegram.tgnet.TLRPC$TL_emailVerificationGoogle	org.telegram.tgnet.qi
C	org.telegram.tgnet.TLRPC$TL_emailVerifyPurposeLoginSetup	org.telegram.tgnet.si
C	org.telegram.tgnet.TLRPC$TL_emailVerifyPurposePassport	org.telegram.tgnet.ri
C	org.telegram.tgnet.TLRPC$TL_emojiGameDiceInfo	org.telegram.tgnet.ti
C	org.telegram.tgnet.TLRPC$TL_emojiGameUnavailable	org.telegram.tgnet.ui
C	org.telegram.tgnet.TLRPC$TL_emojiGroup	org.telegram.tgnet.vi
C	org.telegram.tgnet.TLRPC$TL_emojiGroupGreeting	org.telegram.tgnet.wi
C	org.telegram.tgnet.TLRPC$TL_emojiGroupPremium	org.telegram.tgnet.xi
C	org.telegram.tgnet.TLRPC$TL_emojiKeyword	org.telegram.tgnet.yi
C	org.telegram.tgnet.TLRPC$TL_emojiKeywordsDifference	org.telegram.tgnet.aj
C	org.telegram.tgnet.TLRPC$TL_emojiList	org.telegram.tgnet.bj
C	org.telegram.tgnet.TLRPC$TL_emojiListNotModified	org.telegram.tgnet.cj
C	org.telegram.tgnet.TLRPC$TL_emojiStatus	org.telegram.tgnet.dj
C	org.telegram.tgnet.TLRPC$TL_emojiStatusCollectible	org.telegram.tgnet.ej
C	org.telegram.tgnet.TLRPC$TL_emojiStatusEmpty	org.telegram.tgnet.fj
C	org.telegram.tgnet.TLRPC$TL_emojiStatusUntil_layer197	org.telegram.tgnet.gj
C	org.telegram.tgnet.TLRPC$TL_emojiStatus_layer197	org.telegram.tgnet.hj
C	org.telegram.tgnet.TLRPC$TL_emojiURL	org.telegram.tgnet.ij
C	org.telegram.tgnet.TLRPC$TL_encryptedChat	org.telegram.tgnet.jj
C	org.telegram.tgnet.TLRPC$TL_encryptedChatDiscarded	org.telegram.tgnet.kj
C	org.telegram.tgnet.TLRPC$TL_encryptedChatDiscarded_layer122	org.telegram.tgnet.lj
C	org.telegram.tgnet.TLRPC$TL_encryptedChatRequested_layer115	org.telegram.tgnet.mj
C	org.telegram.tgnet.TLRPC$TL_encryptedChatRequested_old	org.telegram.tgnet.oj
C	org.telegram.tgnet.TLRPC$TL_encryptedChatWaiting	org.telegram.tgnet.pj
C	org.telegram.tgnet.TLRPC$TL_encryptedChatWaiting_layer131	org.telegram.tgnet.qj
C	org.telegram.tgnet.TLRPC$TL_encryptedChat_old	org.telegram.tgnet.rj
C	org.telegram.tgnet.TLRPC$TL_encryptedFile	org.telegram.tgnet.sj
C	org.telegram.tgnet.TLRPC$TL_encryptedFileEmpty	org.telegram.tgnet.tj
C	org.telegram.tgnet.TLRPC$TL_encryptedMessageService	org.telegram.tgnet.uj
C	org.telegram.tgnet.TLRPC$TL_error	org.telegram.tgnet.vj
C	org.telegram.tgnet.TLRPC$TL_exportedContactToken	org.telegram.tgnet.wj
C	org.telegram.tgnet.TLRPC$TL_exportedMessageLink	org.telegram.tgnet.xj
C	org.telegram.tgnet.TLRPC$TL_factCheck	org.telegram.tgnet.yj
C	org.telegram.tgnet.TLRPC$TL_fileEncryptedLocation	org.telegram.tgnet.zj
C	org.telegram.tgnet.TLRPC$TL_fileHash	org.telegram.tgnet.ak
C	org.telegram.tgnet.TLRPC$TL_fileLocationToBeDeprecated	org.telegram.tgnet.bk
C	org.telegram.tgnet.TLRPC$TL_fileLocationUnavailable	org.telegram.tgnet.ck
C	org.telegram.tgnet.TLRPC$TL_fileLocation_layer82	org.telegram.tgnet.dk
C	org.telegram.tgnet.TLRPC$TL_fileLocation_layer97	org.telegram.tgnet.ek
C	org.telegram.tgnet.TLRPC$TL_folder	org.telegram.tgnet.fk
C	org.telegram.tgnet.TLRPC$TL_folderPeer	org.telegram.tgnet.gk
C	org.telegram.tgnet.TLRPC$TL_forumTopic	org.telegram.tgnet.hk
C	org.telegram.tgnet.TLRPC$TL_forumTopicDeleted	org.telegram.tgnet.ik
C	org.telegram.tgnet.TLRPC$TL_forumTopic_layer223	org.telegram.tgnet.jk
C	org.telegram.tgnet.TLRPC$TL_game	org.telegram.tgnet.kk
C	org.telegram.tgnet.TLRPC$TL_geoPoint	org.telegram.tgnet.lk
C	org.telegram.tgnet.TLRPC$TL_geoPointEmpty	org.telegram.tgnet.mk
C	org.telegram.tgnet.TLRPC$TL_geoPoint_layer81	org.telegram.tgnet.nk
C	org.telegram.tgnet.TLRPC$TL_getFactCheck	org.telegram.tgnet.ok
C	org.telegram.tgnet.TLRPC$TL_globalPrivacySettings	org.telegram.tgnet.qk
C	org.telegram.tgnet.TLRPC$TL_groupCall	org.telegram.tgnet.sk
C	org.telegram.tgnet.TLRPC$TL_groupCallDiscarded	org.telegram.tgnet.tk
C	org.telegram.tgnet.TLRPC$TL_groupCallParticipant	org.telegram.tgnet.vk
C	org.telegram.tgnet.TLRPC$TL_groupCallParticipantVideo	org.telegram.tgnet.wk
C	org.telegram.tgnet.TLRPC$TL_groupCallParticipantVideoSourceGroup	org.telegram.tgnet.xk
C	org.telegram.tgnet.TLRPC$TL_groupCallParticipant_layer216	org.telegram.tgnet.yk
C	org.telegram.tgnet.TLRPC$TL_groupCall_layer216	org.telegram.tgnet.zk
C	org.telegram.tgnet.TLRPC$TL_help_appConfig	org.telegram.tgnet.al
C	org.telegram.tgnet.TLRPC$TL_help_appConfigNotModified	org.telegram.tgnet.bl
C	org.telegram.tgnet.TLRPC$TL_help_countriesList	org.telegram.tgnet.cl
C	org.telegram.tgnet.TLRPC$TL_help_countriesListNotModified	org.telegram.tgnet.dl
C	org.telegram.tgnet.TLRPC$TL_help_country	org.telegram.tgnet.el
C	org.telegram.tgnet.TLRPC$TL_help_countryCode	org.telegram.tgnet.fl
C	org.telegram.tgnet.TLRPC$TL_help_deepLinkInfo	org.telegram.tgnet.gl
C	org.telegram.tgnet.TLRPC$TL_help_deepLinkInfoEmpty	org.telegram.tgnet.hl
C	org.telegram.tgnet.TLRPC$TL_help_inviteText	org.telegram.tgnet.ml
C	org.telegram.tgnet.TLRPC$TL_help_noAppUpdate	org.telegram.tgnet.nl
C	org.telegram.tgnet.TLRPC$TL_help_passportConfig	org.telegram.tgnet.ol
C	org.telegram.tgnet.TLRPC$TL_help_passportConfigNotModified	org.telegram.tgnet.pl
C	org.telegram.tgnet.TLRPC$TL_help_peerColorOption	org.telegram.tgnet.ql
C	org.telegram.tgnet.TLRPC$TL_help_peerColorProfileSet	org.telegram.tgnet.rl
C	org.telegram.tgnet.TLRPC$TL_help_peerColorSet	org.telegram.tgnet.sl
C	org.telegram.tgnet.TLRPC$TL_help_peerColors	org.telegram.tgnet.tl
C	org.telegram.tgnet.TLRPC$TL_help_peerColorsNotModified	org.telegram.tgnet.ul
C	org.telegram.tgnet.TLRPC$TL_help_premiumPromo	org.telegram.tgnet.wl
C	org.telegram.tgnet.TLRPC$TL_help_premiumPromo_layer144	org.telegram.tgnet.xl
C	org.telegram.tgnet.TLRPC$TL_help_promoData	org.telegram.tgnet.yl
C	org.telegram.tgnet.TLRPC$TL_help_promoDataEmpty	org.telegram.tgnet.zl
C	org.telegram.tgnet.TLRPC$TL_help_promoData_layer202	org.telegram.tgnet.am
C	org.telegram.tgnet.TLRPC$TL_help_recentMeUrls	org.telegram.tgnet.bm
C	org.telegram.tgnet.TLRPC$TL_help_support	org.telegram.tgnet.cm
C	org.telegram.tgnet.TLRPC$TL_help_termsOfService	org.telegram.tgnet.dm
C	org.telegram.tgnet.TLRPC$TL_help_termsOfServiceUpdate	org.telegram.tgnet.em
C	org.telegram.tgnet.TLRPC$TL_help_termsOfServiceUpdateEmpty	org.telegram.tgnet.fm
C	org.telegram.tgnet.TLRPC$TL_help_timezonesList	org.telegram.tgnet.gm
C	org.telegram.tgnet.TLRPC$TL_help_timezonesListNotModified	org.telegram.tgnet.hm
C	org.telegram.tgnet.TLRPC$TL_importedContact	org.telegram.tgnet.im
C	org.telegram.tgnet.TLRPC$TL_inlineBotSwitchPM	org.telegram.tgnet.jm
C	org.telegram.tgnet.TLRPC$TL_inlineBotWebView	org.telegram.tgnet.km
C	org.telegram.tgnet.TLRPC$TL_inlineQueryPeerTypeBotPM	org.telegram.tgnet.lm
C	org.telegram.tgnet.TLRPC$TL_inlineQueryPeerTypeBroadcast	org.telegram.tgnet.mm
C	org.telegram.tgnet.TLRPC$TL_inlineQueryPeerTypeChat	org.telegram.tgnet.nm
C	org.telegram.tgnet.TLRPC$TL_inlineQueryPeerTypeMegagroup	org.telegram.tgnet.om
C	org.telegram.tgnet.TLRPC$TL_inlineQueryPeerTypePM	org.telegram.tgnet.pm
C	org.telegram.tgnet.TLRPC$TL_inlineQueryPeerTypeSameBotPM	org.telegram.tgnet.qm
C	org.telegram.tgnet.TLRPC$TL_inputAppEvent	org.telegram.tgnet.rm
C	org.telegram.tgnet.TLRPC$TL_inputBotAppID	org.telegram.tgnet.sm
C	org.telegram.tgnet.TLRPC$TL_inputBotAppShortName	org.telegram.tgnet.tm
C	org.telegram.tgnet.TLRPC$TL_inputChannel	org.telegram.tgnet.um
C	org.telegram.tgnet.TLRPC$TL_inputChannelEmpty	org.telegram.tgnet.vm
C	org.telegram.tgnet.TLRPC$TL_inputChannelFromMessage	org.telegram.tgnet.wm
C	org.telegram.tgnet.TLRPC$TL_inputChannelFromMessage_layer131	org.telegram.tgnet.xm
C	org.telegram.tgnet.TLRPC$TL_inputChannel_layer131	org.telegram.tgnet.ym
C	org.telegram.tgnet.TLRPC$TL_inputChatPhoto	org.telegram.tgnet.zm
C	org.telegram.tgnet.TLRPC$TL_inputChatPhotoEmpty	org.telegram.tgnet.an
C	org.telegram.tgnet.TLRPC$TL_inputChatUploadedPhoto	org.telegram.tgnet.bn
C	org.telegram.tgnet.TLRPC$TL_inputCheckPasswordEmpty	org.telegram.tgnet.cn
C	org.telegram.tgnet.TLRPC$TL_inputCheckPasswordSRP	org.telegram.tgnet.dn
C	org.telegram.tgnet.TLRPC$TL_inputDialogPeerCommunity	org.telegram.tgnet.en
C	org.telegram.tgnet.TLRPC$TL_inputDialogPeerFolder	org.telegram.tgnet.fn
C	org.telegram.tgnet.TLRPC$TL_inputDocumentEmpty	org.telegram.tgnet.gn
C	org.telegram.tgnet.TLRPC$TL_inputDocumentFileLocation	org.telegram.tgnet.hn
C	org.telegram.tgnet.TLRPC$TL_inputEmojiStatusCollectible	org.telegram.tgnet.in
C	org.telegram.tgnet.TLRPC$TL_inputEncryptedFile	org.telegram.tgnet.kn
C	org.telegram.tgnet.TLRPC$TL_inputEncryptedFileLocation	org.telegram.tgnet.mn
C	org.telegram.tgnet.TLRPC$TL_inputEncryptedFileUploaded	org.telegram.tgnet.ln
C	org.telegram.tgnet.TLRPC$TL_inputFile	org.telegram.tgnet.nn
C	org.telegram.tgnet.TLRPC$TL_inputFileBig	org.telegram.tgnet.on
C	org.telegram.tgnet.TLRPC$TL_inputFileLocation	org.telegram.tgnet.pn
C	org.telegram.tgnet.TLRPC$TL_inputFileStoryDocument	org.telegram.tgnet.qn
C	org.telegram.tgnet.TLRPC$TL_inputFolderPeer	org.telegram.tgnet.rn
C	org.telegram.tgnet.TLRPC$TL_inputGameShortName	org.telegram.tgnet.sn
C	org.telegram.tgnet.TLRPC$TL_inputGeoPointEmpty	org.telegram.tgnet.tn
C	org.telegram.tgnet.TLRPC$TL_inputGroupCall	org.telegram.tgnet.un
C	org.telegram.tgnet.TLRPC$TL_inputGroupCallInviteMessage	org.telegram.tgnet.vn
C	org.telegram.tgnet.TLRPC$TL_inputGroupCallSlug	org.telegram.tgnet.wn
C	org.telegram.tgnet.TLRPC$TL_inputGroupCallStream	org.telegram.tgnet.xn
C	org.telegram.tgnet.TLRPC$TL_inputInvoiceMessage	org.telegram.tgnet.zn
C	org.telegram.tgnet.TLRPC$TL_inputInvoicePremiumGiftStars	org.telegram.tgnet.co
C	org.telegram.tgnet.TLRPC$TL_inputInvoiceSlug	org.telegram.tgnet.yn
C	org.telegram.tgnet.TLRPC$TL_inputInvoiceStarGift	org.telegram.tgnet.eo
C	org.telegram.tgnet.TLRPC$TL_inputInvoiceStarGiftAuctionBid	org.telegram.tgnet.fo
C	org.telegram.tgnet.TLRPC$TL_inputInvoiceStarGiftDropOriginalDetails	org.telegram.tgnet.ao
C	org.telegram.tgnet.TLRPC$TL_inputInvoiceStarGiftPrepaidUpgrade	org.telegram.tgnet.bo
C	org.telegram.tgnet.TLRPC$TL_inputInvoiceStarGiftResale	org.telegram.tgnet.go
C	org.telegram.tgnet.TLRPC$TL_inputInvoiceStars	org.telegram.tgnet.io
C	org.telegram.tgnet.TLRPC$TL_inputMediaDocument	org.telegram.tgnet.lo
C	org.telegram.tgnet.TLRPC$TL_inputMediaDocumentExternal	org.telegram.tgnet.mo
C	org.telegram.tgnet.TLRPC$TL_inputMediaEmpty	org.telegram.tgnet.no
C	org.telegram.tgnet.TLRPC$TL_inputMediaGame	org.telegram.tgnet.oo
C	org.telegram.tgnet.TLRPC$TL_inputMediaInvoice	org.telegram.tgnet.po
C	org.telegram.tgnet.TLRPC$TL_inputMediaPaidMedia	org.telegram.tgnet.qo
C	org.telegram.tgnet.TLRPC$TL_inputMediaPaidMedia_layer186	org.telegram.tgnet.ro
C	org.telegram.tgnet.TLRPC$TL_inputMediaPhoto	org.telegram.tgnet.so
C	org.telegram.tgnet.TLRPC$TL_inputMediaPhoto_layer223	org.telegram.tgnet.to
C	org.telegram.tgnet.TLRPC$TL_inputMediaPoll	org.telegram.tgnet.uo
C	org.telegram.tgnet.TLRPC$TL_inputMediaPoll_layer223	org.telegram.tgnet.vo
C	org.telegram.tgnet.TLRPC$TL_inputMediaStakeDice	org.telegram.tgnet.wo
C	org.telegram.tgnet.TLRPC$TL_inputMediaStory	org.telegram.tgnet.xo
C	org.telegram.tgnet.TLRPC$TL_inputMediaTodo	org.telegram.tgnet.ko
C	org.telegram.tgnet.TLRPC$TL_inputMediaUploadedDocument	org.telegram.tgnet.yo
C	org.telegram.tgnet.TLRPC$TL_inputMediaUploadedPhoto	org.telegram.tgnet.zo
C	org.telegram.tgnet.TLRPC$TL_inputMediaVenue	org.telegram.tgnet.jo
C	org.telegram.tgnet.TLRPC$TL_inputMediaWebPage	org.telegram.tgnet.ap
C	org.telegram.tgnet.TLRPC$TL_inputMessageEntityMentionName	org.telegram.tgnet.bp
C	org.telegram.tgnet.TLRPC$TL_inputMessageReadMetric	org.telegram.tgnet.cp
C	org.telegram.tgnet.TLRPC$TL_inputMessagesFilterDocument	org.telegram.tgnet.ep
C	org.telegram.tgnet.TLRPC$TL_inputMessagesFilterMusic	org.telegram.tgnet.gp
C	org.telegram.tgnet.TLRPC$TL_inputMessagesFilterPhotoVideo	org.telegram.tgnet.hp
C	org.telegram.tgnet.TLRPC$TL_inputMessagesFilterPhotos	org.telegram.tgnet.ip
C	org.telegram.tgnet.TLRPC$TL_inputMessagesFilterPoll	org.telegram.tgnet.jp
C	org.telegram.tgnet.TLRPC$TL_inputMessagesFilterRoundVoice	org.telegram.tgnet.kp
C	org.telegram.tgnet.TLRPC$TL_inputMessagesFilterUrl	org.telegram.tgnet.lp
C	org.telegram.tgnet.TLRPC$TL_inputMessagesFilterVideo	org.telegram.tgnet.mp
C	org.telegram.tgnet.TLRPC$TL_inputMessagesFilterVoice	org.telegram.tgnet.dp
C	org.telegram.tgnet.TLRPC$TL_inputNotifyForumTopic	org.telegram.tgnet.pp
C	org.telegram.tgnet.TLRPC$TL_inputNotifyPeer	org.telegram.tgnet.op
C	org.telegram.tgnet.TLRPC$TL_inputNotifyUsers	org.telegram.tgnet.np
C	org.telegram.tgnet.TLRPC$TL_inputPaymentCredentialsSaved	org.telegram.tgnet.qp
C	org.telegram.tgnet.TLRPC$TL_inputPeerChannel	org.telegram.tgnet.rp
C	org.telegram.tgnet.TLRPC$TL_inputPeerChannelFromMessage_layer131	org.telegram.tgnet.tp
C	org.telegram.tgnet.TLRPC$TL_inputPeerChannel_layer131	org.telegram.tgnet.up
C	org.telegram.tgnet.TLRPC$TL_inputPeerChat	org.telegram.tgnet.vp
C	org.telegram.tgnet.TLRPC$TL_inputPeerChat_layer131	org.telegram.tgnet.wp
C	org.telegram.tgnet.TLRPC$TL_inputPeerColorCollectible	org.telegram.tgnet.xp
C	org.telegram.tgnet.TLRPC$TL_inputPeerEmpty	org.telegram.tgnet.yp
C	org.telegram.tgnet.TLRPC$TL_inputPeerNotifySettings	org.telegram.tgnet.zp
C	org.telegram.tgnet.TLRPC$TL_inputPeerPhotoFileLocation	org.telegram.tgnet.aq
C	org.telegram.tgnet.TLRPC$TL_inputPeerUser	org.telegram.tgnet.cq
C	org.telegram.tgnet.TLRPC$TL_inputPeerUserFromMessage	org.telegram.tgnet.sp
C	org.telegram.tgnet.TLRPC$TL_inputPeerUserFromMessage_layer131	org.telegram.tgnet.dq
C	org.telegram.tgnet.TLRPC$TL_inputPeerUser_layer131	org.telegram.tgnet.eq
C	org.telegram.tgnet.TLRPC$TL_inputPhoneCall	org.telegram.tgnet.fq
C	org.telegram.tgnet.TLRPC$TL_inputPhoneContact	org.telegram.tgnet.gq
C	org.telegram.tgnet.TLRPC$TL_inputPhotoEmpty	org.telegram.tgnet.hq
C	org.telegram.tgnet.TLRPC$TL_inputPhotoFileLocation	org.telegram.tgnet.iq
C	org.telegram.tgnet.TLRPC$TL_inputPollAnswer	org.telegram.tgnet.jq
C	org.telegram.tgnet.TLRPC$TL_inputPrivacyKeyVoiceMessages	org.telegram.tgnet.kq
C	org.telegram.tgnet.TLRPC$TL_inputPrivacyValueAllowAll	org.telegram.tgnet.lq
C	org.telegram.tgnet.TLRPC$TL_inputPrivacyValueAllowCloseFriends	org.telegram.tgnet.oq
C	org.telegram.tgnet.TLRPC$TL_inputPrivacyValueAllowContacts	org.telegram.tgnet.pq
C	org.telegram.tgnet.TLRPC$TL_inputPrivacyValueAllowUsers	org.telegram.tgnet.qq
C	org.telegram.tgnet.TLRPC$TL_inputPrivacyValueDisallowChatParticipants	org.telegram.tgnet.nq
C	org.telegram.tgnet.TLRPC$TL_inputPrivacyValueDisallowContacts	org.telegram.tgnet.mq
C	org.telegram.tgnet.TLRPC$TL_inputPrivacyValueDisallowUsers	org.telegram.tgnet.rq
C	org.telegram.tgnet.TLRPC$TL_inputQuickReplyShortcut	org.telegram.tgnet.sq
C	org.telegram.tgnet.TLRPC$TL_inputQuickReplyShortcutId	org.telegram.tgnet.tq
C	org.telegram.tgnet.TLRPC$TL_inputReplyToEphemeralMessage	org.telegram.tgnet.uq
C	org.telegram.tgnet.TLRPC$TL_inputReplyToMessage	org.telegram.tgnet.vq
C	org.telegram.tgnet.TLRPC$TL_inputReplyToMessage_layer223	org.telegram.tgnet.wq
C	org.telegram.tgnet.TLRPC$TL_inputReplyToMonoForum	org.telegram.tgnet.xq
C	org.telegram.tgnet.TLRPC$TL_inputReplyToStory	org.telegram.tgnet.yq
C	org.telegram.tgnet.TLRPC$TL_inputReplyToStory_layer173	org.telegram.tgnet.zq
C	org.telegram.tgnet.TLRPC$TL_inputReportReasonViolence	org.telegram.tgnet.ar
C	org.telegram.tgnet.TLRPC$TL_inputSecureFile	org.telegram.tgnet.br
C	org.telegram.tgnet.TLRPC$TL_inputSecureFileUploaded	org.telegram.tgnet.cr
C	org.telegram.tgnet.TLRPC$TL_inputSecureValue	org.telegram.tgnet.dr
C	org.telegram.tgnet.TLRPC$TL_inputSingleMedia	org.telegram.tgnet.er
C	org.telegram.tgnet.TLRPC$TL_inputStickerSetAnimatedEmoji	org.telegram.tgnet.fr
C	org.telegram.tgnet.TLRPC$TL_inputStickerSetDice	org.telegram.tgnet.gr
C	org.telegram.tgnet.TLRPC$TL_inputStickerSetDice_layer111	org.telegram.tgnet.hr
C	org.telegram.tgnet.TLRPC$TL_inputStickerSetEmojiChannelDefaultStatuses	org.telegram.tgnet.ir
C	org.telegram.tgnet.TLRPC$TL_inputStickerSetEmojiDefaultStatuses	org.telegram.tgnet.jr
C	org.telegram.tgnet.TLRPC$TL_inputStickerSetEmojiDefaultTopicIcons	org.telegram.tgnet.kr
C	org.telegram.tgnet.TLRPC$TL_inputStickerSetEmojiGenericAnimations	org.telegram.tgnet.lr
C	org.telegram.tgnet.TLRPC$TL_inputStickerSetID	org.telegram.tgnet.nr
C	org.telegram.tgnet.TLRPC$TL_inputStickerSetItem	org.telegram.tgnet.or
C	org.telegram.tgnet.TLRPC$TL_inputStickerSetPremiumGifts	org.telegram.tgnet.pr
C	org.telegram.tgnet.TLRPC$TL_inputStickerSetShortName	org.telegram.tgnet.qr
C	org.telegram.tgnet.TLRPC$TL_inputStickerSetThumb	org.telegram.tgnet.rr
C	org.telegram.tgnet.TLRPC$TL_inputStickerSetTonGifts	org.telegram.tgnet.sr
C	org.telegram.tgnet.TLRPC$TL_inputStickeredMediaDocument	org.telegram.tgnet.tr
C	org.telegram.tgnet.TLRPC$TL_inputStorePaymentAuthCode	org.telegram.tgnet.vr
C	org.telegram.tgnet.TLRPC$TL_inputStorePaymentGiftPremium	org.telegram.tgnet.wr
C	org.telegram.tgnet.TLRPC$TL_inputStorePaymentPremiumGiftCode	org.telegram.tgnet.xr
C	org.telegram.tgnet.TLRPC$TL_inputStorePaymentPremiumGiveaway	org.telegram.tgnet.yr
C	org.telegram.tgnet.TLRPC$TL_inputStorePaymentPremiumSubscription	org.telegram.tgnet.zr
C	org.telegram.tgnet.TLRPC$TL_inputStorePaymentStarsGift	org.telegram.tgnet.as
C	org.telegram.tgnet.TLRPC$TL_inputStorePaymentStarsGiveaway	org.telegram.tgnet.bs
C	org.telegram.tgnet.TLRPC$TL_inputStorePaymentStarsTopup	org.telegram.tgnet.cs
C	org.telegram.tgnet.TLRPC$TL_inputStorePaymentStarsTopup_layer212	org.telegram.tgnet.ds
C	org.telegram.tgnet.TLRPC$TL_inputTheme	org.telegram.tgnet.es
C	org.telegram.tgnet.TLRPC$TL_inputThemeSettings	org.telegram.tgnet.fs
C	org.telegram.tgnet.TLRPC$TL_inputThemeSlug	org.telegram.tgnet.gs
C	org.telegram.tgnet.TLRPC$TL_inputUserEmpty	org.telegram.tgnet.is
C	org.telegram.tgnet.TLRPC$TL_inputUserFromMessage_layer132	org.telegram.tgnet.js
C	org.telegram.tgnet.TLRPC$TL_inputUserSelf	org.telegram.tgnet.ks
C	org.telegram.tgnet.TLRPC$TL_inputUser_layer132	org.telegram.tgnet.hs
C	org.telegram.tgnet.TLRPC$TL_inputWallPaper	org.telegram.tgnet.ls
C	org.telegram.tgnet.TLRPC$TL_inputWallPaperNoFile	org.telegram.tgnet.ms
C	org.telegram.tgnet.TLRPC$TL_inputWallPaperSlug	org.telegram.tgnet.ns
C	org.telegram.tgnet.TLRPC$TL_inputWebDocument	org.telegram.tgnet.os
C	org.telegram.tgnet.TLRPC$TL_inputWebFileGeoPointLocation	org.telegram.tgnet.ps
C	org.telegram.tgnet.TLRPC$TL_inputWebFileLocation	org.telegram.tgnet.qs
C	org.telegram.tgnet.TLRPC$TL_invoice	org.telegram.tgnet.rs
C	org.telegram.tgnet.TLRPC$TL_invoice_layer193	org.telegram.tgnet.ss
C	org.telegram.tgnet.TLRPC$TL_joinChatBotResultApproved	org.telegram.tgnet.ts
C	org.telegram.tgnet.TLRPC$TL_joinChatBotResultDeclined	org.telegram.tgnet.us
C	org.telegram.tgnet.TLRPC$TL_joinChatBotResultQueued	org.telegram.tgnet.vs
C	org.telegram.tgnet.TLRPC$TL_joinChatBotResultWebView	org.telegram.tgnet.ws
C	org.telegram.tgnet.TLRPC$TL_jsonArray	org.telegram.tgnet.xs
C	org.telegram.tgnet.TLRPC$TL_jsonBool	org.telegram.tgnet.ys
C	org.telegram.tgnet.TLRPC$TL_jsonNull	org.telegram.tgnet.zs
C	org.telegram.tgnet.TLRPC$TL_jsonNumber	org.telegram.tgnet.at
C	org.telegram.tgnet.TLRPC$TL_jsonObject	org.telegram.tgnet.bt
C	org.telegram.tgnet.TLRPC$TL_jsonObjectValue	org.telegram.tgnet.ct
C	org.telegram.tgnet.TLRPC$TL_jsonString	org.telegram.tgnet.dt
C	org.telegram.tgnet.TLRPC$TL_langPackDifference	org.telegram.tgnet.ft
C	org.telegram.tgnet.TLRPC$TL_langPackLanguage	org.telegram.tgnet.gt
C	org.telegram.tgnet.TLRPC$TL_langPackStringDeleted	org.telegram.tgnet.jt
C	org.telegram.tgnet.TLRPC$TL_langPackStringPluralized	org.telegram.tgnet.kt
C	org.telegram.tgnet.TLRPC$TL_langpack_getDifference	org.telegram.tgnet.mf
C	org.telegram.tgnet.TLRPC$TL_langpack_getLanguage	org.telegram.tgnet.m5
C	org.telegram.tgnet.TLRPC$TL_maskCoords	org.telegram.tgnet.mt
C	org.telegram.tgnet.TLRPC$TL_message	org.telegram.tgnet.nt
C	org.telegram.tgnet.TLRPC$TL_messageActionAttachMenuBotAllowed	org.telegram.tgnet.ot
C	org.telegram.tgnet.TLRPC$TL_messageActionBoostApply	org.telegram.tgnet.pt
C	org.telegram.tgnet.TLRPC$TL_messageActionBotAllowed	org.telegram.tgnet.qt
C	org.telegram.tgnet.TLRPC$TL_messageActionBotAllowed_layer153	org.telegram.tgnet.rt
C	org.telegram.tgnet.TLRPC$TL_messageActionChangeCommunity	org.telegram.tgnet.st
C	org.telegram.tgnet.TLRPC$TL_messageActionChangeCreator	org.telegram.tgnet.tt
C	org.telegram.tgnet.TLRPC$TL_messageActionChannelCreate	org.telegram.tgnet.ut
C	org.telegram.tgnet.TLRPC$TL_messageActionChannelMigrateFrom	org.telegram.tgnet.vt
C	org.telegram.tgnet.TLRPC$TL_messageActionChannelMigrateFrom_layer131	org.telegram.tgnet.wt
C	org.telegram.tgnet.TLRPC$TL_messageActionChatAddUser	org.telegram.tgnet.xt
C	org.telegram.tgnet.TLRPC$TL_messageActionChatAddUser_old	org.telegram.tgnet.yt
C	org.telegram.tgnet.TLRPC$TL_messageActionChatCreate	org.telegram.tgnet.zt
C	org.telegram.tgnet.TLRPC$TL_messageActionChatCreate_layer131	org.telegram.tgnet.au
C	org.telegram.tgnet.TLRPC$TL_messageActionChatDeletePhoto	org.telegram.tgnet.bu
C	org.telegram.tgnet.TLRPC$TL_messageActionChatDeleteUser	org.telegram.tgnet.cu
C	org.telegram.tgnet.TLRPC$TL_messageActionChatDeleteUser_layer131	org.telegram.tgnet.du
C	org.telegram.tgnet.TLRPC$TL_messageActionChatEditPhoto	org.telegram.tgnet.eu
C	org.telegram.tgnet.TLRPC$TL_messageActionChatEditTitle	org.telegram.tgnet.fu
C	org.telegram.tgnet.TLRPC$TL_messageActionChatJoinedByLink	org.telegram.tgnet.gu
C	org.telegram.tgnet.TLRPC$TL_messageActionChatJoinedByLink_layer131	org.telegram.tgnet.hu
C	org.telegram.tgnet.TLRPC$TL_messageActionChatJoinedByRequest	org.telegram.tgnet.iu
C	org.telegram.tgnet.TLRPC$TL_messageActionChatMigrateTo	org.telegram.tgnet.ku
C	org.telegram.tgnet.TLRPC$TL_messageActionChatMigrateTo_layer131	org.telegram.tgnet.lu
C	org.telegram.tgnet.TLRPC$TL_messageActionConferenceCall	org.telegram.tgnet.mu
C	org.telegram.tgnet.TLRPC$TL_messageActionContactSignUp	org.telegram.tgnet.nu
C	org.telegram.tgnet.TLRPC$TL_messageActionCreatedBroadcastList	org.telegram.tgnet.ou
C	org.telegram.tgnet.TLRPC$TL_messageActionEmpty	org.telegram.tgnet.qu
C	org.telegram.tgnet.TLRPC$TL_messageActionGameScore	org.telegram.tgnet.ru
C	org.telegram.tgnet.TLRPC$TL_messageActionGeoProximityReached	org.telegram.tgnet.su
C	org.telegram.tgnet.TLRPC$TL_messageActionGiftCode	org.telegram.tgnet.tu
C	org.telegram.tgnet.TLRPC$TL_messageActionGiftCode_layer216	org.telegram.tgnet.uu
C	org.telegram.tgnet.TLRPC$TL_messageActionGiftPremium	org.telegram.tgnet.vu
C	org.telegram.tgnet.TLRPC$TL_messageActionGiftPremium_layer216	org.telegram.tgnet.wu
C	org.telegram.tgnet.TLRPC$TL_messageActionGiftStars	org.telegram.tgnet.xu
C	org.telegram.tgnet.TLRPC$TL_messageActionGiftTon	org.telegram.tgnet.yu
C	org.telegram.tgnet.TLRPC$TL_messageActionGiveawayLaunch	org.telegram.tgnet.zu
C	org.telegram.tgnet.TLRPC$TL_messageActionGiveawayLaunch_layer186	org.telegram.tgnet.av
C	org.telegram.tgnet.TLRPC$TL_messageActionGiveawayResults	org.telegram.tgnet.bv
C	org.telegram.tgnet.TLRPC$TL_messageActionGiveawayResults_layer186	org.telegram.tgnet.cv
C	org.telegram.tgnet.TLRPC$TL_messageActionGroupCall	org.telegram.tgnet.dv
C	org.telegram.tgnet.TLRPC$TL_messageActionGroupCallScheduled	org.telegram.tgnet.ev
C	org.telegram.tgnet.TLRPC$TL_messageActionHistoryClear	org.telegram.tgnet.fv
C	org.telegram.tgnet.TLRPC$TL_messageActionInviteToGroupCall	org.telegram.tgnet.gv
C	org.telegram.tgnet.TLRPC$TL_messageActionInviteToGroupCall_layer131	org.telegram.tgnet.hv
C	org.telegram.tgnet.TLRPC$TL_messageActionLoginUnknownLocation	org.telegram.tgnet.iv
C	org.telegram.tgnet.TLRPC$TL_messageActionManagedBotCreated	org.telegram.tgnet.jv
C	org.telegram.tgnet.TLRPC$TL_messageActionNewCreatorPending	org.telegram.tgnet.kv
C	org.telegram.tgnet.TLRPC$TL_messageActionNoForwardsRequest	org.telegram.tgnet.lv
C	org.telegram.tgnet.TLRPC$TL_messageActionNoForwardsToggle	org.telegram.tgnet.mv
C	org.telegram.tgnet.TLRPC$TL_messageActionPaidMessagesPrice	org.telegram.tgnet.nv
C	org.telegram.tgnet.TLRPC$TL_messageActionPaidMessagesPrice_layer203	org.telegram.tgnet.ov
C	org.telegram.tgnet.TLRPC$TL_messageActionPaidMessagesRefunded	org.telegram.tgnet.pv
C	org.telegram.tgnet.TLRPC$TL_messageActionPaymentRefunded	org.telegram.tgnet.qv
C	org.telegram.tgnet.TLRPC$TL_messageActionPaymentSent	org.telegram.tgnet.rv
C	org.telegram.tgnet.TLRPC$TL_messageActionPaymentSentMe	org.telegram.tgnet.sv
C	org.telegram.tgnet.TLRPC$TL_messageActionPaymentSentMe_layer193	org.telegram.tgnet.tv
C	org.telegram.tgnet.TLRPC$TL_messageActionPaymentSent_layer193	org.telegram.tgnet.uv
C	org.telegram.tgnet.TLRPC$TL_messageActionPhoneCall	org.telegram.tgnet.vv
C	org.telegram.tgnet.TLRPC$TL_messageActionPhoneNumberRequest	org.telegram.tgnet.wv
C	org.telegram.tgnet.TLRPC$TL_messageActionPinMessage	org.telegram.tgnet.xv
C	org.telegram.tgnet.TLRPC$TL_messageActionPollAppendAnswer	org.telegram.tgnet.yv
C	org.telegram.tgnet.TLRPC$TL_messageActionPollDeleteAnswer	org.telegram.tgnet.zv
C	org.telegram.tgnet.TLRPC$TL_messageActionPrizeStars	org.telegram.tgnet.aw
C	org.telegram.tgnet.TLRPC$TL_messageActionRequestedPeer	org.telegram.tgnet.bw
C	org.telegram.tgnet.TLRPC$TL_messageActionRequestedPeer_layer168	org.telegram.tgnet.cw
C	org.telegram.tgnet.TLRPC$TL_messageActionScreenshotTaken	org.telegram.tgnet.dw
C	org.telegram.tgnet.TLRPC$TL_messageActionSecureValuesSent	org.telegram.tgnet.ew
C	org.telegram.tgnet.TLRPC$TL_messageActionSetChatTheme	org.telegram.tgnet.fw
C	org.telegram.tgnet.TLRPC$TL_messageActionSetChatTheme_layer213	org.telegram.tgnet.gw
C	org.telegram.tgnet.TLRPC$TL_messageActionSetChatWallPaper	org.telegram.tgnet.hw
C	org.telegram.tgnet.TLRPC$TL_messageActionSetChatWallPaper_layer166	org.telegram.tgnet.iw
C	org.telegram.tgnet.TLRPC$TL_messageActionSetMessagesTTL	org.telegram.tgnet.jw
C	org.telegram.tgnet.TLRPC$TL_messageActionSetMessagesTTL_layer149	org.telegram.tgnet.kw
C	org.telegram.tgnet.TLRPC$TL_messageActionSetSameChatWallPaper	org.telegram.tgnet.lw
C	org.telegram.tgnet.TLRPC$TL_messageActionStarGift	org.telegram.tgnet.mw
C	org.telegram.tgnet.TLRPC$TL_messageActionStarGiftPurchaseOffer	org.telegram.tgnet.nw
C	org.telegram.tgnet.TLRPC$TL_messageActionStarGiftPurchaseOfferDeclined	org.telegram.tgnet.ow
C	org.telegram.tgnet.TLRPC$TL_messageActionStarGiftUnique	org.telegram.tgnet.pw
C	org.telegram.tgnet.TLRPC$TL_messageActionStarGiftUnique_layer228	org.telegram.tgnet.qw
C	org.telegram.tgnet.TLRPC$TL_messageActionStarGift_layer219	org.telegram.tgnet.rw
C	org.telegram.tgnet.TLRPC$TL_messageActionSuggestBirthday	org.telegram.tgnet.sw
C	org.telegram.tgnet.TLRPC$TL_messageActionSuggestProfilePhoto	org.telegram.tgnet.tw
C	org.telegram.tgnet.TLRPC$TL_messageActionSuggestedPostApproval	org.telegram.tgnet.uw
C	org.telegram.tgnet.TLRPC$TL_messageActionSuggestedPostRefund	org.telegram.tgnet.vw
C	org.telegram.tgnet.TLRPC$TL_messageActionSuggestedPostSuccess	org.telegram.tgnet.ww
C	org.telegram.tgnet.TLRPC$TL_messageActionTTLChange	org.telegram.tgnet.xw
C	org.telegram.tgnet.TLRPC$TL_messageActionTodoAppendTasks	org.telegram.tgnet.yw
C	org.telegram.tgnet.TLRPC$TL_messageActionTopicCreate	org.telegram.tgnet.ax
C	org.telegram.tgnet.TLRPC$TL_messageActionTopicEdit	org.telegram.tgnet.bx
C	org.telegram.tgnet.TLRPC$TL_messageActionTopicEdit_layer149	org.telegram.tgnet.cx
C	org.telegram.tgnet.TLRPC$TL_messageActionUserJoined	org.telegram.tgnet.dx
C	org.telegram.tgnet.TLRPC$TL_messageActionUserUpdatedPhoto	org.telegram.tgnet.ex
C	org.telegram.tgnet.TLRPC$TL_messageActionWebViewDataSent	org.telegram.tgnet.fx
C	org.telegram.tgnet.TLRPC$TL_messageActionWebViewDataSentMe	org.telegram.tgnet.gx
C	org.telegram.tgnet.TLRPC$TL_messageEmpty	org.telegram.tgnet.hx
C	org.telegram.tgnet.TLRPC$TL_messageEmpty_layer122	org.telegram.tgnet.ix
C	org.telegram.tgnet.TLRPC$TL_messageEncryptedAction	org.telegram.tgnet.jx
C	org.telegram.tgnet.TLRPC$TL_messageEntityBankCard	org.telegram.tgnet.kx
C	org.telegram.tgnet.TLRPC$TL_messageEntityBlockquote	org.telegram.tgnet.lx
C	org.telegram.tgnet.TLRPC$TL_messageEntityBlockquote_layer180	org.telegram.tgnet.mx
C	org.telegram.tgnet.TLRPC$TL_messageEntityBold	org.telegram.tgnet.nx
C	org.telegram.tgnet.TLRPC$TL_messageEntityBotCommand	org.telegram.tgnet.ox
C	org.telegram.tgnet.TLRPC$TL_messageEntityCode	org.telegram.tgnet.qx
C	org.telegram.tgnet.TLRPC$TL_messageEntityCustomEmoji	org.telegram.tgnet.rx
C	org.telegram.tgnet.TLRPC$TL_messageEntityDiffDelete	org.telegram.tgnet.sx
C	org.telegram.tgnet.TLRPC$TL_messageEntityDiffInsert	org.telegram.tgnet.tx
C	org.telegram.tgnet.TLRPC$TL_messageEntityDiffReplace	org.telegram.tgnet.ux
C	org.telegram.tgnet.TLRPC$TL_messageEntityEmail	org.telegram.tgnet.vx
C	org.telegram.tgnet.TLRPC$TL_messageEntityFormattedDate	org.telegram.tgnet.wx
C	org.telegram.tgnet.TLRPC$TL_messageEntityHashtag	org.telegram.tgnet.xx
C	org.telegram.tgnet.TLRPC$TL_messageEntityItalic	org.telegram.tgnet.yx
C	org.telegram.tgnet.TLRPC$TL_messageEntityMention	org.telegram.tgnet.zx
C	org.telegram.tgnet.TLRPC$TL_messageEntityMentionName	org.telegram.tgnet.ay
C	org.telegram.tgnet.TLRPC$TL_messageEntityMentionName_layer131	org.telegram.tgnet.cy
C	org.telegram.tgnet.TLRPC$TL_messageEntityPhone	org.telegram.tgnet.dy
C	org.telegram.tgnet.TLRPC$TL_messageEntityPre	org.telegram.tgnet.ey
C	org.telegram.tgnet.TLRPC$TL_messageEntitySpoiler	org.telegram.tgnet.fy
C	org.telegram.tgnet.TLRPC$TL_messageEntityStrike	org.telegram.tgnet.gy
C	org.telegram.tgnet.TLRPC$TL_messageEntityTextUrl	org.telegram.tgnet.hy
C	org.telegram.tgnet.TLRPC$TL_messageEntityUnderline	org.telegram.tgnet.iy
C	org.telegram.tgnet.TLRPC$TL_messageEntityUnknown	org.telegram.tgnet.jy
C	org.telegram.tgnet.TLRPC$TL_messageEntityUrl	org.telegram.tgnet.ky
C	org.telegram.tgnet.TLRPC$TL_messageExtendedMedia	org.telegram.tgnet.ly
C	org.telegram.tgnet.TLRPC$TL_messageExtendedMediaPreview	org.telegram.tgnet.my
C	org.telegram.tgnet.TLRPC$TL_messageForwarded_old2	org.telegram.tgnet.ny
C	org.telegram.tgnet.TLRPC$TL_messageForwarded_old	org.telegram.tgnet.oy
C	org.telegram.tgnet.TLRPC$TL_messageFwdHeader_layer96	org.telegram.tgnet.qy
C	org.telegram.tgnet.TLRPC$TL_messageMediaContact	org.telegram.tgnet.sy
C	org.telegram.tgnet.TLRPC$TL_messageMediaContact_layer81	org.telegram.tgnet.ty
C	org.telegram.tgnet.TLRPC$TL_messageMediaDice	org.telegram.tgnet.uy
C	org.telegram.tgnet.TLRPC$TL_messageMediaDice_layer220	org.telegram.tgnet.vy
C	org.telegram.tgnet.TLRPC$TL_messageMediaDocument	org.telegram.tgnet.wy
C	org.telegram.tgnet.TLRPC$TL_messageMediaDocument_layer197_2	org.telegram.tgnet.xy
C	org.telegram.tgnet.TLRPC$TL_messageMediaDocument_layer68	org.telegram.tgnet.yy
C	org.telegram.tgnet.TLRPC$TL_messageMediaDocument_layer74	org.telegram.tgnet.zy
C	org.telegram.tgnet.TLRPC$TL_messageMediaDocument_old	org.telegram.tgnet.az
C	org.telegram.tgnet.TLRPC$TL_messageMediaEmpty	org.telegram.tgnet.bz
C	org.telegram.tgnet.TLRPC$TL_messageMediaGame	org.telegram.tgnet.cz
C	org.telegram.tgnet.TLRPC$TL_messageMediaGeo	org.telegram.tgnet.dz
C	org.telegram.tgnet.TLRPC$TL_messageMediaGeoLive	org.telegram.tgnet.ez
C	org.telegram.tgnet.TLRPC$TL_messageMediaGeoLive_layer119	org.telegram.tgnet.fz
C	org.telegram.tgnet.TLRPC$TL_messageMediaGiveaway	org.telegram.tgnet.gz
C	org.telegram.tgnet.TLRPC$TL_messageMediaGiveawayResults	org.telegram.tgnet.hz
C	org.telegram.tgnet.TLRPC$TL_messageMediaGiveawayResults_layer186	org.telegram.tgnet.iz
C	org.telegram.tgnet.TLRPC$TL_messageMediaGiveaway_layer186	org.telegram.tgnet.jz
C	org.telegram.tgnet.TLRPC$TL_messageMediaInvoice	org.telegram.tgnet.kz
C	org.telegram.tgnet.TLRPC$TL_messageMediaInvoice_layer145	org.telegram.tgnet.lz
C	org.telegram.tgnet.TLRPC$TL_messageMediaPaidMedia	org.telegram.tgnet.mz
C	org.telegram.tgnet.TLRPC$TL_messageMediaPhoto	org.telegram.tgnet.nz
C	org.telegram.tgnet.TLRPC$TL_messageMediaPhoto_layer223	org.telegram.tgnet.oz
C	org.telegram.tgnet.TLRPC$TL_messageMediaPhoto_layer68	org.telegram.tgnet.pz
C	org.telegram.tgnet.TLRPC$TL_messageMediaPhoto_layer74	org.telegram.tgnet.qz
C	org.telegram.tgnet.TLRPC$TL_messageMediaPhoto_old	org.telegram.tgnet.rz
C	org.telegram.tgnet.TLRPC$TL_messageMediaPoll	org.telegram.tgnet.sz
C	org.telegram.tgnet.TLRPC$TL_messageMediaStory	org.telegram.tgnet.uz
C	org.telegram.tgnet.TLRPC$TL_messageMediaToDo	org.telegram.tgnet.wz
C	org.telegram.tgnet.TLRPC$TL_messageMediaUnsupported	org.telegram.tgnet.xz
C	org.telegram.tgnet.TLRPC$TL_messageMediaUnsupported_old	org.telegram.tgnet.yz
C	org.telegram.tgnet.TLRPC$TL_messageMediaVenue	org.telegram.tgnet.zz
C	org.telegram.tgnet.TLRPC$TL_messageMediaVideoStream	org.telegram.tgnet.a00
C	org.telegram.tgnet.TLRPC$TL_messageMediaVideo_layer45	org.telegram.tgnet.ry
C	org.telegram.tgnet.TLRPC$TL_messageMediaVideo_old	org.telegram.tgnet.b00
C	org.telegram.tgnet.TLRPC$TL_messageMediaWebPage	org.telegram.tgnet.c00
C	org.telegram.tgnet.TLRPC$TL_messageMediaWebPage_layer165	org.telegram.tgnet.d00
C	org.telegram.tgnet.TLRPC$TL_messagePeerReaction_layer137	org.telegram.tgnet.f00
C	org.telegram.tgnet.TLRPC$TL_messagePeerReaction_layer154	org.telegram.tgnet.e00
C	org.telegram.tgnet.TLRPC$TL_messagePeerVoteInputOption	org.telegram.tgnet.h00
C	org.telegram.tgnet.TLRPC$TL_messagePeerVoteMultiple	org.telegram.tgnet.g00
C	org.telegram.tgnet.TLRPC$TL_messageReactions	org.telegram.tgnet.i00
C	org.telegram.tgnet.TLRPC$TL_messageReactions_layer137	org.telegram.tgnet.j00
C	org.telegram.tgnet.TLRPC$TL_messageReactor_old	org.telegram.tgnet.l00
C	org.telegram.tgnet.TLRPC$TL_messageReplies	org.telegram.tgnet.m00
C	org.telegram.tgnet.TLRPC$TL_messageReplies_layer131	org.telegram.tgnet.n00
C	org.telegram.tgnet.TLRPC$TL_messageReplyHeader	org.telegram.tgnet.o00
C	org.telegram.tgnet.TLRPC$TL_messageReplyHeader_layer223	org.telegram.tgnet.p00
C	org.telegram.tgnet.TLRPC$TL_messageReplyStoryHeader	org.telegram.tgnet.q00
C	org.telegram.tgnet.TLRPC$TL_messageReplyStoryHeader_layer174	org.telegram.tgnet.r00
C	org.telegram.tgnet.TLRPC$TL_messageReportOption	org.telegram.tgnet.s00
C	org.telegram.tgnet.TLRPC$TL_messageService	org.telegram.tgnet.t00
C	org.telegram.tgnet.TLRPC$TL_messageService_old	org.telegram.tgnet.u00
C	org.telegram.tgnet.TLRPC$TL_messageViews	org.telegram.tgnet.v00
C	org.telegram.tgnet.TLRPC$TL_message_old2	org.telegram.tgnet.x00
C	org.telegram.tgnet.TLRPC$TL_message_old3	org.telegram.tgnet.y00
C	org.telegram.tgnet.TLRPC$TL_message_old4	org.telegram.tgnet.z00
C	org.telegram.tgnet.TLRPC$TL_message_old	org.telegram.tgnet.a10
C	org.telegram.tgnet.TLRPC$TL_message_secret	org.telegram.tgnet.b10
C	org.telegram.tgnet.TLRPC$TL_message_secret_layer72	org.telegram.tgnet.c10
C	org.telegram.tgnet.TLRPC$TL_message_secret_old	org.telegram.tgnet.d10
C	org.telegram.tgnet.TLRPC$TL_messages_acceptUrlAuth	org.telegram.tgnet.e10
C	org.telegram.tgnet.TLRPC$TL_messages_addChatUser	org.telegram.tgnet.f10
C	org.telegram.tgnet.TLRPC$TL_messages_addPollAnswer	org.telegram.tgnet.g10
C	org.telegram.tgnet.TLRPC$TL_messages_affectedFoundMessages	org.telegram.tgnet.h10
C	org.telegram.tgnet.TLRPC$TL_messages_affectedHistory	org.telegram.tgnet.i10
C	org.telegram.tgnet.TLRPC$TL_messages_affectedMessages	org.telegram.tgnet.j10
C	org.telegram.tgnet.TLRPC$TL_messages_allStickers	org.telegram.tgnet.k10
C	org.telegram.tgnet.TLRPC$TL_messages_allStickersNotModified	org.telegram.tgnet.l10
C	org.telegram.tgnet.TLRPC$TL_messages_archivedStickers	org.telegram.tgnet.n10
C	org.telegram.tgnet.TLRPC$TL_messages_availableEffects	org.telegram.tgnet.o10
C	org.telegram.tgnet.TLRPC$TL_messages_availableEffectsNotModified	org.telegram.tgnet.p10
C	org.telegram.tgnet.TLRPC$TL_messages_availableReactions	org.telegram.tgnet.q10
C	org.telegram.tgnet.TLRPC$TL_messages_availableReactionsNotModified	org.telegram.tgnet.r10
C	org.telegram.tgnet.TLRPC$TL_messages_botApp	org.telegram.tgnet.s10
C	org.telegram.tgnet.TLRPC$TL_messages_botCallbackAnswer	org.telegram.tgnet.t10
C	org.telegram.tgnet.TLRPC$TL_messages_botResults	org.telegram.tgnet.u10
C	org.telegram.tgnet.TLRPC$TL_messages_botResults_layer153	org.telegram.tgnet.v10
C	org.telegram.tgnet.TLRPC$TL_messages_botResults_layer71	org.telegram.tgnet.w10
C	org.telegram.tgnet.TLRPC$TL_messages_channelMessages	org.telegram.tgnet.x10
C	org.telegram.tgnet.TLRPC$TL_messages_chatAdminsWithInvites	org.telegram.tgnet.y10
C	org.telegram.tgnet.TLRPC$TL_messages_chatFull	org.telegram.tgnet.z10
C	org.telegram.tgnet.TLRPC$TL_messages_chatInviteImporters	org.telegram.tgnet.a20
C	org.telegram.tgnet.TLRPC$TL_messages_chats	org.telegram.tgnet.b20
C	org.telegram.tgnet.TLRPC$TL_messages_chatsSlice	org.telegram.tgnet.c20
C	org.telegram.tgnet.TLRPC$TL_messages_checkHistoryImport	org.telegram.tgnet.d20
C	org.telegram.tgnet.TLRPC$TL_messages_checkHistoryImportPeer	org.telegram.tgnet.e20
C	org.telegram.tgnet.TLRPC$TL_messages_checkedHistoryImportPeer	org.telegram.tgnet.g20
C	org.telegram.tgnet.TLRPC$TL_messages_composeRichMessageWithAI	org.telegram.tgnet.h20
C	org.telegram.tgnet.TLRPC$TL_messages_createChat	org.telegram.tgnet.i20
C	org.telegram.tgnet.TLRPC$TL_messages_deleteHistory	org.telegram.tgnet.k20
C	org.telegram.tgnet.TLRPC$TL_messages_deleteMessages	org.telegram.tgnet.l20
C	org.telegram.tgnet.TLRPC$TL_messages_deleteQuickReplyMessages	org.telegram.tgnet.o20
C	org.telegram.tgnet.TLRPC$TL_messages_deleteScheduledMessages	org.telegram.tgnet.r20
C	org.telegram.tgnet.TLRPC$TL_messages_dhConfig	org.telegram.tgnet.s20
C	org.telegram.tgnet.TLRPC$TL_messages_dhConfigNotModified	org.telegram.tgnet.t20
C	org.telegram.tgnet.TLRPC$TL_messages_dialogFilters	org.telegram.tgnet.u20
C	org.telegram.tgnet.TLRPC$TL_messages_dialogs	org.telegram.tgnet.v20
C	org.telegram.tgnet.TLRPC$TL_messages_dialogsSlice	org.telegram.tgnet.w20
C	org.telegram.tgnet.TLRPC$TL_messages_discardEncryption	org.telegram.tgnet.x20
C	org.telegram.tgnet.TLRPC$TL_messages_discussionMessage	org.telegram.tgnet.y20
C	org.telegram.tgnet.TLRPC$TL_messages_editChatAdmin	org.telegram.tgnet.z20
C	org.telegram.tgnet.TLRPC$TL_messages_editChatDefaultBannedRights	org.telegram.tgnet.a30
C	org.telegram.tgnet.TLRPC$TL_messages_editMessage	org.telegram.tgnet.f30
C	org.telegram.tgnet.TLRPC$TL_messages_emojiGameOutcome	org.telegram.tgnet.g30
C	org.telegram.tgnet.TLRPC$TL_messages_emojiGroups	org.telegram.tgnet.h30
C	org.telegram.tgnet.TLRPC$TL_messages_emojiGroupsNotModified	org.telegram.tgnet.i30
C	org.telegram.tgnet.TLRPC$TL_messages_exportChatInvite	org.telegram.tgnet.e30
C	org.telegram.tgnet.TLRPC$TL_messages_exportedChatInvite	org.telegram.tgnet.j30
C	org.telegram.tgnet.TLRPC$TL_messages_exportedChatInviteReplaced	org.telegram.tgnet.k30
C	org.telegram.tgnet.TLRPC$TL_messages_exportedChatInvites	org.telegram.tgnet.l30
C	org.telegram.tgnet.TLRPC$TL_messages_faveSticker	org.telegram.tgnet.m30
C	org.telegram.tgnet.TLRPC$TL_messages_favedStickers	org.telegram.tgnet.n30
C	org.telegram.tgnet.TLRPC$TL_messages_favedStickersNotModified	org.telegram.tgnet.o30
C	org.telegram.tgnet.TLRPC$TL_messages_featuredStickers	org.telegram.tgnet.p30
C	org.telegram.tgnet.TLRPC$TL_messages_featuredStickersNotModified	org.telegram.tgnet.q30
C	org.telegram.tgnet.TLRPC$TL_messages_forumTopics	org.telegram.tgnet.r30
C	org.telegram.tgnet.TLRPC$TL_messages_forwardMessages	org.telegram.tgnet.s30
C	org.telegram.tgnet.TLRPC$TL_messages_foundStickerSets	org.telegram.tgnet.t30
C	org.telegram.tgnet.TLRPC$TL_messages_foundStickerSetsNotModified	org.telegram.tgnet.u30
C	org.telegram.tgnet.TLRPC$TL_messages_foundStickers	org.telegram.tgnet.v30
C	org.telegram.tgnet.TLRPC$TL_messages_foundStickersNotModified	org.telegram.tgnet.w30
C	org.telegram.tgnet.TLRPC$TL_messages_getArchivedStickers	org.telegram.tgnet.x30
C	org.telegram.tgnet.TLRPC$TL_messages_getBotCallbackAnswer	org.telegram.tgnet.z30
C	org.telegram.tgnet.TLRPC$TL_messages_getChatInviteImporters	org.telegram.tgnet.a40
C	org.telegram.tgnet.TLRPC$TL_messages_getDialogs	org.telegram.tgnet.d40
C	org.telegram.tgnet.TLRPC$TL_messages_getExportedChatInvite	org.telegram.tgnet.il
C	org.telegram.tgnet.TLRPC$TL_messages_getExportedChatInvites	org.telegram.tgnet.f40
C	org.telegram.tgnet.TLRPC$TL_messages_getHistory	org.telegram.tgnet.h40
C	org.telegram.tgnet.TLRPC$TL_messages_getMessageReactionsList	org.telegram.tgnet.j40
C	org.telegram.tgnet.TLRPC$TL_messages_getMessages	org.telegram.tgnet.k40
C	org.telegram.tgnet.TLRPC$TL_messages_getMessagesViews	org.telegram.tgnet.l40
C	org.telegram.tgnet.TLRPC$TL_messages_getPeerDialogs	org.telegram.tgnet.m40
C	org.telegram.tgnet.TLRPC$TL_messages_getPollResults	xe.e1
C	org.telegram.tgnet.TLRPC$TL_messages_getRecentStickers	org.telegram.tgnet.q40
C	org.telegram.tgnet.TLRPC$TL_messages_getReplies	org.telegram.tgnet.r40
C	org.telegram.tgnet.TLRPC$TL_messages_getSavedDialogs	org.telegram.tgnet.s40
C	org.telegram.tgnet.TLRPC$TL_messages_getSavedHistory	org.telegram.tgnet.t40
C	org.telegram.tgnet.TLRPC$TL_messages_getSavedReactionTags	org.telegram.tgnet.u40
C	org.telegram.tgnet.TLRPC$TL_messages_getScheduledMessages	org.telegram.tgnet.w40
C	org.telegram.tgnet.TLRPC$TL_messages_getSearchResultsPositions	org.telegram.tgnet.y40
C	org.telegram.tgnet.TLRPC$TL_messages_getTopReactions	org.telegram.tgnet.jn
C	org.telegram.tgnet.TLRPC$TL_messages_getUnreadMentions	org.telegram.tgnet.b50
C	org.telegram.tgnet.TLRPC$TL_messages_getUnreadReactions	org.telegram.tgnet.d50
C	org.telegram.tgnet.TLRPC$TL_messages_historyImport	org.telegram.tgnet.e50
C	org.telegram.tgnet.TLRPC$TL_messages_historyImportParsed	org.telegram.tgnet.f50
C	org.telegram.tgnet.TLRPC$TL_messages_importChatInvite	org.telegram.tgnet.g50
C	org.telegram.tgnet.TLRPC$TL_messages_inactiveChats	org.telegram.tgnet.h50
C	org.telegram.tgnet.TLRPC$TL_messages_initHistoryImport	org.telegram.tgnet.i50
C	org.telegram.tgnet.TLRPC$TL_messages_invitedUsers	org.telegram.tgnet.k50
C	org.telegram.tgnet.TLRPC$TL_messages_messageEditData	org.telegram.tgnet.m50
C	org.telegram.tgnet.TLRPC$TL_messages_messageReactionsList	org.telegram.tgnet.n50
C	org.telegram.tgnet.TLRPC$TL_messages_messageViews	org.telegram.tgnet.o50
C	org.telegram.tgnet.TLRPC$TL_messages_messages	org.telegram.tgnet.p50
C	org.telegram.tgnet.TLRPC$TL_messages_messagesNotModified	org.telegram.tgnet.q50
C	org.telegram.tgnet.TLRPC$TL_messages_messagesSlice	org.telegram.tgnet.r50
C	org.telegram.tgnet.TLRPC$TL_messages_messagesSlice_layer215	org.telegram.tgnet.s50
C	org.telegram.tgnet.TLRPC$TL_messages_messages_layer215	org.telegram.tgnet.t50
C	org.telegram.tgnet.TLRPC$TL_messages_migrateChat	org.telegram.tgnet.u50
C	org.telegram.tgnet.TLRPC$TL_messages_myStickers	org.telegram.tgnet.v50
C	org.telegram.tgnet.TLRPC$TL_messages_peerDialogs	org.telegram.tgnet.w50
C	org.telegram.tgnet.TLRPC$TL_messages_peerSettings	org.telegram.tgnet.x50
C	org.telegram.tgnet.TLRPC$TL_messages_prolongWebView	org.telegram.tgnet.z50
C	org.telegram.tgnet.TLRPC$TL_messages_quickReplies	org.telegram.tgnet.a60
C	org.telegram.tgnet.TLRPC$TL_messages_quickRepliesNotModified	org.telegram.tgnet.b60
C	org.telegram.tgnet.TLRPC$TL_messages_rateTranscribedAudio	org.telegram.tgnet.j20
C	org.telegram.tgnet.TLRPC$TL_messages_reactions	org.telegram.tgnet.c60
C	org.telegram.tgnet.TLRPC$TL_messages_reactionsNotModified	org.telegram.tgnet.d60
C	org.telegram.tgnet.TLRPC$TL_messages_readPollVotes	org.telegram.tgnet.c50
C	org.telegram.tgnet.TLRPC$TL_messages_recentStickers	org.telegram.tgnet.g60
C	org.telegram.tgnet.TLRPC$TL_messages_recentStickersNotModified	org.telegram.tgnet.h60
C	org.telegram.tgnet.TLRPC$TL_messages_report	org.telegram.tgnet.k60
C	org.telegram.tgnet.TLRPC$TL_messages_reportReaction	org.telegram.tgnet.m60
C	org.telegram.tgnet.TLRPC$TL_messages_requestAppWebView	org.telegram.tgnet.p60
C	org.telegram.tgnet.TLRPC$TL_messages_requestChatJoinWebView	org.telegram.tgnet.q60
C	org.telegram.tgnet.TLRPC$TL_messages_requestMainWebView	org.telegram.tgnet.r60
C	org.telegram.tgnet.TLRPC$TL_messages_requestSimpleWebView	org.telegram.tgnet.s60
C	org.telegram.tgnet.TLRPC$TL_messages_requestUrlAuth	org.telegram.tgnet.t60
C	org.telegram.tgnet.TLRPC$TL_messages_requestWebView	org.telegram.tgnet.u60
C	org.telegram.tgnet.TLRPC$TL_messages_saveDraft	org.telegram.tgnet.w60
C	org.telegram.tgnet.TLRPC$TL_messages_saveGif	org.telegram.tgnet.x60
C	org.telegram.tgnet.TLRPC$TL_messages_saveRecentSticker	org.telegram.tgnet.y60
C	org.telegram.tgnet.TLRPC$TL_messages_savedDialogs	org.telegram.tgnet.z60
C	org.telegram.tgnet.TLRPC$TL_messages_savedDialogsNotModified	org.telegram.tgnet.a70
C	org.telegram.tgnet.TLRPC$TL_messages_savedDialogsSlice	org.telegram.tgnet.b70
C	org.telegram.tgnet.TLRPC$TL_messages_savedGifs	org.telegram.tgnet.c70
C	org.telegram.tgnet.TLRPC$TL_messages_savedGifsNotModified	org.telegram.tgnet.d70
C	org.telegram.tgnet.TLRPC$TL_messages_savedReactionsTags	org.telegram.tgnet.e70
C	org.telegram.tgnet.TLRPC$TL_messages_savedReactionsTagsNotModified	org.telegram.tgnet.f70
C	org.telegram.tgnet.TLRPC$TL_messages_search	org.telegram.tgnet.g70
C	org.telegram.tgnet.TLRPC$TL_messages_searchCounter	org.telegram.tgnet.h70
C	org.telegram.tgnet.TLRPC$TL_messages_searchGlobal	org.telegram.tgnet.j70
C	org.telegram.tgnet.TLRPC$TL_messages_searchResultsCalendar	org.telegram.tgnet.k70
C	org.telegram.tgnet.TLRPC$TL_messages_searchResultsPositions	org.telegram.tgnet.l70
C	org.telegram.tgnet.TLRPC$TL_messages_searchStickers	org.telegram.tgnet.m70
C	org.telegram.tgnet.TLRPC$TL_messages_sendBotRequestedPeer	org.telegram.tgnet.n40
C	org.telegram.tgnet.TLRPC$TL_messages_sendEncryptedFile	org.telegram.tgnet.o70
C	org.telegram.tgnet.TLRPC$TL_messages_sendEncryptedMultiMedia	org.telegram.tgnet.p70
C	org.telegram.tgnet.TLRPC$TL_messages_sendInlineBotResult	org.telegram.tgnet.q70
C	org.telegram.tgnet.TLRPC$TL_messages_sendMedia	org.telegram.tgnet.r70
C	org.telegram.tgnet.TLRPC$TL_messages_sendMessage	org.telegram.tgnet.s70
C	org.telegram.tgnet.TLRPC$TL_messages_sendMultiMedia	org.telegram.tgnet.t70
C	org.telegram.tgnet.TLRPC$TL_messages_sendPaidReaction	org.telegram.tgnet.u70
C	org.telegram.tgnet.TLRPC$TL_messages_sendScheduledMessages	org.telegram.tgnet.x70
C	org.telegram.tgnet.TLRPC$TL_messages_sendVote	org.telegram.tgnet.m10
C	org.telegram.tgnet.TLRPC$TL_messages_sentEncryptedMessage	org.telegram.tgnet.z70
C	org.telegram.tgnet.TLRPC$TL_messages_setChatAvailableReactions	org.telegram.tgnet.a80
C	org.telegram.tgnet.TLRPC$TL_messages_setChatWallPaper	org.telegram.tgnet.b80
C	org.telegram.tgnet.TLRPC$TL_messages_sponsoredMessagesEmpty	org.telegram.tgnet.f80
C	org.telegram.tgnet.TLRPC$TL_messages_startBot	org.telegram.tgnet.g80
C	org.telegram.tgnet.TLRPC$TL_messages_startHistoryImport	org.telegram.tgnet.h80
C	org.telegram.tgnet.TLRPC$TL_messages_stickerSet	org.telegram.tgnet.i80
C	org.telegram.tgnet.TLRPC$TL_messages_stickerSetInstallResultArchive	org.telegram.tgnet.j80
C	org.telegram.tgnet.TLRPC$TL_messages_stickerSetInstallResultSuccess	org.telegram.tgnet.k80
C	org.telegram.tgnet.TLRPC$TL_messages_stickerSet_layer146	org.telegram.tgnet.l80
C	org.telegram.tgnet.TLRPC$TL_messages_stickers	org.telegram.tgnet.m80
C	org.telegram.tgnet.TLRPC$TL_messages_stickersNotModified	org.telegram.tgnet.n80
C	org.telegram.tgnet.TLRPC$TL_messages_toggleDialogPin	org.telegram.tgnet.l50
C	org.telegram.tgnet.TLRPC$TL_messages_toggleNoForwards	org.telegram.tgnet.i60
C	org.telegram.tgnet.TLRPC$TL_messages_toggleStickerSets	org.telegram.tgnet.o80
C	org.telegram.tgnet.TLRPC$TL_messages_toggleTodoCompleted	org.telegram.tgnet.v70
C	org.telegram.tgnet.TLRPC$TL_messages_transcribedAudio	org.telegram.tgnet.q80
C	org.telegram.tgnet.TLRPC$TL_messages_translateResult	org.telegram.tgnet.r80
C	org.telegram.tgnet.TLRPC$TL_messages_translateRichMessage	org.telegram.tgnet.s80
C	org.telegram.tgnet.TLRPC$TL_messages_translatedRichMessage	org.telegram.tgnet.t80
C	org.telegram.tgnet.TLRPC$TL_messages_updatePinnedMessage	org.telegram.tgnet.w80
C	org.telegram.tgnet.TLRPC$TL_messages_viewSponsoredMessage	org.telegram.tgnet.j5
C	org.telegram.tgnet.TLRPC$TL_messages_votesList	org.telegram.tgnet.x80
C	org.telegram.tgnet.TLRPC$TL_messages_webPage	org.telegram.tgnet.y80
C	org.telegram.tgnet.TLRPC$TL_missingInvitee	org.telegram.tgnet.z80
C	org.telegram.tgnet.TLRPC$TL_monoForumDialog	org.telegram.tgnet.a90
C	org.telegram.tgnet.TLRPC$TL_nearestDc	org.telegram.tgnet.b90
C	org.telegram.tgnet.TLRPC$TL_notificationSoundDefault	org.telegram.tgnet.c90
C	org.telegram.tgnet.TLRPC$TL_notificationSoundLocal	org.telegram.tgnet.d90
C	org.telegram.tgnet.TLRPC$TL_notificationSoundNone	org.telegram.tgnet.e90
C	org.telegram.tgnet.TLRPC$TL_notifyBroadcasts	org.telegram.tgnet.g90
C	org.telegram.tgnet.TLRPC$TL_notifyChats	org.telegram.tgnet.h90
C	org.telegram.tgnet.TLRPC$TL_notifyCommunity	org.telegram.tgnet.i90
C	org.telegram.tgnet.TLRPC$TL_notifyForumTopic	org.telegram.tgnet.j90
C	org.telegram.tgnet.TLRPC$TL_notifyPeer	org.telegram.tgnet.k90
C	org.telegram.tgnet.TLRPC$TL_notifyUsers	org.telegram.tgnet.l90
C	org.telegram.tgnet.TLRPC$TL_outboxReadDate	org.telegram.tgnet.n90
C	org.telegram.tgnet.TLRPC$TL_passwordKdfAlgoSHA256SHA256PBKDF2HMACSHA512iter100000SHA256ModPow	org.telegram.tgnet.o90
C	org.telegram.tgnet.TLRPC$TL_passwordKdfAlgoUnknown	org.telegram.tgnet.p90
C	org.telegram.tgnet.TLRPC$TL_paymentCharge	org.telegram.tgnet.q90
C	org.telegram.tgnet.TLRPC$TL_paymentFormMethod	org.telegram.tgnet.r90
C	org.telegram.tgnet.TLRPC$TL_paymentRequestedInfo	org.telegram.tgnet.s90
C	org.telegram.tgnet.TLRPC$TL_paymentSavedCredentialsCard	org.telegram.tgnet.t90
C	org.telegram.tgnet.TLRPC$TL_payments_assignPlayMarketTransaction	org.telegram.tgnet.u90
C	org.telegram.tgnet.TLRPC$TL_payments_bankCardData	org.telegram.tgnet.v90
C	org.telegram.tgnet.TLRPC$TL_payments_checkedGiftCode	org.telegram.tgnet.w90
C	org.telegram.tgnet.TLRPC$TL_payments_getPaymentForm	org.telegram.tgnet.y90
C	org.telegram.tgnet.TLRPC$TL_payments_getStarsRevenueWithdrawalUrl	org.telegram.tgnet.n70
C	org.telegram.tgnet.TLRPC$TL_payments_giveawayInfo	org.telegram.tgnet.aa0
C	org.telegram.tgnet.TLRPC$TL_payments_giveawayInfoResults	org.telegram.tgnet.ba0
C	org.telegram.tgnet.TLRPC$TL_payments_paymentForm	org.telegram.tgnet.da0
C	org.telegram.tgnet.TLRPC$TL_payments_paymentFormStarGift	org.telegram.tgnet.ea0
C	org.telegram.tgnet.TLRPC$TL_payments_paymentFormStars	org.telegram.tgnet.fa0
C	org.telegram.tgnet.TLRPC$TL_payments_paymentReceipt	org.telegram.tgnet.ga0
C	org.telegram.tgnet.TLRPC$TL_payments_paymentReceiptStars	org.telegram.tgnet.ha0
C	org.telegram.tgnet.TLRPC$TL_payments_paymentVerificationNeeded	org.telegram.tgnet.ja0
C	org.telegram.tgnet.TLRPC$TL_payments_sendPaymentForm	org.telegram.tgnet.ka0
C	org.telegram.tgnet.TLRPC$TL_payments_starsRevenueAdsAccountUrl	org.telegram.tgnet.la0
C	org.telegram.tgnet.TLRPC$TL_payments_starsRevenueStats	org.telegram.tgnet.ma0
C	org.telegram.tgnet.TLRPC$TL_payments_starsRevenueWithdrawalUrl	org.telegram.tgnet.na0
C	org.telegram.tgnet.TLRPC$TL_payments_validateRequestedInfo	org.telegram.tgnet.oa0
C	org.telegram.tgnet.TLRPC$TL_payments_validatedRequestedInfo	org.telegram.tgnet.pa0
C	org.telegram.tgnet.TLRPC$TL_peerBlocked	org.telegram.tgnet.qa0
C	org.telegram.tgnet.TLRPC$TL_peerChannel	org.telegram.tgnet.ra0
C	org.telegram.tgnet.TLRPC$TL_peerChannel_layer131	org.telegram.tgnet.sa0
C	org.telegram.tgnet.TLRPC$TL_peerChat	org.telegram.tgnet.ta0
C	org.telegram.tgnet.TLRPC$TL_peerChat_layer131	org.telegram.tgnet.ua0
C	org.telegram.tgnet.TLRPC$TL_peerColor	org.telegram.tgnet.va0
C	org.telegram.tgnet.TLRPC$TL_peerColorCollectible	org.telegram.tgnet.wa0
C	org.telegram.tgnet.TLRPC$TL_peerLocated	org.telegram.tgnet.xa0
C	org.telegram.tgnet.TLRPC$TL_peerNotifySettings	org.telegram.tgnet.ya0
C	org.telegram.tgnet.TLRPC$TL_peerNotifySettingsEmpty_layer77	org.telegram.tgnet.za0
C	org.telegram.tgnet.TLRPC$TL_peerNotifySettings_layer77	org.telegram.tgnet.ab0
C	org.telegram.tgnet.TLRPC$TL_peerSelfLocated	org.telegram.tgnet.bb0
C	org.telegram.tgnet.TLRPC$TL_peerSettings	org.telegram.tgnet.cb0
C	org.telegram.tgnet.TLRPC$TL_peerSettings_layer199	org.telegram.tgnet.db0
C	org.telegram.tgnet.TLRPC$TL_peerUser	org.telegram.tgnet.eb0
C	org.telegram.tgnet.TLRPC$TL_peerUser_layer131	org.telegram.tgnet.fb0
C	org.telegram.tgnet.TLRPC$TL_pendingSuggestion	org.telegram.tgnet.gb0
C	org.telegram.tgnet.TLRPC$TL_phoneCallDiscardReasonBusy	org.telegram.tgnet.hb0
C	org.telegram.tgnet.TLRPC$TL_phoneCallDiscardReasonHangup	org.telegram.tgnet.ib0
C	org.telegram.tgnet.TLRPC$TL_phoneCallDiscardReasonMigrateConferenceCall	org.telegram.tgnet.jb0
C	org.telegram.tgnet.TLRPC$TL_phoneCallDiscardReasonMissed	org.telegram.tgnet.kb0
C	org.telegram.tgnet.TLRPC$TL_phoneConnection	org.telegram.tgnet.lb0
C	org.telegram.tgnet.TLRPC$TL_phoneConnectionWebrtc	org.telegram.tgnet.mb0
C	org.telegram.tgnet.TLRPC$TL_photo	org.telegram.tgnet.ob0
C	org.telegram.tgnet.TLRPC$TL_photoCachedSize	org.telegram.tgnet.pb0
C	org.telegram.tgnet.TLRPC$TL_photoCachedSize_layer127	org.telegram.tgnet.qb0
C	org.telegram.tgnet.TLRPC$TL_photoEmpty	org.telegram.tgnet.rb0
C	org.telegram.tgnet.TLRPC$TL_photoPathSize	org.telegram.tgnet.sb0
C	org.telegram.tgnet.TLRPC$TL_photoSize	org.telegram.tgnet.tb0
C	org.telegram.tgnet.TLRPC$TL_photoSizeEmpty	org.telegram.tgnet.ub0
C	org.telegram.tgnet.TLRPC$TL_photoSizeProgressive	org.telegram.tgnet.vb0
C	org.telegram.tgnet.TLRPC$TL_photoSizeProgressive_layer127	org.telegram.tgnet.wb0
C	org.telegram.tgnet.TLRPC$TL_photoSize_layer127	org.telegram.tgnet.xb0
C	org.telegram.tgnet.TLRPC$TL_photoStrippedSize	org.telegram.tgnet.yb0
C	org.telegram.tgnet.TLRPC$TL_photo_old	org.telegram.tgnet.zb0
C	org.telegram.tgnet.TLRPC$TL_photos_getUserPhotos	org.telegram.tgnet.pk
C	org.telegram.tgnet.TLRPC$TL_photos_photo	org.telegram.tgnet.ac0
C	org.telegram.tgnet.TLRPC$TL_photos_photosSlice	org.telegram.tgnet.bc0
C	org.telegram.tgnet.TLRPC$TL_photos_uploadContactProfilePhoto	org.telegram.tgnet.cc0
C	org.telegram.tgnet.TLRPC$TL_photos_uploadProfilePhoto	org.telegram.tgnet.dc0
C	org.telegram.tgnet.TLRPC$TL_poll	org.telegram.tgnet.ec0
C	org.telegram.tgnet.TLRPC$TL_pollAnswerVoters	org.telegram.tgnet.gc0
C	org.telegram.tgnet.TLRPC$TL_pollAnswerVoters_layer223	org.telegram.tgnet.hc0
C	org.telegram.tgnet.TLRPC$TL_pollAnswer_layer178	org.telegram.tgnet.ic0
C	org.telegram.tgnet.TLRPC$TL_pollResults_layer158	org.telegram.tgnet.jc0
C	org.telegram.tgnet.TLRPC$TL_pollResults_layer223	org.telegram.tgnet.kc0
C	org.telegram.tgnet.TLRPC$TL_poll_toDelete	org.telegram.tgnet.lc0
C	org.telegram.tgnet.TLRPC$TL_popularContact	org.telegram.tgnet.mc0
C	org.telegram.tgnet.TLRPC$TL_postAddress	org.telegram.tgnet.nc0
C	org.telegram.tgnet.TLRPC$TL_premiumGiftCodeOption	org.telegram.tgnet.oc0
C	org.telegram.tgnet.TLRPC$TL_premiumGiftOption	org.telegram.tgnet.pc0
C	org.telegram.tgnet.TLRPC$TL_premiumGiftOption_layer199	org.telegram.tgnet.qc0
C	org.telegram.tgnet.TLRPC$TL_premiumSubscriptionOption	org.telegram.tgnet.rc0
C	org.telegram.tgnet.TLRPC$TL_premiumSubscriptionOption_layer151	org.telegram.tgnet.vl
C	org.telegram.tgnet.TLRPC$TL_privacyKeyAbout	org.telegram.tgnet.sc0
C	org.telegram.tgnet.TLRPC$TL_privacyKeyAddedByPhone	org.telegram.tgnet.tc0
C	org.telegram.tgnet.TLRPC$TL_privacyKeyBirthday	org.telegram.tgnet.uc0
C	org.telegram.tgnet.TLRPC$TL_privacyKeyChatInvite	org.telegram.tgnet.vc0
C	org.telegram.tgnet.TLRPC$TL_privacyKeyForwards	org.telegram.tgnet.wc0
C	org.telegram.tgnet.TLRPC$TL_privacyKeyNoPaidMessages	org.telegram.tgnet.xc0
C	org.telegram.tgnet.TLRPC$TL_privacyKeyPhoneCall	org.telegram.tgnet.yc0
C	org.telegram.tgnet.TLRPC$TL_privacyKeyPhoneNumber	org.telegram.tgnet.zc0
C	org.telegram.tgnet.TLRPC$TL_privacyKeyPhoneP2P	org.telegram.tgnet.ad0
C	org.telegram.tgnet.TLRPC$TL_privacyKeyProfilePhoto	org.telegram.tgnet.bd0
C	org.telegram.tgnet.TLRPC$TL_privacyKeyStarGiftsAutoSave	org.telegram.tgnet.cd0
C	org.telegram.tgnet.TLRPC$TL_privacyKeyStatusTimestamp	org.telegram.tgnet.dd0
C	org.telegram.tgnet.TLRPC$TL_privacyKeyVoiceMessages	org.telegram.tgnet.ed0
C	org.telegram.tgnet.TLRPC$TL_privacyValueAllowAll	org.telegram.tgnet.fd0
C	org.telegram.tgnet.TLRPC$TL_privacyValueAllowBots	org.telegram.tgnet.gd0
C	org.telegram.tgnet.TLRPC$TL_privacyValueAllowChatParticipants	org.telegram.tgnet.hd0
C	org.telegram.tgnet.TLRPC$TL_privacyValueAllowCloseFriends	org.telegram.tgnet.id0
C	org.telegram.tgnet.TLRPC$TL_privacyValueAllowPremium	org.telegram.tgnet.kd0
C	org.telegram.tgnet.TLRPC$TL_privacyValueAllowUsers	org.telegram.tgnet.ld0
C	org.telegram.tgnet.TLRPC$TL_privacyValueDisallowAll	org.telegram.tgnet.md0
C	org.telegram.tgnet.TLRPC$TL_privacyValueDisallowBots	org.telegram.tgnet.nd0
C	org.telegram.tgnet.TLRPC$TL_privacyValueDisallowChatParticipants	org.telegram.tgnet.od0
C	org.telegram.tgnet.TLRPC$TL_privacyValueDisallowContacts	org.telegram.tgnet.pd0
C	org.telegram.tgnet.TLRPC$TL_privacyValueDisallowUsers	org.telegram.tgnet.qd0
C	org.telegram.tgnet.TLRPC$TL_profileTabFiles	org.telegram.tgnet.rd0
C	org.telegram.tgnet.TLRPC$TL_profileTabGifs	org.telegram.tgnet.sd0
C	org.telegram.tgnet.TLRPC$TL_profileTabGifts	org.telegram.tgnet.td0
C	org.telegram.tgnet.TLRPC$TL_profileTabLinks	org.telegram.tgnet.ud0
C	org.telegram.tgnet.TLRPC$TL_profileTabMedia	org.telegram.tgnet.vd0
C	org.telegram.tgnet.TLRPC$TL_profileTabMusic	org.telegram.tgnet.wd0
C	org.telegram.tgnet.TLRPC$TL_profileTabPosts	org.telegram.tgnet.xd0
C	org.telegram.tgnet.TLRPC$TL_profileTabVoice	org.telegram.tgnet.yd0
C	org.telegram.tgnet.TLRPC$TL_quickReply	org.telegram.tgnet.zd0
C	org.telegram.tgnet.TLRPC$TL_reactionCount	org.telegram.tgnet.ae0
C	org.telegram.tgnet.TLRPC$TL_reactionCount_layer144	org.telegram.tgnet.be0
C	org.telegram.tgnet.TLRPC$TL_reactionCustomEmoji	org.telegram.tgnet.ce0
C	org.telegram.tgnet.TLRPC$TL_reactionEmoji	org.telegram.tgnet.de0
C	org.telegram.tgnet.TLRPC$TL_reactionEmpty	org.telegram.tgnet.ee0
C	org.telegram.tgnet.TLRPC$TL_reactionPaid	org.telegram.tgnet.fe0
C	org.telegram.tgnet.TLRPC$TL_reastrictionReason	org.telegram.tgnet.he0
C	org.telegram.tgnet.TLRPC$TL_recentMeUrlChat	org.telegram.tgnet.ie0
C	org.telegram.tgnet.TLRPC$TL_recentMeUrlChatInvite	org.telegram.tgnet.je0
C	org.telegram.tgnet.TLRPC$TL_recentMeUrlStickerSet	org.telegram.tgnet.ke0
C	org.telegram.tgnet.TLRPC$TL_recentMeUrlUnknown	org.telegram.tgnet.le0
C	org.telegram.tgnet.TLRPC$TL_recentMeUrlUser	org.telegram.tgnet.me0
C	org.telegram.tgnet.TLRPC$TL_recentStory	org.telegram.tgnet.ne0
C	org.telegram.tgnet.TLRPC$TL_replyInlineMarkup	org.telegram.tgnet.oe0
C	org.telegram.tgnet.TLRPC$TL_replyInlineMarkup_layer228_old	org.telegram.tgnet.pe0
C	org.telegram.tgnet.TLRPC$TL_replyKeyboardForceReply	org.telegram.tgnet.qe0
C	org.telegram.tgnet.TLRPC$TL_replyKeyboardForceReply_layer129	org.telegram.tgnet.re0
C	org.telegram.tgnet.TLRPC$TL_replyKeyboardHide	org.telegram.tgnet.se0
C	org.telegram.tgnet.TLRPC$TL_replyKeyboardMarkup	org.telegram.tgnet.te0
C	org.telegram.tgnet.TLRPC$TL_replyKeyboardMarkup_layer129	org.telegram.tgnet.ue0
C	org.telegram.tgnet.TLRPC$TL_reportResultAddComment	org.telegram.tgnet.ve0
C	org.telegram.tgnet.TLRPC$TL_reportResultChooseOption	org.telegram.tgnet.we0
C	org.telegram.tgnet.TLRPC$TL_reportResultReported	org.telegram.tgnet.xe0
C	org.telegram.tgnet.TLRPC$TL_requestPeerTypeBroadcast	org.telegram.tgnet.ye0
C	org.telegram.tgnet.TLRPC$TL_requestPeerTypeChat	org.telegram.tgnet.ze0
C	org.telegram.tgnet.TLRPC$TL_requestPeerTypeCreateBot	org.telegram.tgnet.af0
C	org.telegram.tgnet.TLRPC$TL_requestPeerTypeUser	org.telegram.tgnet.bf0
C	org.telegram.tgnet.TLRPC$TL_savedDialog	org.telegram.tgnet.cf0
C	org.telegram.tgnet.TLRPC$TL_savedMusic	org.telegram.tgnet.df0
C	org.telegram.tgnet.TLRPC$TL_savedReactionTag	org.telegram.tgnet.ff0
C	org.telegram.tgnet.TLRPC$TL_searchResultPosition	org.telegram.tgnet.gf0
C	org.telegram.tgnet.TLRPC$TL_searchResultsCalendarPeriod	org.telegram.tgnet.hf0
C	org.telegram.tgnet.TLRPC$TL_secureData	org.telegram.tgnet.if0
C	org.telegram.tgnet.TLRPC$TL_secureFile	org.telegram.tgnet.jf0
C	org.telegram.tgnet.TLRPC$TL_secureFileEmpty	org.telegram.tgnet.kf0
C	org.telegram.tgnet.TLRPC$TL_securePasswordKdfAlgoPBKDF2HMACSHA512iter100000	org.telegram.tgnet.lf0
C	org.telegram.tgnet.TLRPC$TL_securePasswordKdfAlgoSHA512	org.telegram.tgnet.mf0
C	org.telegram.tgnet.TLRPC$TL_securePlainEmail	org.telegram.tgnet.of0
C	org.telegram.tgnet.TLRPC$TL_securePlainPhone	org.telegram.tgnet.pf0
C	org.telegram.tgnet.TLRPC$TL_secureRequiredType	org.telegram.tgnet.qf0
C	org.telegram.tgnet.TLRPC$TL_secureRequiredTypeOneOf	org.telegram.tgnet.rf0
C	org.telegram.tgnet.TLRPC$TL_secureSecretSettings	org.telegram.tgnet.sf0
C	org.telegram.tgnet.TLRPC$TL_secureValue	org.telegram.tgnet.tf0
C	org.telegram.tgnet.TLRPC$TL_secureValueError	org.telegram.tgnet.uf0
C	org.telegram.tgnet.TLRPC$TL_secureValueErrorData	org.telegram.tgnet.vf0
C	org.telegram.tgnet.TLRPC$TL_secureValueErrorFile	org.telegram.tgnet.wf0
C	org.telegram.tgnet.TLRPC$TL_secureValueErrorFiles	org.telegram.tgnet.xf0
C	org.telegram.tgnet.TLRPC$TL_secureValueErrorReverseSide	org.telegram.tgnet.zf0
C	org.telegram.tgnet.TLRPC$TL_secureValueErrorSelfie	org.telegram.tgnet.ag0
C	org.telegram.tgnet.TLRPC$TL_secureValueErrorTranslationFile	org.telegram.tgnet.bg0
C	org.telegram.tgnet.TLRPC$TL_secureValueErrorTranslationFiles	org.telegram.tgnet.cg0
C	org.telegram.tgnet.TLRPC$TL_secureValueTypeBankStatement	org.telegram.tgnet.eg0
C	org.telegram.tgnet.TLRPC$TL_secureValueTypeDriverLicense	org.telegram.tgnet.fg0
C	org.telegram.tgnet.TLRPC$TL_secureValueTypeEmail	org.telegram.tgnet.gg0
C	org.telegram.tgnet.TLRPC$TL_secureValueTypeIdentityCard	org.telegram.tgnet.hg0
C	org.telegram.tgnet.TLRPC$TL_secureValueTypeInternalPassport	org.telegram.tgnet.ig0
C	org.telegram.tgnet.TLRPC$TL_secureValueTypePassport	org.telegram.tgnet.jg0
C	org.telegram.tgnet.TLRPC$TL_secureValueTypePassportRegistration	org.telegram.tgnet.kg0
C	org.telegram.tgnet.TLRPC$TL_secureValueTypePersonalDetails	org.telegram.tgnet.lg0
C	org.telegram.tgnet.TLRPC$TL_secureValueTypePhone	org.telegram.tgnet.mg0
C	org.telegram.tgnet.TLRPC$TL_secureValueTypeRentalAgreement	org.telegram.tgnet.ng0
C	org.telegram.tgnet.TLRPC$TL_secureValueTypeTemporaryRegistration	org.telegram.tgnet.og0
C	org.telegram.tgnet.TLRPC$TL_secureValueTypeUtilityBill	org.telegram.tgnet.pg0
C	org.telegram.tgnet.TLRPC$TL_sendAsPeer	org.telegram.tgnet.qg0
C	org.telegram.tgnet.TLRPC$TL_sendMessageCancelAction	org.telegram.tgnet.rg0
C	org.telegram.tgnet.TLRPC$TL_sendMessageChooseContactAction	org.telegram.tgnet.sg0
C	org.telegram.tgnet.TLRPC$TL_sendMessageChooseStickerAction	org.telegram.tgnet.tg0
C	org.telegram.tgnet.TLRPC$TL_sendMessageEmojiInteractionSeen	org.telegram.tgnet.vg0
C	org.telegram.tgnet.TLRPC$TL_sendMessageGamePlayAction	org.telegram.tgnet.wg0
C	org.telegram.tgnet.TLRPC$TL_sendMessageGeoLocationAction	org.telegram.tgnet.xg0
C	org.telegram.tgnet.TLRPC$TL_sendMessageHistoryImportAction	org.telegram.tgnet.yg0
C	org.telegram.tgnet.TLRPC$TL_sendMessageRecordAudioAction	org.telegram.tgnet.zg0
C	org.telegram.tgnet.TLRPC$TL_sendMessageRecordRoundAction	org.telegram.tgnet.ah0
C	org.telegram.tgnet.TLRPC$TL_sendMessageRecordVideoAction	org.telegram.tgnet.bh0
C	org.telegram.tgnet.TLRPC$TL_sendMessageRichMessageDraftAction	org.telegram.tgnet.ch0
C	org.telegram.tgnet.TLRPC$TL_sendMessageStopDraftAction	org.telegram.tgnet.dh0
C	org.telegram.tgnet.TLRPC$TL_sendMessageTextDraftAction	org.telegram.tgnet.eh0
C	org.telegram.tgnet.TLRPC$TL_sendMessageTypingAction	org.telegram.tgnet.fh0
C	org.telegram.tgnet.TLRPC$TL_sendMessageUploadAudioAction	org.telegram.tgnet.gh0
C	org.telegram.tgnet.TLRPC$TL_sendMessageUploadAudioAction_old	org.telegram.tgnet.hh0
C	org.telegram.tgnet.TLRPC$TL_sendMessageUploadDocumentAction	org.telegram.tgnet.ih0
C	org.telegram.tgnet.TLRPC$TL_sendMessageUploadDocumentAction_old	org.telegram.tgnet.jh0
C	org.telegram.tgnet.TLRPC$TL_sendMessageUploadPhotoAction	org.telegram.tgnet.kh0
C	org.telegram.tgnet.TLRPC$TL_sendMessageUploadPhotoAction_old	org.telegram.tgnet.lh0
C	org.telegram.tgnet.TLRPC$TL_sendMessageUploadRoundAction	org.telegram.tgnet.mh0
C	org.telegram.tgnet.TLRPC$TL_sendMessageUploadRoundAction_layer66	org.telegram.tgnet.nh0
C	org.telegram.tgnet.TLRPC$TL_sendMessageUploadVideoAction	org.telegram.tgnet.oh0
C	org.telegram.tgnet.TLRPC$TL_sendMessageUploadVideoAction_old	org.telegram.tgnet.ph0
C	org.telegram.tgnet.TLRPC$TL_shippingOption	org.telegram.tgnet.qh0
C	org.telegram.tgnet.TLRPC$TL_speakingInGroupCallAction	org.telegram.tgnet.rh0
C	org.telegram.tgnet.TLRPC$TL_sponsoredMessage	org.telegram.tgnet.sh0
C	org.telegram.tgnet.TLRPC$TL_sponsoredMessageReportOption	org.telegram.tgnet.th0
C	org.telegram.tgnet.TLRPC$TL_sponsoredPeer	org.telegram.tgnet.uh0
C	org.telegram.tgnet.TLRPC$TL_starsRevenueStatus	org.telegram.tgnet.vh0
C	org.telegram.tgnet.TLRPC$TL_stickerKeyword	org.telegram.tgnet.wh0
C	org.telegram.tgnet.TLRPC$TL_stickerPack	org.telegram.tgnet.xh0
C	org.telegram.tgnet.TLRPC$TL_stickerSet	org.telegram.tgnet.yh0
C	org.telegram.tgnet.TLRPC$TL_stickerSetFullCovered	org.telegram.tgnet.ai0
C	org.telegram.tgnet.TLRPC$TL_stickerSetFullCovered_layer146	org.telegram.tgnet.bi0
C	org.telegram.tgnet.TLRPC$TL_stickerSetMultiCovered	org.telegram.tgnet.zh0
C	org.telegram.tgnet.TLRPC$TL_stickerSetNoCovered	org.telegram.tgnet.ci0
C	org.telegram.tgnet.TLRPC$TL_stickerSet_old	org.telegram.tgnet.di0
C	org.telegram.tgnet.TLRPC$TL_stickers_addStickerToSet	org.telegram.tgnet.ei0
C	org.telegram.tgnet.TLRPC$TL_stickers_createStickerSet	org.telegram.tgnet.fi0
C	org.telegram.tgnet.TLRPC$TL_stickers_deleteStickerSet	org.telegram.tgnet.a50
C	org.telegram.tgnet.TLRPC$TL_stickers_suggestedShortName	org.telegram.tgnet.gi0
C	org.telegram.tgnet.TLRPC$TL_storage_fileWebp	org.telegram.tgnet.hi0
C	org.telegram.tgnet.TLRPC$TL_textWithEntities	org.telegram.tgnet.ii0
C	org.telegram.tgnet.TLRPC$TL_theme	org.telegram.tgnet.ji0
C	org.telegram.tgnet.TLRPC$TL_themeSettings	org.telegram.tgnet.li0
C	org.telegram.tgnet.TLRPC$TL_themeSettings_layer132	org.telegram.tgnet.mi0
C	org.telegram.tgnet.TLRPC$TL_theme_layer133	org.telegram.tgnet.ki0
C	org.telegram.tgnet.TLRPC$TL_timezone	org.telegram.tgnet.ni0
C	org.telegram.tgnet.TLRPC$TL_todoCompletion	org.telegram.tgnet.oi0
C	org.telegram.tgnet.TLRPC$TL_topPeer	org.telegram.tgnet.qi0
C	org.telegram.tgnet.TLRPC$TL_topPeerCategoryBotsApp	org.telegram.tgnet.ri0
C	org.telegram.tgnet.TLRPC$TL_topPeerCategoryBotsGuestChat	org.telegram.tgnet.si0
C	org.telegram.tgnet.TLRPC$TL_topPeerCategoryBotsInline	org.telegram.tgnet.ti0
C	org.telegram.tgnet.TLRPC$TL_topPeerCategoryPeers	org.telegram.tgnet.vi0
C	org.telegram.tgnet.TLRPC$TL_topPeerCategoryPhoneCalls	org.telegram.tgnet.ui0
C	org.telegram.tgnet.TLRPC$TL_updateShort	org.telegram.tgnet.wi0
C	org.telegram.tgnet.TLRPC$TL_updateShortMessage	org.telegram.tgnet.yi0
C	org.telegram.tgnet.TLRPC$TL_updateShortSentMessage	org.telegram.tgnet.zi0
C	org.telegram.tgnet.TLRPC$TL_updates	org.telegram.tgnet.aj0
C	org.telegram.tgnet.TLRPC$TL_updatesCombined	org.telegram.tgnet.bj0
C	org.telegram.tgnet.TLRPC$TL_updatesTooLong	org.telegram.tgnet.cj0
C	org.telegram.tgnet.TLRPC$TL_updates_channelDifference	org.telegram.tgnet.dj0
C	org.telegram.tgnet.TLRPC$TL_updates_channelDifferenceEmpty	org.telegram.tgnet.ej0
C	org.telegram.tgnet.TLRPC$TL_updates_channelDifferenceTooLong	org.telegram.tgnet.fj0
C	org.telegram.tgnet.TLRPC$TL_updates_differenceEmpty	org.telegram.tgnet.hj0
C	org.telegram.tgnet.TLRPC$TL_updates_differenceSlice	org.telegram.tgnet.ij0
C	org.telegram.tgnet.TLRPC$TL_updates_getChannelDifference	org.telegram.tgnet.p80
C	org.telegram.tgnet.TLRPC$TL_updates_getDifference	org.telegram.tgnet.kj0
C	org.telegram.tgnet.TLRPC$TL_updates_state	org.telegram.tgnet.lj0
C	org.telegram.tgnet.TLRPC$TL_upload_cdnFile	org.telegram.tgnet.mj0
C	org.telegram.tgnet.TLRPC$TL_upload_cdnFileReuploadNeeded	org.telegram.tgnet.nj0
C	org.telegram.tgnet.TLRPC$TL_upload_file	org.telegram.tgnet.oj0
C	org.telegram.tgnet.TLRPC$TL_upload_fileCdnRedirect	org.telegram.tgnet.pj0
C	org.telegram.tgnet.TLRPC$TL_upload_getCdnFile	org.telegram.tgnet.qj0
C	org.telegram.tgnet.TLRPC$TL_upload_getCdnFileHashes	org.telegram.tgnet.c30
C	org.telegram.tgnet.TLRPC$TL_upload_getFile	org.telegram.tgnet.sc
C	org.telegram.tgnet.TLRPC$TL_upload_reuploadCdnFile	org.telegram.tgnet.o60
C	org.telegram.tgnet.TLRPC$TL_upload_saveBigFilePart	org.telegram.tgnet.p40
C	org.telegram.tgnet.TLRPC$TL_upload_webFile	org.telegram.tgnet.rj0
C	org.telegram.tgnet.TLRPC$TL_urlAuthResultAccepted	org.telegram.tgnet.sj0
C	org.telegram.tgnet.TLRPC$TL_urlAuthResultDefault	org.telegram.tgnet.tj0
C	org.telegram.tgnet.TLRPC$TL_urlAuthResultRequest	org.telegram.tgnet.uj0
C	org.telegram.tgnet.TLRPC$TL_user	org.telegram.tgnet.vj0
C	org.telegram.tgnet.TLRPC$TL_userContact_old	org.telegram.tgnet.xj0
C	org.telegram.tgnet.TLRPC$TL_userDeleted_old2	org.telegram.tgnet.yj0
C	org.telegram.tgnet.TLRPC$TL_userDeleted_old	org.telegram.tgnet.zj0
C	org.telegram.tgnet.TLRPC$TL_userEmpty	org.telegram.tgnet.ak0
C	org.telegram.tgnet.TLRPC$TL_userEmpty_layer131	org.telegram.tgnet.bk0
C	org.telegram.tgnet.TLRPC$TL_userForeign_old	org.telegram.tgnet.dk0
C	org.telegram.tgnet.TLRPC$TL_userFull	org.telegram.tgnet.ek0
C	org.telegram.tgnet.TLRPC$TL_userProfilePhoto	org.telegram.tgnet.gk0
C	org.telegram.tgnet.TLRPC$TL_userProfilePhotoEmpty	org.telegram.tgnet.hk0
C	org.telegram.tgnet.TLRPC$TL_userProfilePhoto_old	org.telegram.tgnet.ik0
C	org.telegram.tgnet.TLRPC$TL_userRequest_old	org.telegram.tgnet.jk0
C	org.telegram.tgnet.TLRPC$TL_userSelf_old3	org.telegram.tgnet.lk0
C	org.telegram.tgnet.TLRPC$TL_userSelf_old	org.telegram.tgnet.kk0
C	org.telegram.tgnet.TLRPC$TL_userStatusEmpty	org.telegram.tgnet.mk0
C	org.telegram.tgnet.TLRPC$TL_userStatusHidden	org.telegram.tgnet.nk0
C	org.telegram.tgnet.TLRPC$TL_userStatusLastMonth	org.telegram.tgnet.ok0
C	org.telegram.tgnet.TLRPC$TL_userStatusLastMonth_layer171	org.telegram.tgnet.pk0
C	org.telegram.tgnet.TLRPC$TL_userStatusLastWeek	org.telegram.tgnet.qk0
C	org.telegram.tgnet.TLRPC$TL_userStatusLastWeek_layer171	org.telegram.tgnet.rk0
C	org.telegram.tgnet.TLRPC$TL_userStatusOnline	org.telegram.tgnet.sk0
C	org.telegram.tgnet.TLRPC$TL_userStatusRecently	org.telegram.tgnet.tk0
C	org.telegram.tgnet.TLRPC$TL_userStatusRecently_layer171	org.telegram.tgnet.uk0
C	org.telegram.tgnet.TLRPC$TL_user_layer165	org.telegram.tgnet.ck0
C	org.telegram.tgnet.TLRPC$TL_username	org.telegram.tgnet.wk0
C	org.telegram.tgnet.TLRPC$TL_users	org.telegram.tgnet.xk0
C	org.telegram.tgnet.TLRPC$TL_usersSlice	org.telegram.tgnet.yk0
C	org.telegram.tgnet.TLRPC$TL_users_userFull	org.telegram.tgnet.zk0
C	org.telegram.tgnet.TLRPC$TL_videoEncrypted	org.telegram.tgnet.bl0
C	org.telegram.tgnet.TLRPC$TL_videoSize	org.telegram.tgnet.cl0
C	org.telegram.tgnet.TLRPC$TL_videoSizeEmojiMarkup	org.telegram.tgnet.dl0
C	org.telegram.tgnet.TLRPC$TL_videoSizeStickerMarkup	org.telegram.tgnet.el0
C	org.telegram.tgnet.TLRPC$TL_videoSize_layer127	org.telegram.tgnet.fl0
C	org.telegram.tgnet.TLRPC$TL_video_layer45	org.telegram.tgnet.al0
C	org.telegram.tgnet.TLRPC$TL_video_old	org.telegram.tgnet.gl0
C	org.telegram.tgnet.TLRPC$TL_wallPaper	org.telegram.tgnet.hl0
C	org.telegram.tgnet.TLRPC$TL_wallPaperNoFile	org.telegram.tgnet.il0
C	org.telegram.tgnet.TLRPC$TL_wallPaperNoFile_layer128	org.telegram.tgnet.jl0
C	org.telegram.tgnet.TLRPC$TL_wallPaperSettings	org.telegram.tgnet.kl0
C	org.telegram.tgnet.TLRPC$TL_wallPaperSettings_layer167	org.telegram.tgnet.ll0
C	org.telegram.tgnet.TLRPC$TL_wallPaper_layer94	org.telegram.tgnet.ml0
C	org.telegram.tgnet.TLRPC$TL_webAuthorization	org.telegram.tgnet.nl0
C	org.telegram.tgnet.TLRPC$TL_webDocument	org.telegram.tgnet.ol0
C	org.telegram.tgnet.TLRPC$TL_webDocumentNoProxy	org.telegram.tgnet.pl0
C	org.telegram.tgnet.TLRPC$TL_webDocument_layer81	org.telegram.tgnet.ql0
C	org.telegram.tgnet.TLRPC$TL_webPage	org.telegram.tgnet.rl0
C	org.telegram.tgnet.TLRPC$TL_webPageAttributeAiComposeTone	org.telegram.tgnet.sl0
C	org.telegram.tgnet.TLRPC$TL_webPageAttributeStarGiftAuction	org.telegram.tgnet.tl0
C	org.telegram.tgnet.TLRPC$TL_webPageAttributeStarGiftAuction_layer219	org.telegram.tgnet.ul0
C	org.telegram.tgnet.TLRPC$TL_webPageAttributeStarGiftCollection	org.telegram.tgnet.vl0
C	org.telegram.tgnet.TLRPC$TL_webPageAttributeStickerSet	org.telegram.tgnet.wl0
C	org.telegram.tgnet.TLRPC$TL_webPageAttributeStory	org.telegram.tgnet.xl0
C	org.telegram.tgnet.TLRPC$TL_webPageAttributeStory_layer162	org.telegram.tgnet.yl0
C	org.telegram.tgnet.TLRPC$TL_webPageAttributeTheme	org.telegram.tgnet.zl0
C	org.telegram.tgnet.TLRPC$TL_webPageAttributeUniqueStarGift	org.telegram.tgnet.am0
C	org.telegram.tgnet.TLRPC$TL_webPageEmpty	org.telegram.tgnet.bm0
C	org.telegram.tgnet.TLRPC$TL_webPageEmpty_layer165	org.telegram.tgnet.cm0
C	org.telegram.tgnet.TLRPC$TL_webPageNotModified	org.telegram.tgnet.dm0
C	org.telegram.tgnet.TLRPC$TL_webPageNotModified_layer110	org.telegram.tgnet.em0
C	org.telegram.tgnet.TLRPC$TL_webPagePending	org.telegram.tgnet.fm0
C	org.telegram.tgnet.TLRPC$TL_webPagePending_layer165	org.telegram.tgnet.gm0
C	org.telegram.tgnet.TLRPC$TL_webPageUrlPending	org.telegram.tgnet.hm0
C	org.telegram.tgnet.TLRPC$TL_webPage_old	org.telegram.tgnet.im0
C	org.telegram.tgnet.TLRPC$TL_webViewResultUrl	org.telegram.tgnet.jm0
C	org.telegram.tgnet.TLRPC$ThemeSettings	org.telegram.tgnet.km0
C	org.telegram.tgnet.TLRPC$Tl_inputChatThemeEmpty	org.telegram.tgnet.mm0
C	org.telegram.tgnet.TLRPC$Tl_inputChatThemeUniqueGift	org.telegram.tgnet.lm0
C	org.telegram.tgnet.TLRPC$TodoItem	org.telegram.tgnet.nm0
C	org.telegram.tgnet.TLRPC$TodoList	org.telegram.tgnet.om0
C	org.telegram.tgnet.TLRPC$TopPeerCategory	org.telegram.tgnet.pm0
C	org.telegram.tgnet.TLRPC$Updates	org.telegram.tgnet.qm0
C	org.telegram.tgnet.TLRPC$User	org.telegram.tgnet.sm0
C	org.telegram.tgnet.TLRPC$UserFull	org.telegram.tgnet.tm0
C	org.telegram.tgnet.TLRPC$UserProfilePhoto	org.telegram.tgnet.um0
C	org.telegram.tgnet.TLRPC$UserStatus	org.telegram.tgnet.vm0
C	org.telegram.tgnet.TLRPC$Users	org.telegram.tgnet.wm0
C	org.telegram.tgnet.TLRPC$Video	org.telegram.tgnet.xm0
C	org.telegram.tgnet.TLRPC$VideoSize	org.telegram.tgnet.ym0
C	org.telegram.tgnet.TLRPC$WallPaper	org.telegram.tgnet.zm0
C	org.telegram.tgnet.TLRPC$WebDocument	org.telegram.tgnet.an0
C	org.telegram.tgnet.TLRPC$WebPage	org.telegram.tgnet.bn0
C	org.telegram.tgnet.TLRPC$WebPageAttribute	org.telegram.tgnet.cn0
C	org.telegram.tgnet.TLRPC$auth_Authorization	org.telegram.tgnet.dn0
C	org.telegram.tgnet.TLRPC$auth_CodeType	org.telegram.tgnet.en0
C	org.telegram.tgnet.TLRPC$auth_SentCode	org.telegram.tgnet.fn0
C	org.telegram.tgnet.TLRPC$auth_SentCodeType	org.telegram.tgnet.gn0
C	org.telegram.tgnet.TLRPC$channels_ChannelParticipants	org.telegram.tgnet.hn0
C	org.telegram.tgnet.TLRPC$channels_SponsoredMessageReportResult	org.telegram.tgnet.in0
C	org.telegram.tgnet.TLRPC$contacts_Blocked	org.telegram.tgnet.jn0
C	org.telegram.tgnet.TLRPC$contacts_Contacts	org.telegram.tgnet.kn0
C	org.telegram.tgnet.TLRPC$contacts_SponsoredPeers	org.telegram.tgnet.ln0
C	org.telegram.tgnet.TLRPC$contacts_TopPeers	org.telegram.tgnet.mn0
C	org.telegram.tgnet.TLRPC$help_AppConfig	org.telegram.tgnet.nn0
C	org.telegram.tgnet.TLRPC$help_CountriesList	org.telegram.tgnet.pn0
C	org.telegram.tgnet.TLRPC$help_DeepLinkInfo	org.telegram.tgnet.qn0
C	org.telegram.tgnet.TLRPC$help_PassportConfig	org.telegram.tgnet.rn0
C	org.telegram.tgnet.TLRPC$help_PeerColorSet	org.telegram.tgnet.sn0
C	org.telegram.tgnet.TLRPC$help_PeerColors	org.telegram.tgnet.tn0
C	org.telegram.tgnet.TLRPC$help_TermsOfServiceUpdate	org.telegram.tgnet.vn0
C	org.telegram.tgnet.TLRPC$help_timezonesList	org.telegram.tgnet.wn0
C	org.telegram.tgnet.TLRPC$messages_AllStickers	org.telegram.tgnet.xn0
C	org.telegram.tgnet.TLRPC$messages_AvailableEffects	org.telegram.tgnet.yn0
C	org.telegram.tgnet.TLRPC$messages_AvailableReactions	org.telegram.tgnet.zn0
C	org.telegram.tgnet.TLRPC$messages_BotResults	org.telegram.tgnet.ao0
C	org.telegram.tgnet.TLRPC$messages_Chats	org.telegram.tgnet.bo0
C	org.telegram.tgnet.TLRPC$messages_DhConfig	org.telegram.tgnet.co0
C	org.telegram.tgnet.TLRPC$messages_Dialogs	org.telegram.tgnet.do0
C	org.telegram.tgnet.TLRPC$messages_EmojiGroups	org.telegram.tgnet.eo0
C	org.telegram.tgnet.TLRPC$messages_ExportedChatInvite	org.telegram.tgnet.fo0
C	org.telegram.tgnet.TLRPC$messages_FavedStickers	org.telegram.tgnet.go0
C	org.telegram.tgnet.TLRPC$messages_FeaturedStickers	org.telegram.tgnet.ho0
C	org.telegram.tgnet.TLRPC$messages_FoundStickerSets	org.telegram.tgnet.io0
C	org.telegram.tgnet.TLRPC$messages_FoundStickers	org.telegram.tgnet.jo0
C	org.telegram.tgnet.TLRPC$messages_Messages	org.telegram.tgnet.ko0
C	org.telegram.tgnet.TLRPC$messages_Reactions	org.telegram.tgnet.lo0
C	org.telegram.tgnet.TLRPC$messages_RecentStickers	org.telegram.tgnet.mo0
C	org.telegram.tgnet.TLRPC$messages_SavedDialogs	org.telegram.tgnet.no0
C	org.telegram.tgnet.TLRPC$messages_SavedGifs	org.telegram.tgnet.oo0
C	org.telegram.tgnet.TLRPC$messages_SavedReactionTags	org.telegram.tgnet.po0
C	org.telegram.tgnet.TLRPC$messages_SentEncryptedMessage	org.telegram.tgnet.qo0
C	org.telegram.tgnet.TLRPC$messages_StickerSetInstallResult	org.telegram.tgnet.so0
C	org.telegram.tgnet.TLRPC$messages_Stickers	org.telegram.tgnet.to0
C	org.telegram.tgnet.TLRPC$messages_quickReplies	org.telegram.tgnet.uo0
C	org.telegram.tgnet.TLRPC$payments_GiveawayInfo	org.telegram.tgnet.vo0
C	org.telegram.tgnet.TLRPC$payments_PaymentResult	org.telegram.tgnet.wo0
C	org.telegram.tgnet.TLRPC$photos_Photos	org.telegram.tgnet.xo0
C	org.telegram.tgnet.TLRPC$savedDialog	org.telegram.tgnet.yo0
C	org.telegram.tgnet.TLRPC$updates_ChannelDifference	org.telegram.tgnet.zo0
C	org.telegram.tgnet.TLRPC$updates_Difference	org.telegram.tgnet.ap0
C	org.telegram.tgnet.TLRPC$upload_CdnFile	org.telegram.tgnet.bp0
C	org.telegram.tgnet.TLRPC$upload_File	org.telegram.tgnet.cp0
C	org.telegram.tgnet.Vector$TLDeserializer	org.telegram.tgnet.fp0
C	org.telegram.tgnet.Vector	org.telegram.tgnet.gp0
C	org.telegram.tgnet.VectorLegacy	t7.c0
C	org.telegram.tgnet.WriteToSocketDelegate	org.telegram.tgnet.hp0
C	org.telegram.tgnet.tl.TL_account$BusinessAwayMessageSchedule	xe.a
C	org.telegram.tgnet.tl.TL_account$ChatThemes	xe.b
C	org.telegram.tgnet.tl.TL_account$EmailVerified	xe.c
C	org.telegram.tgnet.tl.TL_account$EmojiStatuses	xe.d
C	org.telegram.tgnet.tl.TL_account$InputPasskeyResponse	xe.e
C	org.telegram.tgnet.tl.TL_account$Passkey	xe.f
C	org.telegram.tgnet.tl.TL_account$Passkeys	xe.g
C	org.telegram.tgnet.tl.TL_account$Password	xe.h
C	org.telegram.tgnet.tl.TL_account$ReactionNotificationsFrom	xe.i
C	org.telegram.tgnet.tl.TL_account$RequirementToContact	xe.j
C	org.telegram.tgnet.tl.TL_account$ResetPasswordResult	xe.k
C	org.telegram.tgnet.tl.TL_account$SavedMusicIds	xe.l
C	org.telegram.tgnet.tl.TL_account$SavedRingtone	xe.m
C	org.telegram.tgnet.tl.TL_account$SavedRingtones	xe.n
C	org.telegram.tgnet.tl.TL_account$TL_birthday	xe.o
C	org.telegram.tgnet.tl.TL_account$TL_businessAwayMessage	xe.p
C	org.telegram.tgnet.tl.TL_account$TL_businessAwayMessageScheduleAlways	xe.q
C	org.telegram.tgnet.tl.TL_account$TL_businessAwayMessageScheduleOutsideWorkHours	xe.s
C	org.telegram.tgnet.tl.TL_account$TL_businessBotRecipients	xe.t
C	org.telegram.tgnet.tl.TL_account$TL_businessBotRights	xe.u
C	org.telegram.tgnet.tl.TL_account$TL_businessChatLink	xe.v
C	org.telegram.tgnet.tl.TL_account$TL_businessGreetingMessage	xe.w
C	org.telegram.tgnet.tl.TL_account$TL_businessIntro	xe.x
C	org.telegram.tgnet.tl.TL_account$TL_businessRecipients	xe.y
C	org.telegram.tgnet.tl.TL_account$TL_businessWeeklyOpen	xe.z
C	org.telegram.tgnet.tl.TL_account$TL_businessWorkHours	xe.a0
C	org.telegram.tgnet.tl.TL_account$TL_chatThemesNotModified	xe.b0
C	org.telegram.tgnet.tl.TL_account$TL_connectedBot	xe.c0
C	org.telegram.tgnet.tl.TL_account$TL_contactBirthday	xe.d0
C	org.telegram.tgnet.tl.TL_account$TL_emailVerified	xe.e0
C	org.telegram.tgnet.tl.TL_account$TL_emailVerifiedLogin	xe.f0
C	org.telegram.tgnet.tl.TL_account$TL_emojiStatuses	xe.g0
C	org.telegram.tgnet.tl.TL_account$TL_emojiStatusesNotModified	xe.h0
C	org.telegram.tgnet.tl.TL_account$TL_inputBusinessBotRecipients	xe.j0
C	org.telegram.tgnet.tl.TL_account$TL_inputBusinessRecipients	xe.k0
C	org.telegram.tgnet.tl.TL_account$TL_password	xe.l0
C	org.telegram.tgnet.tl.TL_account$TL_password_layer144	xe.m0
C	org.telegram.tgnet.tl.TL_account$TL_reactionNotificationsFromContacts	xe.o0
C	org.telegram.tgnet.tl.TL_account$TL_reactionsNotifySettings	xe.p0
C	org.telegram.tgnet.tl.TL_account$TL_savedMusicIds	xe.q0
C	org.telegram.tgnet.tl.TL_account$TL_savedMusicIdsNotModified	xe.r0
C	org.telegram.tgnet.tl.TL_account$TL_savedRingtone	xe.s0
C	org.telegram.tgnet.tl.TL_account$TL_savedRingtoneConverted	xe.t0
C	org.telegram.tgnet.tl.TL_account$TL_savedRingtones	xe.u0
C	org.telegram.tgnet.tl.TL_account$TL_savedRingtonesNotModified	xe.v0
C	org.telegram.tgnet.tl.TL_account$TL_themes	xe.w0
C	org.telegram.tgnet.tl.TL_account$TL_themesNotModified	xe.x0
C	org.telegram.tgnet.tl.TL_account$TL_wallPapers	xe.y0
C	org.telegram.tgnet.tl.TL_account$TL_wallPapersNotModified	xe.z0
C	org.telegram.tgnet.tl.TL_account$TL_webBrowserSettings	xe.a1
C	org.telegram.tgnet.tl.TL_account$TL_webBrowserSettingsNotModified	xe.b1
C	org.telegram.tgnet.tl.TL_account$Themes	xe.c1
C	org.telegram.tgnet.tl.TL_account$Tl_chatThemes	xe.d1
C	org.telegram.tgnet.tl.TL_account$WallPapers	xe.f1
C	org.telegram.tgnet.tl.TL_account$WebBrowserSettings	xe.g1
C	org.telegram.tgnet.tl.TL_account$WebDomainException	xe.h1
C	org.telegram.tgnet.tl.TL_account$acceptAuthorization	xe.i1
C	org.telegram.tgnet.tl.TL_account$authorizationForm	xe.j1
C	org.telegram.tgnet.tl.TL_account$autoDownloadSettings	xe.l1
C	org.telegram.tgnet.tl.TL_account$businessChatLinks	xe.n1
C	org.telegram.tgnet.tl.TL_account$changeAuthorizationSettings	xe.o1
C	org.telegram.tgnet.tl.TL_account$changePhone	xe.p1
C	org.telegram.tgnet.tl.TL_account$confirmPhone	xe.q1
C	org.telegram.tgnet.tl.TL_account$connectedBots	xe.r1
C	org.telegram.tgnet.tl.TL_account$contactBirthdays	xe.s1
C	org.telegram.tgnet.tl.TL_account$contentSettings	xe.t1
C	org.telegram.tgnet.tl.TL_account$finishPasskeyLogin	xe.u1
C	org.telegram.tgnet.tl.TL_account$getAllSecureValues	org.telegram.tgnet.u5
C	org.telegram.tgnet.tl.TL_account$getAuthorizationForm	xe.v1
C	org.telegram.tgnet.tl.TL_account$getPassword	xe.y1
C	org.telegram.tgnet.tl.TL_account$getPasswordSettings	org.telegram.tgnet.n5
C	org.telegram.tgnet.tl.TL_account$getTheme	org.telegram.tgnet.le
C	org.telegram.tgnet.tl.TL_account$getThemes	org.telegram.tgnet.d30
C	org.telegram.tgnet.tl.TL_account$getTmpPassword	xe.z1
C	org.telegram.tgnet.tl.TL_account$initPasskeyLogin	org.telegram.tgnet.i70
C	org.telegram.tgnet.tl.TL_account$inputPasskeyResponseLogin	xe.a2
C	org.telegram.tgnet.tl.TL_account$inputPasskeyResponseRegister	xe.b2
C	org.telegram.tgnet.tl.TL_account$paidMessagesRevenue	xe.c2
C	org.telegram.tgnet.tl.TL_account$passkeyLoginOptions	xe.d2
C	org.telegram.tgnet.tl.TL_account$passkeyRegistrationOptions	xe.e2
C	org.telegram.tgnet.tl.TL_account$passwordInputSettings	xe.f2
C	org.telegram.tgnet.tl.TL_account$passwordSettings	xe.g2
C	org.telegram.tgnet.tl.TL_account$privacyRules	xe.h2
C	org.telegram.tgnet.tl.TL_account$registerDevice	org.telegram.tgnet.x40
C	org.telegram.tgnet.tl.TL_account$registerPasskey	xe.i2
C	org.telegram.tgnet.tl.TL_account$requirementToContactEmpty	xe.j2
C	org.telegram.tgnet.tl.TL_account$requirementToContactPaidMessages	xe.k2
C	org.telegram.tgnet.tl.TL_account$requirementToContactPremium	xe.l2
C	org.telegram.tgnet.tl.TL_account$resetPasswordFailedWait	xe.m2
C	org.telegram.tgnet.tl.TL_account$resetPasswordOk	xe.n2
C	org.telegram.tgnet.tl.TL_account$resetPasswordRequestedWait	xe.o2
C	org.telegram.tgnet.tl.TL_account$resolvedBusinessChatLinks	xe.p2
C	org.telegram.tgnet.tl.TL_account$saveSecureValue	xe.q2
C	org.telegram.tgnet.tl.TL_account$sendChangePhoneCode	xe.r2
C	org.telegram.tgnet.tl.TL_account$sendConfirmPhoneCode	xe.s2
C	org.telegram.tgnet.tl.TL_account$sentEmailCode	xe.t2
C	org.telegram.tgnet.tl.TL_account$setContentSettings	org.telegram.tgnet.n20
C	org.telegram.tgnet.tl.TL_account$tmpPassword	xe.u2
C	org.telegram.tgnet.tl.TL_account$toggleNoPaidMessagesException	xe.w2
C	org.telegram.tgnet.tl.TL_account$toggleWebBrowserSettingsException	xe.x2
C	org.telegram.tgnet.tl.TL_account$updateBusinessIntro	org.telegram.tgnet.e60
C	org.telegram.tgnet.tl.TL_account$updateBusinessLocation	org.telegram.tgnet.x5
C	org.telegram.tgnet.tl.TL_account$updateColor	org.telegram.tgnet.j60
C	org.telegram.tgnet.tl.TL_account$updatePasswordSettings	xe.a3
C	org.telegram.tgnet.tl.TL_account$updateStatus	org.telegram.tgnet.rf
C	org.telegram.tgnet.tl.TL_account$updateTheme	xe.b3
C	org.telegram.tgnet.tl.TL_account$updateUsername	xe.c3
C	org.telegram.tgnet.tl.TL_account$updateWebBrowserSettings	org.telegram.tgnet.xb
C	org.telegram.tgnet.tl.TL_account$verifyEmail	xe.d3
C	org.telegram.tgnet.tl.TL_account$webAuthorizations	xe.f3
C	org.telegram.tgnet.tl.TL_account$webPagePreview	xe.g3
C	org.telegram.tgnet.tl.TL_aicompose$AiComposeTone	xe.h3
C	org.telegram.tgnet.tl.TL_aicompose$TL_aiComposeTone	xe.i3
C	org.telegram.tgnet.tl.TL_aicompose$TL_aiComposeToneDefault	xe.j3
C	org.telegram.tgnet.tl.TL_aicompose$TL_tones	xe.k3
C	org.telegram.tgnet.tl.TL_aicompose$TL_tonesNotModified	xe.l3
C	org.telegram.tgnet.tl.TL_aicompose$Tones	xe.m3
C	org.telegram.tgnet.tl.TL_aicompose$aiComposeToneExample	xe.n3
C	org.telegram.tgnet.tl.TL_aicompose$inputAiComposeToneDefault	xe.p3
C	org.telegram.tgnet.tl.TL_aicompose$inputAiComposeToneID	xe.q3
C	org.telegram.tgnet.tl.TL_aicompose$inputAiComposeToneSingleUse	xe.r3
C	org.telegram.tgnet.tl.TL_aicompose$inputAiComposeToneSlug	xe.s3
C	org.telegram.tgnet.tl.TL_aicompose$saveTone	org.telegram.tgnet.j50
C	org.telegram.tgnet.tl.TL_aicompose$updateTone	xe.t3
C	org.telegram.tgnet.tl.TL_bots$BotInfo	xe.u3
C	org.telegram.tgnet.tl.TL_bots$BotMenuButton	xe.v3
C	org.telegram.tgnet.tl.TL_bots$TL_botInfo_layer139	xe.y3
C	org.telegram.tgnet.tl.TL_bots$TL_botInfo_layer48	xe.x3
C	org.telegram.tgnet.tl.TL_bots$TL_botMenuButton	xe.z3
C	org.telegram.tgnet.tl.TL_bots$TL_botMenuButtonDefault	xe.a4
C	org.telegram.tgnet.tl.TL_bots$TL_updateBotMenuButton	xe.b4
C	org.telegram.tgnet.tl.TL_bots$botPreviewMedia	xe.d4
C	org.telegram.tgnet.tl.TL_bots$botVerification	xe.e4
C	org.telegram.tgnet.tl.TL_bots$botVerifierSettings	xe.f4
C	org.telegram.tgnet.tl.TL_bots$checkUsername	org.telegram.tgnet.kl
C	org.telegram.tgnet.tl.TL_bots$createBot	xe.g4
C	org.telegram.tgnet.tl.TL_bots$editPreviewMedia	org.telegram.tgnet.q6
C	org.telegram.tgnet.tl.TL_bots$getPopularAppBots	org.telegram.tgnet.mb
C	org.telegram.tgnet.tl.TL_bots$getPreviewInfo	org.telegram.tgnet.o40
C	org.telegram.tgnet.tl.TL_bots$getPreviewMedias	org.telegram.tgnet.we
C	org.telegram.tgnet.tl.TL_bots$popularAppBots	xe.i4
C	org.telegram.tgnet.tl.TL_bots$previewInfo	xe.j4
C	org.telegram.tgnet.tl.TL_bots$reorderPreviewMedias	xe.h4
C	org.telegram.tgnet.tl.TL_bots$setBotInfo	org.telegram.tgnet.z5
C	org.telegram.tgnet.tl.TL_bots$setCustomVerification	xe.z2
C	org.telegram.tgnet.tl.TL_bots$toggleUsername	org.telegram.tgnet.rc
C	org.telegram.tgnet.tl.TL_bots$updateStarRefProgram	xe.k4
C	org.telegram.tgnet.tl.TL_chatlists$TL_chatlists_chatlistInvite	xe.l4
C	org.telegram.tgnet.tl.TL_chatlists$TL_chatlists_chatlistInviteAlready	xe.m4
C	org.telegram.tgnet.tl.TL_chatlists$TL_chatlists_chatlistInvite_layer195	xe.n4
C	org.telegram.tgnet.tl.TL_chatlists$TL_chatlists_chatlistUpdates	xe.o4
C	org.telegram.tgnet.tl.TL_chatlists$TL_chatlists_editExportedInvite	xe.p4
C	org.telegram.tgnet.tl.TL_chatlists$TL_chatlists_exportedChatlistInvite	xe.q4
C	org.telegram.tgnet.tl.TL_chatlists$TL_chatlists_exportedInvites	xe.r4
C	org.telegram.tgnet.tl.TL_chatlists$TL_chatlists_hideChatlistUpdates	xe.s4
C	org.telegram.tgnet.tl.TL_chatlists$TL_chatlists_joinChatlistInvite	org.telegram.tgnet.lt
C	org.telegram.tgnet.tl.TL_chatlists$TL_chatlists_leaveChatlist	xe.t4
C	org.telegram.tgnet.tl.TL_chatlists$TL_exportedChatlistInvite	xe.u4
C	org.telegram.tgnet.tl.TL_communities$CommunityPeer	xe.w4
C	org.telegram.tgnet.tl.TL_communities$CommunityPeerRequest	xe.x4
C	org.telegram.tgnet.tl.TL_communities$ParticipantJoinedChats	xe.y4
C	org.telegram.tgnet.tl.TL_communities$PeerLinkRequests	xe.z4
C	org.telegram.tgnet.tl.TL_communities$TL_communities_getJoinedCommunities	org.telegram.tgnet.e40
C	org.telegram.tgnet.tl.TL_communities$TL_communities_getParticipantJoinedChats	org.telegram.tgnet.cc
C	org.telegram.tgnet.tl.TL_communities$TL_communities_toggleCommunityCollapsedInDialogs	xe.b5
C	org.telegram.tgnet.tl.TL_communities$TL_communities_togglePeerLink	xe.d5
C	org.telegram.tgnet.tl.TL_communities$TL_communities_togglePeerLinkRequestApproval	xe.c5
C	org.telegram.tgnet.tl.TL_ephemeral$EphemeralMessage	xe.e5
C	org.telegram.tgnet.tl.TL_ephemeral$TL_editMessage	xe.f5
C	org.telegram.tgnet.tl.TL_ephemeral$TL_ephemeralMessage	xe.g5
C	org.telegram.tgnet.tl.TL_ephemeral$TL_ephemeralMessage_layer229_old	xe.h5
C	org.telegram.tgnet.tl.TL_ephemeral$TL_getCallbackAnswer	org.telegram.tgnet.f60
C	org.telegram.tgnet.tl.TL_ephemeral$TL_sendMessage	xe.k5
C	org.telegram.tgnet.tl.TL_ephemeral$TL_welcomeMessages	xe.l5
C	org.telegram.tgnet.tl.TL_ephemeral$TL_welcomeMessagesNotModified	xe.m5
C	org.telegram.tgnet.tl.TL_ephemeral$WelcomeMessages	xe.n5
C	org.telegram.tgnet.tl.TL_forum$TL_messages_createForumTopic	xe.o5
C	org.telegram.tgnet.tl.TL_forum$TL_messages_editForumTopic	xe.p5
C	org.telegram.tgnet.tl.TL_forum$TL_messages_getForumTopics	xe.q5
C	org.telegram.tgnet.tl.TL_fragment$TL_collectibleInfo	xe.s5
C	org.telegram.tgnet.tl.TL_fragment$TL_inputCollectibleUsername	xe.t5
C	org.telegram.tgnet.tl.TL_iv$PageBlock	xe.u5
C	org.telegram.tgnet.tl.TL_iv$PageCaption	xe.v5
C	org.telegram.tgnet.tl.TL_iv$PageListItem	xe.w5
C	org.telegram.tgnet.tl.TL_iv$PageListOrderedItem	xe.x5
C	org.telegram.tgnet.tl.TL_iv$RichMessage	xe.y5
C	org.telegram.tgnet.tl.TL_iv$RichText	xe.z5
C	org.telegram.tgnet.tl.TL_iv$TL_inputRichMessage	xe.a6
C	org.telegram.tgnet.tl.TL_iv$TL_page	xe.b6
C	org.telegram.tgnet.tl.TL_iv$TL_pageListItemBlocks	xe.d6
C	org.telegram.tgnet.tl.TL_iv$TL_pageListItemText	xe.f6
C	org.telegram.tgnet.tl.TL_iv$TL_pageListItemText_layer226	xe.g6
C	org.telegram.tgnet.tl.TL_iv$TL_pageListOrderedItemBlocks	xe.h6
C	org.telegram.tgnet.tl.TL_iv$TL_pageListOrderedItemBlocks_layer226	xe.i6
C	org.telegram.tgnet.tl.TL_iv$TL_pageListOrderedItemText	xe.j6
C	org.telegram.tgnet.tl.TL_iv$TL_pageListOrderedItemText_layer226	xe.k6
C	org.telegram.tgnet.tl.TL_iv$TL_pagePart_layer67	xe.l6
C	org.telegram.tgnet.tl.TL_iv$TL_page_layer88	xe.c6
C	org.telegram.tgnet.tl.TL_iv$inputPageBlockMap	xe.n6
C	org.telegram.tgnet.tl.TL_iv$pageBlockAnchor	xe.o6
C	org.telegram.tgnet.tl.TL_iv$pageBlockAudio	xe.p6
C	org.telegram.tgnet.tl.TL_iv$pageBlockAudio_layer82	xe.q6
C	org.telegram.tgnet.tl.TL_iv$pageBlockAuthorDate	xe.r6
C	org.telegram.tgnet.tl.TL_iv$pageBlockAuthorDate_layer60	xe.s6
C	org.telegram.tgnet.tl.TL_iv$pageBlockBlockquote	xe.t6
C	org.telegram.tgnet.tl.TL_iv$pageBlockBlockquoteBlocks	xe.u6
C	org.telegram.tgnet.tl.TL_iv$pageBlockBlockquote_layer228	xe.v6
C	org.telegram.tgnet.tl.TL_iv$pageBlockButtonRow	xe.w6
C	org.telegram.tgnet.tl.TL_iv$pageBlockChannel	xe.x6
C	org.telegram.tgnet.tl.TL_iv$pageBlockCollage	xe.y6
C	org.telegram.tgnet.tl.TL_iv$pageBlockCollage_layer82	xe.z6
C	org.telegram.tgnet.tl.TL_iv$pageBlockCover	xe.a7
C	org.telegram.tgnet.tl.TL_iv$pageBlockDetails	xe.b7
C	org.telegram.tgnet.tl.TL_iv$pageBlockDivider	xe.c7
C	org.telegram.tgnet.tl.TL_iv$pageBlockDocument	xe.d7
C	org.telegram.tgnet.tl.TL_iv$pageBlockEmbed	xe.e7
C	org.telegram.tgnet.tl.TL_iv$pageBlockEmbedPost	xe.f7
C	org.telegram.tgnet.tl.TL_iv$pageBlockEmbedPost_layer82	xe.g7
C	org.telegram.tgnet.tl.TL_iv$pageBlockEmbed_layer60	xe.h7
C	org.telegram.tgnet.tl.TL_iv$pageBlockFooter	xe.i7
C	org.telegram.tgnet.tl.TL_iv$pageBlockHeader	xe.j7
C	org.telegram.tgnet.tl.TL_iv$pageBlockHeading1	xe.k7
C	org.telegram.tgnet.tl.TL_iv$pageBlockHeading2	xe.l7
C	org.telegram.tgnet.tl.TL_iv$pageBlockHeading3	xe.m7
C	org.telegram.tgnet.tl.TL_iv$pageBlockHeading4	xe.n7
C	org.telegram.tgnet.tl.TL_iv$pageBlockHeading5	xe.o7
C	org.telegram.tgnet.tl.TL_iv$pageBlockHeading6	xe.p7
C	org.telegram.tgnet.tl.TL_iv$pageBlockKicker	xe.q7
C	org.telegram.tgnet.tl.TL_iv$pageBlockList	xe.r7
C	org.telegram.tgnet.tl.TL_iv$pageBlockList_layer82	xe.s7
C	org.telegram.tgnet.tl.TL_iv$pageBlockMap	xe.t7
C	org.telegram.tgnet.tl.TL_iv$pageBlockMath	xe.u7
C	org.telegram.tgnet.tl.TL_iv$pageBlockOrderedList	xe.v7
C	org.telegram.tgnet.tl.TL_iv$pageBlockOrderedList_layer226	xe.w7
C	org.telegram.tgnet.tl.TL_iv$pageBlockParagraph	xe.x7
C	org.telegram.tgnet.tl.TL_iv$pageBlockPhoto	xe.y7
C	org.telegram.tgnet.tl.TL_iv$pageBlockPhoto_layer82	xe.z7
C	org.telegram.tgnet.tl.TL_iv$pageBlockPreformatted	xe.a8
C	org.telegram.tgnet.tl.TL_iv$pageBlockPullquote	xe.b8
C	org.telegram.tgnet.tl.TL_iv$pageBlockRelatedArticles	xe.c8
C	org.telegram.tgnet.tl.TL_iv$pageBlockSlideshow	xe.d8
C	org.telegram.tgnet.tl.TL_iv$pageBlockSlideshow_layer82	xe.e8
C	org.telegram.tgnet.tl.TL_iv$pageBlockSubheader	xe.f8
C	org.telegram.tgnet.tl.TL_iv$pageBlockSubtitle	xe.g8
C	org.telegram.tgnet.tl.TL_iv$pageBlockTable	xe.h8
C	org.telegram.tgnet.tl.TL_iv$pageBlockThinking	xe.i8
C	org.telegram.tgnet.tl.TL_iv$pageBlockTitle	xe.j8
C	org.telegram.tgnet.tl.TL_iv$pageBlockUnsupported	xe.k8
C	org.telegram.tgnet.tl.TL_iv$pageBlockVideo	xe.l8
C	org.telegram.tgnet.tl.TL_iv$pageBlockVideo_layer82	xe.m8
C	org.telegram.tgnet.tl.TL_iv$pageRelatedArticle	xe.n8
C	org.telegram.tgnet.tl.TL_iv$pageTableCell	xe.o8
C	org.telegram.tgnet.tl.TL_iv$pageTableRow	xe.p8
C	org.telegram.tgnet.tl.TL_iv$textAnchor	xe.q8
C	org.telegram.tgnet.tl.TL_iv$textAutoEmail	xe.r8
C	org.telegram.tgnet.tl.TL_iv$textAutoPhone	xe.s8
C	org.telegram.tgnet.tl.TL_iv$textAutoUrl	xe.t8
C	org.telegram.tgnet.tl.TL_iv$textBankCard	xe.u8
C	org.telegram.tgnet.tl.TL_iv$textBold	xe.v8
C	org.telegram.tgnet.tl.TL_iv$textBotCommand	xe.w8
C	org.telegram.tgnet.tl.TL_iv$textButton	xe.x8
C	org.telegram.tgnet.tl.TL_iv$textCashtag	xe.y8
C	org.telegram.tgnet.tl.TL_iv$textConcat	xe.z8
C	org.telegram.tgnet.tl.TL_iv$textCustomEmoji	xe.a9
C	org.telegram.tgnet.tl.TL_iv$textDate	xe.b9
C	org.telegram.tgnet.tl.TL_iv$textDiff	xe.c9
C	org.telegram.tgnet.tl.TL_iv$textEmail	xe.d9
C	org.telegram.tgnet.tl.TL_iv$textEmpty	xe.e9
C	org.telegram.tgnet.tl.TL_iv$textFixed	xe.f9
C	org.telegram.tgnet.tl.TL_iv$textHashtag	xe.g9
C	org.telegram.tgnet.tl.TL_iv$textImage	xe.h9
C	org.telegram.tgnet.tl.TL_iv$textItalic	xe.i9
C	org.telegram.tgnet.tl.TL_iv$textMarked	xe.j9
C	org.telegram.tgnet.tl.TL_iv$textMath	xe.k9
C	org.telegram.tgnet.tl.TL_iv$textMention	xe.l9
C	org.telegram.tgnet.tl.TL_iv$textMentionName	xe.m9
C	org.telegram.tgnet.tl.TL_iv$textPhone	xe.n9
C	org.telegram.tgnet.tl.TL_iv$textPlain	xe.o9
C	org.telegram.tgnet.tl.TL_iv$textStrike	xe.q9
C	org.telegram.tgnet.tl.TL_iv$textSubscript	xe.r9
C	org.telegram.tgnet.tl.TL_iv$textUnderline	xe.t9
C	org.telegram.tgnet.tl.TL_iv$textUrl	xe.u9
C	org.telegram.tgnet.tl.TL_keyboard$ButtonType	xe.v9
C	org.telegram.tgnet.tl.TL_keyboard$ButtonTypeProto	xe.w9
C	org.telegram.tgnet.tl.TL_keyboard$InlineButtonType	xe.x9
C	org.telegram.tgnet.tl.TL_keyboard$KeyboardButtonProto$-CC	xe.y9
C	org.telegram.tgnet.tl.TL_keyboard$KeyboardButtonProto	xe.z9
C	org.telegram.tgnet.tl.TL_keyboard$KeyboardButtonStyle	xe.ba
C	org.telegram.tgnet.tl.TL_keyboard$KeyboardInlineButton	xe.ca
C	org.telegram.tgnet.tl.TL_keyboard$PageButton	xe.da
C	org.telegram.tgnet.tl.TL_keyboard$RichButtonStyle	xe.ea
C	org.telegram.tgnet.tl.TL_keyboard$TL_buttonTypeDefault	xe.fa
C	org.telegram.tgnet.tl.TL_keyboard$TL_buttonTypeRequestGeoLocation	xe.ga
C	org.telegram.tgnet.tl.TL_keyboard$TL_buttonTypeRequestPeer	xe.ha
C	org.telegram.tgnet.tl.TL_keyboard$TL_buttonTypeRequestPhone	xe.ia
C	org.telegram.tgnet.tl.TL_keyboard$TL_buttonTypeRequestPoll	xe.ja
C	org.telegram.tgnet.tl.TL_keyboard$TL_buttonTypeSimpleWebView	xe.ka
C	org.telegram.tgnet.tl.TL_keyboard$TL_inlineButtonTypeBuy	xe.la
C	org.telegram.tgnet.tl.TL_keyboard$TL_inlineButtonTypeCallback	xe.ma
C	org.telegram.tgnet.tl.TL_keyboard$TL_inlineButtonTypeCopy	xe.na
C	org.telegram.tgnet.tl.TL_keyboard$TL_inlineButtonTypeDisabled	xe.oa
C	org.telegram.tgnet.tl.TL_keyboard$TL_inlineButtonTypeGame	xe.pa
C	org.telegram.tgnet.tl.TL_keyboard$TL_inlineButtonTypeSwitchInline	xe.qa
C	org.telegram.tgnet.tl.TL_keyboard$TL_inlineButtonTypeUrl	xe.ra
C	org.telegram.tgnet.tl.TL_keyboard$TL_inlineButtonTypeUrlAuth	xe.sa
C	org.telegram.tgnet.tl.TL_keyboard$TL_inlineButtonTypeUserProfile	xe.ta
C	org.telegram.tgnet.tl.TL_keyboard$TL_inlineButtonTypeWebView	xe.ua
C	org.telegram.tgnet.tl.TL_keyboard$TL_inputButtonTypeRequestPeer	xe.va
C	org.telegram.tgnet.tl.TL_keyboard$TL_inputInlineButtonTypeUrlAuth	xe.wa
C	org.telegram.tgnet.tl.TL_keyboard$TL_inputInlineButtonTypeUserProfile	xe.xa
C	org.telegram.tgnet.tl.TL_keyboard$TL_inputKeyboardButtonRequestPeer_layer221	xe.ya
C	org.telegram.tgnet.tl.TL_keyboard$TL_inputKeyboardButtonUrlAuth_layer223	xe.ab
C	org.telegram.tgnet.tl.TL_keyboard$TL_inputKeyboardButtonUserProfile_layer223	xe.cb
C	org.telegram.tgnet.tl.TL_keyboard$TL_keyboardButton	xe.db
C	org.telegram.tgnet.tl.TL_keyboard$TL_keyboardButtonBuy_layer223	xe.eb
C	org.telegram.tgnet.tl.TL_keyboard$TL_keyboardButtonCallback_layer223	xe.gb
C	org.telegram.tgnet.tl.TL_keyboard$TL_keyboardButtonCopy_layer223	xe.hb
C	org.telegram.tgnet.tl.TL_keyboard$TL_keyboardButtonGame_layer223	xe.ib
C	org.telegram.tgnet.tl.TL_keyboard$TL_keyboardButtonRequestGeoLocation_layer223	xe.jb
C	org.telegram.tgnet.tl.TL_keyboard$TL_keyboardButtonRequestPeer_layer223	xe.lb
C	org.telegram.tgnet.tl.TL_keyboard$TL_keyboardButtonRequestPhone_layer223	xe.mb
C	org.telegram.tgnet.tl.TL_keyboard$TL_keyboardButtonRequestPoll_layer223	xe.nb
C	org.telegram.tgnet.tl.TL_keyboard$TL_keyboardButtonSimpleWebView_layer223	xe.ob
C	org.telegram.tgnet.tl.TL_keyboard$TL_keyboardButtonSimpleWebView_layer228	xe.za
C	org.telegram.tgnet.tl.TL_keyboard$TL_keyboardButtonSwitchInline_layer223	xe.pb
C	org.telegram.tgnet.tl.TL_keyboard$TL_keyboardButtonUrlAuth_layer223	xe.qb
C	org.telegram.tgnet.tl.TL_keyboard$TL_keyboardButtonUrl_layer223	xe.rb
C	org.telegram.tgnet.tl.TL_keyboard$TL_keyboardButtonUserProfile_layer223	xe.sb
C	org.telegram.tgnet.tl.TL_keyboard$TL_keyboardButtonWebView_layer223	xe.tb
C	org.telegram.tgnet.tl.TL_keyboard$TL_keyboardButtonWebView_layer228	xe.bb
C	org.telegram.tgnet.tl.TL_keyboard$TL_keyboardButton_layer228	xe.kb
C	org.telegram.tgnet.tl.TL_keyboard$TL_keyboardInlineButton	xe.ub
C	org.telegram.tgnet.tl.TL_keyboard$TL_keyboardInlineButtonRow	xe.vb
C	org.telegram.tgnet.tl.TL_keyboard$TL_keyboardInlineButton_legacy	xe.fb
C	org.telegram.tgnet.tl.TL_payments$StarGiftActiveAuctions	xe.xb
C	org.telegram.tgnet.tl.TL_payments$TL_StarGiftAuctionAcquiredGifts	xe.yb
C	org.telegram.tgnet.tl.TL_payments$TL_StarGiftAuctionState	xe.zb
C	org.telegram.tgnet.tl.TL_payments$TL_getStarGiftAuctionState	org.telegram.tgnet.l60
C	org.telegram.tgnet.tl.TL_payments$TL_resolveStarGiftOffer	xe.ac
C	org.telegram.tgnet.tl.TL_payments$TL_sendStarGiftOffer	xe.bc
C	org.telegram.tgnet.tl.TL_payments$TL_starGiftActiveAuctions	xe.cc
C	org.telegram.tgnet.tl.TL_payments$TL_starGiftActiveAuctionsNotModified	xe.dc
C	org.telegram.tgnet.tl.TL_payments$connectedBotStarRef	xe.ec
C	org.telegram.tgnet.tl.TL_payments$connectedStarRefBots	xe.fc
C	org.telegram.tgnet.tl.TL_payments$getConnectedStarRefBot	org.telegram.tgnet.p20
C	org.telegram.tgnet.tl.TL_payments$getConnectedStarRefBots	xe.gc
C	org.telegram.tgnet.tl.TL_payments$getSuggestedStarRefBots	org.telegram.tgnet.w70
C	org.telegram.tgnet.tl.TL_payments$starRefProgram	xe.hc
C	org.telegram.tgnet.tl.TL_payments$suggestedStarRefBots	xe.ic
C	org.telegram.tgnet.tl.TL_phone$PhoneCall	xe.jc
C	org.telegram.tgnet.tl.TL_phone$TL_groupCallStreamChannel	xe.kc
C	org.telegram.tgnet.tl.TL_phone$TL_phoneCall	xe.lc
C	org.telegram.tgnet.tl.TL_phone$TL_phoneCallAccepted	xe.mc
C	org.telegram.tgnet.tl.TL_phone$TL_phoneCallDiscarded	xe.nc
C	org.telegram.tgnet.tl.TL_phone$TL_phoneCallProtocol	xe.pc
C	org.telegram.tgnet.tl.TL_phone$TL_phoneCallProtocol_layer110	xe.qc
C	org.telegram.tgnet.tl.TL_phone$TL_phoneCallWaiting	xe.oc
C	org.telegram.tgnet.tl.TL_phone$TL_phoneCall_layer176	xe.rc
C	org.telegram.tgnet.tl.TL_phone$TL_phone_phoneCall	xe.sc
C	org.telegram.tgnet.tl.TL_phone$checkGroupCall	xe.tc
C	org.telegram.tgnet.tl.TL_phone$confirmCall	org.telegram.tgnet.y70
C	org.telegram.tgnet.tl.TL_phone$createConferenceCall	org.telegram.tgnet.c40
C	org.telegram.tgnet.tl.TL_phone$deleteConferenceCallParticipants	xe.uc
C	org.telegram.tgnet.tl.TL_phone$deleteGroupCallMessages	org.telegram.tgnet.m20
C	org.telegram.tgnet.tl.TL_phone$deleteGroupCallParticipantMessages	xe.a5
C	org.telegram.tgnet.tl.TL_phone$discardCall	xe.vc
C	org.telegram.tgnet.tl.TL_phone$exportGroupCallInvite	xe.yc
C	org.telegram.tgnet.tl.TL_phone$exportedGroupCallInvite	xe.zc
C	org.telegram.tgnet.tl.TL_phone$getGroupCallChainBlocks	xe.bd
C	org.telegram.tgnet.tl.TL_phone$getGroupCallStreamRtmpUrl	org.telegram.tgnet.z90
C	org.telegram.tgnet.tl.TL_phone$getGroupParticipants	xe.cd
C	org.telegram.tgnet.tl.TL_phone$groupCall	xe.dd
C	org.telegram.tgnet.tl.TL_phone$groupCallDonor	xe.ed
C	org.telegram.tgnet.tl.TL_phone$groupCallStars	xe.fd
C	org.telegram.tgnet.tl.TL_phone$groupCallStreamChannels	xe.hd
C	org.telegram.tgnet.tl.TL_phone$groupCallStreamRtmpUrl	xe.id
C	org.telegram.tgnet.tl.TL_phone$groupParticipants	xe.jd
C	org.telegram.tgnet.tl.TL_phone$inviteToGroupCall	xe.kd
C	org.telegram.tgnet.tl.TL_phone$joinAsPeers	xe.ld
C	org.telegram.tgnet.tl.TL_phone$joinGroupCall	xe.md
C	org.telegram.tgnet.tl.TL_phone$leaveGroupCall	xe.ad
C	org.telegram.tgnet.tl.TL_phone$phoneCallRequested	xe.nd
C	org.telegram.tgnet.tl.TL_phone$requestCall	xe.od
C	org.telegram.tgnet.tl.TL_phone$saveCallDebug	xe.pd
C	org.telegram.tgnet.tl.TL_phone$saveDefaultGroupCallJoinAs	org.telegram.tgnet.v60
C	org.telegram.tgnet.tl.TL_phone$sendGroupCallMessage	xe.qd
C	org.telegram.tgnet.tl.TL_phone$startScheduledGroupCall	xe.wc
C	org.telegram.tgnet.tl.TL_phone$toggleGroupCallRecord	xe.rd
C	org.telegram.tgnet.tl.TL_phone$toggleGroupCallSettings	xe.sd
C	org.telegram.tgnet.tl.TL_stars$CheckCanSendGiftResult	xe.td
C	org.telegram.tgnet.tl.TL_stars$InputSavedStarGift	xe.ud
C	org.telegram.tgnet.tl.TL_stars$InputStarGiftAuction	xe.vd
C	org.telegram.tgnet.tl.TL_stars$PaidReactionPrivacy	xe.wd
C	org.telegram.tgnet.tl.TL_stars$SavedStarGift	xe.xd
C	org.telegram.tgnet.tl.TL_stars$StarGift	xe.yd
C	org.telegram.tgnet.tl.TL_stars$StarGiftAttribute	xe.zd
C	org.telegram.tgnet.tl.TL_stars$StarGiftAttributeId	xe.ae
C	org.telegram.tgnet.tl.TL_stars$StarGiftAttributeRarity	xe.be
C	org.telegram.tgnet.tl.TL_stars$StarGiftAuctionState	xe.ce
C	org.telegram.tgnet.tl.TL_stars$StarGiftCollections	xe.de
C	org.telegram.tgnet.tl.TL_stars$StarGiftUpgradePrice	xe.ee
C	org.telegram.tgnet.tl.TL_stars$StarGifts	xe.fe
C	org.telegram.tgnet.tl.TL_stars$StarsAmount	xe.ge
C	org.telegram.tgnet.tl.TL_stars$StarsTransaction	xe.he
C	org.telegram.tgnet.tl.TL_stars$StarsTransactionPeer	xe.ie
C	org.telegram.tgnet.tl.TL_stars$TL_AuctionBidLevel	xe.je
C	org.telegram.tgnet.tl.TL_stars$TL_StarGiftActiveAuctionState	xe.ke
C	org.telegram.tgnet.tl.TL_stars$TL_StarGiftAuctionAcquiredGift	xe.le
C	org.telegram.tgnet.tl.TL_stars$TL_StarGiftAuctionUserState	xe.me
C	org.telegram.tgnet.tl.TL_stars$TL_changeStarsSubscription	org.telegram.tgnet.b6
C	org.telegram.tgnet.tl.TL_stars$TL_getStarsSubscriptions	org.telegram.tgnet.r4
C	org.telegram.tgnet.tl.TL_stars$TL_inputSavedStarGiftChat	xe.ne
C	org.telegram.tgnet.tl.TL_stars$TL_inputSavedStarGiftSlug	xe.oe
C	org.telegram.tgnet.tl.TL_stars$TL_inputSavedStarGiftUser	xe.pe
C	org.telegram.tgnet.tl.TL_stars$TL_inputStarGiftAuction	xe.qe
C	org.telegram.tgnet.tl.TL_stars$TL_inputStarGiftAuctionSlug	xe.re
C	org.telegram.tgnet.tl.TL_stars$TL_payments_getStarsStatus	org.telegram.tgnet.c80
C	org.telegram.tgnet.tl.TL_stars$TL_payments_getStarsTransactions	xe.xc
C	org.telegram.tgnet.tl.TL_stars$TL_payments_savedStarGifts	xe.se
C	org.telegram.tgnet.tl.TL_stars$TL_payments_sendStarsForm	xe.i5
C	org.telegram.tgnet.tl.TL_stars$TL_payments_starsStatus	xe.te
C	org.telegram.tgnet.tl.TL_stars$TL_payments_starsStatus_layer194	xe.ue
C	org.telegram.tgnet.tl.TL_stars$TL_payments_uniqueStarGift	xe.ve
C	org.telegram.tgnet.tl.TL_stars$TL_savedStarGift	xe.we
C	org.telegram.tgnet.tl.TL_stars$TL_savedStarGift_layer221_2	xe.xe
C	org.telegram.tgnet.tl.TL_stars$TL_starGift	xe.ye
C	org.telegram.tgnet.tl.TL_stars$TL_starGiftAttributeRarity	xe.ze
C	org.telegram.tgnet.tl.TL_stars$TL_starGiftAttributeRarityEpic	xe.af
C	org.telegram.tgnet.tl.TL_stars$TL_starGiftAttributeRarityLegendary	xe.bf
C	org.telegram.tgnet.tl.TL_stars$TL_starGiftAttributeRarityRare	xe.cf
C	org.telegram.tgnet.tl.TL_stars$TL_starGiftAttributeRarityUncommon	xe.df
C	org.telegram.tgnet.tl.TL_stars$TL_starGiftAuctionRoundExtendable	xe.ef
C	org.telegram.tgnet.tl.TL_stars$TL_starGiftAuctionState	xe.ff
C	org.telegram.tgnet.tl.TL_stars$TL_starGiftAuctionStateFinished	xe.gf
C	org.telegram.tgnet.tl.TL_stars$TL_starGiftAuctionStateNotModified	xe.hf
C	org.telegram.tgnet.tl.TL_stars$TL_starGiftBackground	xe.jf
C	org.telegram.tgnet.tl.TL_stars$TL_starGiftCollection	xe.kf
C	org.telegram.tgnet.tl.TL_stars$TL_starGiftCollections	xe.lf
C	org.telegram.tgnet.tl.TL_stars$TL_starGiftCollectionsNotModified	xe.mf
C	org.telegram.tgnet.tl.TL_stars$TL_starGiftUnique	xe.nf
C	org.telegram.tgnet.tl.TL_stars$TL_starGiftUnique_layer221	xe.of
C	org.telegram.tgnet.tl.TL_stars$TL_starGift_layer219	xe.pf
C	org.telegram.tgnet.tl.TL_stars$TL_starGifts	xe.qf
C	org.telegram.tgnet.tl.TL_stars$TL_starGiftsNotModified	xe.rf
C	org.telegram.tgnet.tl.TL_stars$TL_starsAmount	xe.sf
C	org.telegram.tgnet.tl.TL_stars$TL_starsGiftOption	xe.tf
C	org.telegram.tgnet.tl.TL_stars$TL_starsGiveawayOption	xe.uf
C	org.telegram.tgnet.tl.TL_stars$TL_starsGiveawayWinnersOption	xe.vf
C	org.telegram.tgnet.tl.TL_stars$TL_starsSubscriptionPricing	xe.xf
C	org.telegram.tgnet.tl.TL_stars$TL_starsSubscription_layer193	xe.wf
C	org.telegram.tgnet.tl.TL_stars$TL_starsSubscription_old	xe.yf
C	org.telegram.tgnet.tl.TL_stars$TL_starsTonAmount	xe.zf
C	org.telegram.tgnet.tl.TL_stars$TL_starsTopupOption	xe.ag
C	org.telegram.tgnet.tl.TL_stars$TL_starsTransaction	xe.bg
C	org.telegram.tgnet.tl.TL_stars$TL_starsTransactionPeer	xe.cg
C	org.telegram.tgnet.tl.TL_stars$TL_starsTransactionPeerAPI	xe.dg
C	org.telegram.tgnet.tl.TL_stars$TL_starsTransactionPeerAds	xe.eg
C	org.telegram.tgnet.tl.TL_stars$TL_starsTransactionPeerAppStore	xe.fg
C	org.telegram.tgnet.tl.TL_stars$TL_starsTransactionPeerFragment	xe.gg
C	org.telegram.tgnet.tl.TL_stars$TL_starsTransactionPeerPlayMarket	xe.hg
C	org.telegram.tgnet.tl.TL_stars$TL_starsTransactionPeerPremiumBot	xe.ig
C	org.telegram.tgnet.tl.TL_stars$TL_starsTransactionPeerUnsupported	xe.jg
C	org.telegram.tgnet.tl.TL_stars$TL_starsTransaction_layer205	xe.kg
C	org.telegram.tgnet.tl.TL_stars$Tl_starsRating	xe.lg
C	org.telegram.tgnet.tl.TL_stars$UniqueStarGiftValueInfo	xe.mg
C	org.telegram.tgnet.tl.TL_stars$checkCanSendGiftResultFail	xe.ng
C	org.telegram.tgnet.tl.TL_stars$checkCanSendGiftResultOk	xe.og
C	org.telegram.tgnet.tl.TL_stars$convertStarGift	org.telegram.tgnet.s4
C	org.telegram.tgnet.tl.TL_stars$createStarGiftCollection	org.telegram.tgnet.y5
C	org.telegram.tgnet.tl.TL_stars$getResaleStarGifts	xe.qg
C	org.telegram.tgnet.tl.TL_stars$getSavedStarGift	org.telegram.tgnet.zb
C	org.telegram.tgnet.tl.TL_stars$getSavedStarGifts	xe.rg
C	org.telegram.tgnet.tl.TL_stars$getStarGiftCollections	org.telegram.tgnet.v40
C	org.telegram.tgnet.tl.TL_stars$getStarGiftUpgradeAttributes	xe.x1
C	org.telegram.tgnet.tl.TL_stars$getStarGiftUpgradePreview	org.telegram.tgnet.ff
C	org.telegram.tgnet.tl.TL_stars$getStarGifts	org.telegram.tgnet.jl
C	org.telegram.tgnet.tl.TL_stars$getUniqueStarGiftValueInfo	org.telegram.tgnet.o5
C	org.telegram.tgnet.tl.TL_stars$paidReactionPrivacyAnonymous	xe.sg
C	org.telegram.tgnet.tl.TL_stars$paidReactionPrivacyDefault	xe.tg
C	org.telegram.tgnet.tl.TL_stars$paidReactionPrivacyPeer	xe.ug
C	org.telegram.tgnet.tl.TL_stars$resaleStarGifts	xe.vg
C	org.telegram.tgnet.tl.TL_stars$starGiftAttributeBackdrop	xe.xg
C	org.telegram.tgnet.tl.TL_stars$starGiftAttributeBackdrop_layer221	xe.yg
C	org.telegram.tgnet.tl.TL_stars$starGiftAttributeIdBackdrop	xe.ah
C	org.telegram.tgnet.tl.TL_stars$starGiftAttributeModel	xe.dh
C	org.telegram.tgnet.tl.TL_stars$starGiftAttributeModel_layer221	xe.eh
C	org.telegram.tgnet.tl.TL_stars$starGiftAttributeOriginalDetails	xe.fh
C	org.telegram.tgnet.tl.TL_stars$starGiftAttributeOriginalDetails_layer197	xe.gh
C	org.telegram.tgnet.tl.TL_stars$starGiftAttributePattern	xe.hh
C	org.telegram.tgnet.tl.TL_stars$starGiftAttributePattern_layer221	xe.ih
C	org.telegram.tgnet.tl.TL_stars$starGiftUpgradeAttributes	xe.jh
C	org.telegram.tgnet.tl.TL_stars$starGiftUpgradePreview	xe.kh
C	org.telegram.tgnet.tl.TL_stars$starGiftWithdrawalUrl	xe.lh
C	org.telegram.tgnet.tl.TL_stars$toggleChatStarGiftNotifications	org.telegram.tgnet.ec
C	org.telegram.tgnet.tl.TL_stars$transferStarGift	org.telegram.tgnet.tb
C	org.telegram.tgnet.tl.TL_stars$updateStarGiftCollection	xe.mh
C	org.telegram.tgnet.tl.TL_stars$updateStarGiftPrice	org.telegram.tgnet.f20
C	org.telegram.tgnet.tl.TL_stars$upgradeStarGift	xe.wg
C	org.telegram.tgnet.tl.TL_stats$PostInteractionCounters	xe.nh
C	org.telegram.tgnet.tl.TL_stats$PublicForward	xe.oh
C	org.telegram.tgnet.tl.TL_stats$StatsGraph	xe.ph
C	org.telegram.tgnet.tl.TL_stats$TL_getMegagroupStats	org.telegram.tgnet.yb
C	org.telegram.tgnet.tl.TL_stats$TL_getMessageStats	org.telegram.tgnet.v80
C	org.telegram.tgnet.tl.TL_stats$TL_loadAsyncGraph	org.telegram.tgnet.b40
C	org.telegram.tgnet.tl.TL_stats$TL_megagroupStats	xe.rh
C	org.telegram.tgnet.tl.TL_stats$TL_messageStats	xe.sh
C	org.telegram.tgnet.tl.TL_stats$TL_postInteractionCountersMessage	xe.th
C	org.telegram.tgnet.tl.TL_stats$TL_postInteractionCountersStory	xe.uh
C	org.telegram.tgnet.tl.TL_stats$TL_publicForwardMessage	xe.vh
C	org.telegram.tgnet.tl.TL_stats$TL_publicForwards	xe.wh
C	org.telegram.tgnet.tl.TL_stats$TL_statsAbsValueAndPrev	xe.xh
C	org.telegram.tgnet.tl.TL_stats$TL_statsDateRangeDays	xe.yh
C	org.telegram.tgnet.tl.TL_stats$TL_statsGraph	xe.zh
C	org.telegram.tgnet.tl.TL_stats$TL_statsGraphError	xe.bi
C	org.telegram.tgnet.tl.TL_stats$TL_statsGroupTopAdmin	xe.ci
C	org.telegram.tgnet.tl.TL_stats$TL_statsGroupTopInviter	xe.di
C	org.telegram.tgnet.tl.TL_stats$TL_statsGroupTopPoster	xe.ei
C	org.telegram.tgnet.tl.TL_stats$TL_statsPercentValue	xe.fi
C	org.telegram.tgnet.tl.TL_stories$Albums	xe.hi
C	org.telegram.tgnet.tl.TL_stories$Boost	xe.ii
C	org.telegram.tgnet.tl.TL_stories$MediaArea	xe.ji
C	org.telegram.tgnet.tl.TL_stories$PeerStories	xe.ki
C	org.telegram.tgnet.tl.TL_stories$PrepaidGiveaway	xe.li
C	org.telegram.tgnet.tl.TL_stories$StoryItem	xe.mi
C	org.telegram.tgnet.tl.TL_stories$StoryReaction	xe.ni
C	org.telegram.tgnet.tl.TL_stories$StoryView	xe.oi
C	org.telegram.tgnet.tl.TL_stories$TL_albums	xe.pi
C	org.telegram.tgnet.tl.TL_stories$TL_albumsNotModified	xe.qi
C	org.telegram.tgnet.tl.TL_stories$TL_boost_layer186	xe.si
C	org.telegram.tgnet.tl.TL_stories$TL_createAlbum	org.telegram.tgnet.b30
C	org.telegram.tgnet.tl.TL_stories$TL_deleteAlbum	org.telegram.tgnet.u80
C	org.telegram.tgnet.tl.TL_stories$TL_exportedStoryLink	xe.ti
C	org.telegram.tgnet.tl.TL_stories$TL_foundStories	xe.ui
C	org.telegram.tgnet.tl.TL_stories$TL_foundStory	xe.vi
C	org.telegram.tgnet.tl.TL_stories$TL_geoPointAddress	xe.wi
C	org.telegram.tgnet.tl.TL_stories$TL_getAlbums	org.telegram.tgnet.ac
C	org.telegram.tgnet.tl.TL_stories$TL_inputMediaAreaChannelPost	xe.xi
C	org.telegram.tgnet.tl.TL_stories$TL_inputMediaAreaVenue	xe.yi
C	org.telegram.tgnet.tl.TL_stories$TL_mediaAreaChannelPost	xe.zi
C	org.telegram.tgnet.tl.TL_stories$TL_mediaAreaCoordinates_layer181	xe.aj
C	org.telegram.tgnet.tl.TL_stories$TL_mediaAreaStarGift	xe.dj
C	org.telegram.tgnet.tl.TL_stories$TL_mediaAreaSuggestedReaction	xe.ej
C	org.telegram.tgnet.tl.TL_stories$TL_mediaAreaUrl	xe.fj
C	org.telegram.tgnet.tl.TL_stories$TL_mediaAreaVenue	xe.gj
C	org.telegram.tgnet.tl.TL_stories$TL_mediaAreaWeather2	xe.hj
C	org.telegram.tgnet.tl.TL_stories$TL_mediaAreaWeatherOld	xe.jj
C	org.telegram.tgnet.tl.TL_stories$TL_myBoost	xe.kj
C	org.telegram.tgnet.tl.TL_stories$TL_peerStories	xe.lj
C	org.telegram.tgnet.tl.TL_stories$TL_peerStories_layer162	xe.mj
C	org.telegram.tgnet.tl.TL_stories$TL_premium_boostsStatus	xe.oj
C	org.telegram.tgnet.tl.TL_stories$TL_premium_myBoosts	xe.pj
C	org.telegram.tgnet.tl.TL_stories$TL_prepaidGiveaway	xe.qj
C	org.telegram.tgnet.tl.TL_stories$TL_prepaidStarsGiveaway	xe.rj
C	org.telegram.tgnet.tl.TL_stories$TL_publicForwardStory	xe.sj
C	org.telegram.tgnet.tl.TL_stories$TL_reorderAlbums	org.telegram.tgnet.n60
C	org.telegram.tgnet.tl.TL_stories$TL_startLive	xe.tj
C	org.telegram.tgnet.tl.TL_stories$TL_stats_storyStats	xe.uj
C	org.telegram.tgnet.tl.TL_stories$TL_storiesStealthMode	xe.vj
C	org.telegram.tgnet.tl.TL_stories$TL_stories_activateStealthMode	org.telegram.tgnet.x90
C	org.telegram.tgnet.tl.TL_stories$TL_stories_allStories	xe.wj
C	org.telegram.tgnet.tl.TL_stories$TL_stories_allStoriesNotModified	xe.xj
C	org.telegram.tgnet.tl.TL_stories$TL_stories_editStory	xe.yj
C	org.telegram.tgnet.tl.TL_stories$TL_stories_getAlbumStories	xe.zj
C	org.telegram.tgnet.tl.TL_stories$TL_stories_getAllStories	org.telegram.tgnet.qc
C	org.telegram.tgnet.tl.TL_stories$TL_stories_getChatsToSend	xe.w1
C	org.telegram.tgnet.tl.TL_stories$TL_stories_getPeerMaxIDs	xe.pg
C	org.telegram.tgnet.tl.TL_stories$TL_stories_getPeerStories	org.telegram.tgnet.ll
C	org.telegram.tgnet.tl.TL_stories$TL_stories_getStoriesArchive	org.telegram.tgnet.z40
C	org.telegram.tgnet.tl.TL_stories$TL_stories_readStories	org.telegram.tgnet.gh
C	org.telegram.tgnet.tl.TL_stories$TL_stories_report	xe.bk
C	org.telegram.tgnet.tl.TL_stories$TL_stories_searchPosts	xe.ck
C	org.telegram.tgnet.tl.TL_stories$TL_stories_sendReaction	org.telegram.tgnet.q20
C	org.telegram.tgnet.tl.TL_stories$TL_stories_sendStory	xe.dk
C	org.telegram.tgnet.tl.TL_stories$TL_stories_stories	xe.ek
C	org.telegram.tgnet.tl.TL_stories$TL_stories_storyViews	xe.gk
C	org.telegram.tgnet.tl.TL_stories$TL_stories_togglePeerStoriesHidden	xe.v2
C	org.telegram.tgnet.tl.TL_stories$TL_storyAlbum	xe.hk
C	org.telegram.tgnet.tl.TL_stories$TL_storyFwdHeader	xe.ik
C	org.telegram.tgnet.tl.TL_stories$TL_storyItem	xe.jk
C	org.telegram.tgnet.tl.TL_stories$TL_storyItemDeleted	xe.kk
C	org.telegram.tgnet.tl.TL_stories$TL_storyItem_layer223	xe.mk
C	org.telegram.tgnet.tl.TL_stories$TL_storyReaction	xe.nk
C	org.telegram.tgnet.tl.TL_stories$TL_storyReactionPublicForward	xe.ok
C	org.telegram.tgnet.tl.TL_stories$TL_storyReactionPublicRepost	xe.pk
C	org.telegram.tgnet.tl.TL_stories$TL_storyReactionsList	xe.qk
C	org.telegram.tgnet.tl.TL_stories$TL_storyView	xe.rk
C	org.telegram.tgnet.tl.TL_stories$TL_storyViewPublicForward	xe.sk
C	org.telegram.tgnet.tl.TL_stories$TL_storyViewPublicRepost	xe.tk
C	org.telegram.tgnet.tl.TL_stories$TL_storyViewsList_layer167	xe.vk
C	org.telegram.tgnet.tl.TL_stories$TL_storyViews_layer161	xe.uk
C	org.telegram.tgnet.tl.TL_stories$TL_togglePinnedToTop	org.telegram.tgnet.g40
C	org.telegram.tgnet.tl.TL_stories$TL_updateAlbum	org.telegram.tgnet.i40
C	org.telegram.tgnet.tl.TL_stories$TL_updateReadStories	xe.wk
C	org.telegram.tgnet.tl.TL_stories$TL_updateStoriesStealthMode	xe.xk
C	org.telegram.tgnet.tl.TL_stories$TL_updateStory	xe.yk
C	org.telegram.tgnet.tl.TL_stories$canSendStoryCount	xe.zk
C	org.telegram.tgnet.tl.TL_stories$togglePinned	xe.r5
C	org.telegram.tgnet.tl.TL_update$TL_updateAiComposeTones	xe.bl
C	org.telegram.tgnet.tl.TL_update$TL_updateAttachMenuBots	xe.cl
C	org.telegram.tgnet.tl.TL_update$TL_updateBotCommands	xe.dl
C	org.telegram.tgnet.tl.TL_update$TL_updateBotPurchasedPaidMedia	xe.el
C	org.telegram.tgnet.tl.TL_update$TL_updateBotSubscriptionExpire	xe.fl
C	org.telegram.tgnet.tl.TL_update$TL_updateChannel	xe.gl
C	org.telegram.tgnet.tl.TL_update$TL_updateChannelAvailableMessages	xe.hl
C	org.telegram.tgnet.tl.TL_update$TL_updateChannelMessageForwards	xe.il
C	org.telegram.tgnet.tl.TL_update$TL_updateChannelMessageViews	xe.jl
C	org.telegram.tgnet.tl.TL_update$TL_updateChannelParticipant	xe.kl
C	org.telegram.tgnet.tl.TL_update$TL_updateChannelReadMessagesContents	xe.ll
C	org.telegram.tgnet.tl.TL_update$TL_updateChannelTooLong	xe.ml
C	org.telegram.tgnet.tl.TL_update$TL_updateChannelUserTyping	xe.nl
C	org.telegram.tgnet.tl.TL_update$TL_updateChannelViewForumAsMessages	xe.ol
C	org.telegram.tgnet.tl.TL_update$TL_updateChannelWebPage	xe.pl
C	org.telegram.tgnet.tl.TL_update$TL_updateChat	xe.ql
C	org.telegram.tgnet.tl.TL_update$TL_updateChatDefaultBannedRights	xe.rl
C	org.telegram.tgnet.tl.TL_update$TL_updateChatParticipantAdd	xe.sl
C	org.telegram.tgnet.tl.TL_update$TL_updateChatParticipantAdmin	xe.tl
C	org.telegram.tgnet.tl.TL_update$TL_updateChatParticipantDelete	xe.ul
C	org.telegram.tgnet.tl.TL_update$TL_updateChatParticipantRank	xe.vl
C	org.telegram.tgnet.tl.TL_update$TL_updateChatParticipants	xe.wl
C	org.telegram.tgnet.tl.TL_update$TL_updateChatUserTyping	xe.xl
C	org.telegram.tgnet.tl.TL_update$TL_updateConfig	xe.yl
C	org.telegram.tgnet.tl.TL_update$TL_updateContactsReset	xe.zl
C	org.telegram.tgnet.tl.TL_update$TL_updateDcOptions	xe.am
C	org.telegram.tgnet.tl.TL_update$TL_updateDeleteChannelMessages	xe.bm
C	org.telegram.tgnet.tl.TL_update$TL_updateDeleteEphemeralMessages	xe.cm
C	org.telegram.tgnet.tl.TL_update$TL_updateDeleteGroupCallMessages	xe.dm
C	org.telegram.tgnet.tl.TL_update$TL_updateDeleteMessages	xe.em
C	org.telegram.tgnet.tl.TL_update$TL_updateDeleteQuickReply	xe.fm
C	org.telegram.tgnet.tl.TL_update$TL_updateDeleteQuickReplyMessages	xe.gm
C	org.telegram.tgnet.tl.TL_update$TL_updateDeleteScheduledMessages	xe.hm
C	org.telegram.tgnet.tl.TL_update$TL_updateDialogFilter	xe.im
C	org.telegram.tgnet.tl.TL_update$TL_updateDialogFilterOrder	xe.jm
C	org.telegram.tgnet.tl.TL_update$TL_updateDialogFilters	xe.km
C	org.telegram.tgnet.tl.TL_update$TL_updateDialogPinned	xe.lm
C	org.telegram.tgnet.tl.TL_update$TL_updateDialogUnreadMark	xe.mm
C	org.telegram.tgnet.tl.TL_update$TL_updateDraftMessage	xe.nm
C	org.telegram.tgnet.tl.TL_update$TL_updateEditChannelMessage	xe.om
C	org.telegram.tgnet.tl.TL_update$TL_updateEditMessage	xe.qm
C	org.telegram.tgnet.tl.TL_update$TL_updateEmojiGameInfo	xe.rm
C	org.telegram.tgnet.tl.TL_update$TL_updateEncryptedChatTyping	xe.sm
C	org.telegram.tgnet.tl.TL_update$TL_updateEncryptedMessagesRead	xe.tm
C	org.telegram.tgnet.tl.TL_update$TL_updateEncryption	xe.um
C	org.telegram.tgnet.tl.TL_update$TL_updateFavedStickers	xe.wm
C	org.telegram.tgnet.tl.TL_update$TL_updateFolderPeers	xe.xm
C	org.telegram.tgnet.tl.TL_update$TL_updateGeoLiveViewed	xe.ym
C	org.telegram.tgnet.tl.TL_update$TL_updateGroupCall	xe.zm
C	org.telegram.tgnet.tl.TL_update$TL_updateGroupCallChainBlocks	xe.an
C	org.telegram.tgnet.tl.TL_update$TL_updateGroupCallConnection	xe.bn
C	org.telegram.tgnet.tl.TL_update$TL_updateGroupCallEncryptedMessage	xe.cn
C	org.telegram.tgnet.tl.TL_update$TL_updateGroupCallMessage	xe.dn
C	org.telegram.tgnet.tl.TL_update$TL_updateGroupCallParticipants	xe.en
C	org.telegram.tgnet.tl.TL_update$TL_updateGroupCall_layer216	xe.fn
C	org.telegram.tgnet.tl.TL_update$TL_updateJoinChatWebViewDecision	xe.gn
C	org.telegram.tgnet.tl.TL_update$TL_updateLangPack	xe.hn
C	org.telegram.tgnet.tl.TL_update$TL_updateLangPackTooLong	xe.in
C	org.telegram.tgnet.tl.TL_update$TL_updateManagedBot	xe.kn
C	org.telegram.tgnet.tl.TL_update$TL_updateMessageExtendedMedia	xe.ln
C	org.telegram.tgnet.tl.TL_update$TL_updateMessageID	xe.mn
C	org.telegram.tgnet.tl.TL_update$TL_updateMessagePoll	xe.nn
C	org.telegram.tgnet.tl.TL_update$TL_updateMessagePollVote	xe.on
C	org.telegram.tgnet.tl.TL_update$TL_updateMessageReactions	xe.pn
C	org.telegram.tgnet.tl.TL_update$TL_updateMonoForumNoPaidException	xe.qn
C	org.telegram.tgnet.tl.TL_update$TL_updateMoveStickerSetToTop	xe.rn
C	org.telegram.tgnet.tl.TL_update$TL_updateNewAuthorization	xe.sn
C	org.telegram.tgnet.tl.TL_update$TL_updateNewBotConnection	xe.tn
C	org.telegram.tgnet.tl.TL_update$TL_updateNewChannelMessage	xe.un
C	org.telegram.tgnet.tl.TL_update$TL_updateNewEncryptedMessage	xe.vn
C	org.telegram.tgnet.tl.TL_update$TL_updateNewEphemeralMessage	xe.wn
C	org.telegram.tgnet.tl.TL_update$TL_updateNewMessage	xe.xn
C	org.telegram.tgnet.tl.TL_update$TL_updateNewQuickReply	xe.yn
C	org.telegram.tgnet.tl.TL_update$TL_updateNewScheduledMessage	xe.zn
C	org.telegram.tgnet.tl.TL_update$TL_updateNewStickerSet	xe.ao
C	org.telegram.tgnet.tl.TL_update$TL_updateNewStoryReaction	xe.bo
C	org.telegram.tgnet.tl.TL_update$TL_updateNotifySettings	xe.co
C	org.telegram.tgnet.tl.TL_update$TL_updatePaidReactionPrivacy	xe.eo
C	org.telegram.tgnet.tl.TL_update$TL_updatePeerBlocked	xe.fo
C	org.telegram.tgnet.tl.TL_update$TL_updatePeerHistoryTTL	xe.go
C	org.telegram.tgnet.tl.TL_update$TL_updatePeerLocated	xe.ho
C	org.telegram.tgnet.tl.TL_update$TL_updatePeerSettings	xe.io
C	org.telegram.tgnet.tl.TL_update$TL_updatePeerWallpaper	xe.jo
C	org.telegram.tgnet.tl.TL_update$TL_updatePendingJoinRequests	xe.ko
C	org.telegram.tgnet.tl.TL_update$TL_updatePhoneCall	xe.lo
C	org.telegram.tgnet.tl.TL_update$TL_updatePhoneCallSignalingData	xe.mo
C	org.telegram.tgnet.tl.TL_update$TL_updatePinnedChannelMessages	xe.no
C	org.telegram.tgnet.tl.TL_update$TL_updatePinnedDialogs	xe.oo
C	org.telegram.tgnet.tl.TL_update$TL_updatePinnedForumTopic	xe.po
C	org.telegram.tgnet.tl.TL_update$TL_updatePinnedForumTopics	xe.qo
C	org.telegram.tgnet.tl.TL_update$TL_updatePinnedMessages	xe.ro
C	org.telegram.tgnet.tl.TL_update$TL_updatePinnedSavedDialogs	xe.so
C	org.telegram.tgnet.tl.TL_update$TL_updatePrivacy	xe.to
C	org.telegram.tgnet.tl.TL_update$TL_updateQuickReplies	xe.uo
C	org.telegram.tgnet.tl.TL_update$TL_updateQuickReplyMessage	xe.vo
C	org.telegram.tgnet.tl.TL_update$TL_updateReadChannelDiscussionInbox	xe.wo
C	org.telegram.tgnet.tl.TL_update$TL_updateReadChannelDiscussionOutbox	xe.xo
C	org.telegram.tgnet.tl.TL_update$TL_updateReadChannelInbox	xe.yo
C	org.telegram.tgnet.tl.TL_update$TL_updateReadChannelOutbox	xe.zo
C	org.telegram.tgnet.tl.TL_update$TL_updateReadFeaturedEmojiStickers	xe.ap
C	org.telegram.tgnet.tl.TL_update$TL_updateReadFeaturedStickers	xe.bp
C	org.telegram.tgnet.tl.TL_update$TL_updateReadHistoryInbox	xe.cp
C	org.telegram.tgnet.tl.TL_update$TL_updateReadHistoryOutbox	xe.dp
C	org.telegram.tgnet.tl.TL_update$TL_updateReadMessagesContents	xe.ep
C	org.telegram.tgnet.tl.TL_update$TL_updateReadMonoForumInbox	xe.fp
C	org.telegram.tgnet.tl.TL_update$TL_updateReadMonoForumOutbox	xe.gp
C	org.telegram.tgnet.tl.TL_update$TL_updateRecentEmojiStatuses	xe.hp
C	org.telegram.tgnet.tl.TL_update$TL_updateRecentReactions	xe.ip
C	org.telegram.tgnet.tl.TL_update$TL_updateRecentStickers	xe.jp
C	org.telegram.tgnet.tl.TL_update$TL_updateSavedDialogPinned	xe.kp
C	org.telegram.tgnet.tl.TL_update$TL_updateSavedGifs	xe.lp
C	org.telegram.tgnet.tl.TL_update$TL_updateSavedReactionTags	xe.mp
C	org.telegram.tgnet.tl.TL_update$TL_updateSavedRingtones	xe.np
C	org.telegram.tgnet.tl.TL_update$TL_updateSentPhoneCode	xe.op
C	org.telegram.tgnet.tl.TL_update$TL_updateSentStoryReaction	xe.pp
C	org.telegram.tgnet.tl.TL_update$TL_updateServiceNotification	xe.qp
C	org.telegram.tgnet.tl.TL_update$TL_updateStarGiftAuctionState	xe.rp
C	org.telegram.tgnet.tl.TL_update$TL_updateStarGiftAuctionUserState	xe.sp
C	org.telegram.tgnet.tl.TL_update$TL_updateStarGiftCraftFail	xe.jn
C	org.telegram.tgnet.tl.TL_update$TL_updateStarsBalance	xe.tp
C	org.telegram.tgnet.tl.TL_update$TL_updateStarsRevenueStatus	xe.up
C	org.telegram.tgnet.tl.TL_update$TL_updateStickerSets	xe.vp
C	org.telegram.tgnet.tl.TL_update$TL_updateStickerSetsOrder	xe.wp
C	org.telegram.tgnet.tl.TL_update$TL_updateStoryID	xe.xp
C	org.telegram.tgnet.tl.TL_update$TL_updateTheme	xe.yp
C	org.telegram.tgnet.tl.TL_update$TL_updateTranscribeAudio	xe.zp
C	org.telegram.tgnet.tl.TL_update$TL_updateTranscribedAudio	xe.aq
C	org.telegram.tgnet.tl.TL_update$TL_updateUser	xe.bq
C	org.telegram.tgnet.tl.TL_update$TL_updateUserEmojiStatus	xe.cq
C	org.telegram.tgnet.tl.TL_update$TL_updateUserName	xe.dq
C	org.telegram.tgnet.tl.TL_update$TL_updateUserPhone	xe.eq
C	org.telegram.tgnet.tl.TL_update$TL_updateUserPhoto	xe.fq
C	org.telegram.tgnet.tl.TL_update$TL_updateUserStatus	xe.gq
C	org.telegram.tgnet.tl.TL_update$TL_updateUserTyping	xe.hq
C	org.telegram.tgnet.tl.TL_update$TL_updateWebBrowserException	xe.iq
C	org.telegram.tgnet.tl.TL_update$TL_updateWebBrowserSettings	xe.jq
C	org.telegram.tgnet.tl.TL_update$TL_updateWebPage	xe.kq
C	org.telegram.tgnet.tl.TL_update$TL_updateWebViewResultSent	xe.lq
C	org.telegram.ui.AccountFrozenAlert	org.telegram.ui.b
C	org.telegram.ui.ActionBar.ActionBar$ActionBarMenuOnItemClick	org.telegram.ui.ActionBar.l
C	org.telegram.ui.ActionBar.ActionBar	org.telegram.ui.ActionBar.m
C	org.telegram.ui.ActionBar.ActionBarAnimatedSubtitleOverlayContainer	org.telegram.ui.ActionBar.k
C	org.telegram.ui.ActionBar.ActionBarLayout$LayoutContainer	org.telegram.ui.ActionBar.x
C	org.telegram.ui.ActionBar.ActionBarMenu$LazyItem	org.telegram.ui.ActionBar.z
C	org.telegram.ui.ActionBar.ActionBarMenu	org.telegram.ui.ActionBar.a0
C	org.telegram.ui.ActionBar.ActionBarMenuItem$ActionBarMenuItemDelegate	org.telegram.ui.ActionBar.u0
C	org.telegram.ui.ActionBar.ActionBarMenuItem$Item	org.telegram.ui.ActionBar.w0
C	org.telegram.ui.ActionBar.ActionBarMenuItem	org.telegram.ui.ActionBar.y0
C	org.telegram.ui.ActionBar.ActionBarMenuSlider$SpeedSlider	org.telegram.ui.ActionBar.e1
C	org.telegram.ui.ActionBar.ActionBarMenuSlider	org.telegram.ui.ActionBar.f1
C	org.telegram.ui.ActionBar.ActionBarMenuSubItem	org.telegram.ui.ActionBar.i1
C	org.telegram.ui.ActionBar.ActionBarPopupWindow$GapView	org.telegram.ui.ActionBar.p1
C	org.telegram.ui.ActionBar.ActionBarPopupWindow$OnDispatchKeyEventListener	org.telegram.ui.ActionBar.q1
C	org.telegram.ui.ActionBar.ActionBarPopupWindow$onSizeChangedListener	org.telegram.ui.ActionBar.r1
C	org.telegram.ui.ActionBar.ActionBarPopupWindow	org.telegram.ui.Components.z50
C	org.telegram.ui.ActionBar.AlertDialog	org.telegram.ui.ActionBar.g2
C	org.telegram.ui.ActionBar.BackDrawable	org.telegram.ui.ActionBar.l2
C	org.telegram.ui.ActionBar.BaseFragment$AttachedSheet	org.telegram.ui.ActionBar.o2
C	org.telegram.ui.ActionBar.BaseFragment	org.telegram.ui.ActionBar.s2
C	org.telegram.ui.ActionBar.BottomSheet$ContainerView	org.telegram.ui.ActionBar.j3
C	org.telegram.ui.ActionBar.BottomSheet$SheetBackDrawable	org.telegram.ui.ActionBar.k3
C	org.telegram.ui.ActionBar.BottomSheet	org.telegram.ui.ActionBar.l3
C	org.telegram.ui.ActionBar.BottomSheetTabDialog	org.telegram.ui.ActionBar.o3
C	org.telegram.ui.ActionBar.BottomSheetTabs$TabDrawable	org.telegram.ui.ActionBar.q3
C	org.telegram.ui.ActionBar.BottomSheetTabs$TabsAccessibilityHelper	org.telegram.ui.ActionBar.r3
C	org.telegram.ui.ActionBar.BottomSheetTabs$WebTabData	org.telegram.ui.ActionBar.s3
C	org.telegram.ui.ActionBar.BottomSheetTabs	org.telegram.ui.ActionBar.t3
C	org.telegram.ui.ActionBar.BottomSheetTabsOverlay$OverlayAccessibilityHelper	org.telegram.ui.ActionBar.y3
C	org.telegram.ui.ActionBar.BottomSheetTabsOverlay$Sheet	org.telegram.ui.ActionBar.z3
C	org.telegram.ui.ActionBar.BottomSheetTabsOverlay	org.telegram.ui.ActionBar.c4
C	org.telegram.ui.ActionBar.DrawerLayoutContainer	org.telegram.ui.ActionBar.e4
C	org.telegram.ui.ActionBar.EdgeToEdgeSupportMode	org.telegram.ui.ActionBar.f4
C	org.telegram.ui.ActionBar.EmojiThemes$ThemeItem	org.telegram.ui.ActionBar.j4
C	org.telegram.ui.ActionBar.EmojiThemes	org.telegram.ui.ActionBar.k4
C	org.telegram.ui.ActionBar.FloatingActionMode	org.telegram.ui.ActionBar.p4
C	org.telegram.ui.ActionBar.FloatingToolbar$FloatingToolbarPopup	org.telegram.ui.ActionBar.d5
C	org.telegram.ui.ActionBar.FloatingToolbar	org.telegram.ui.ActionBar.f5
C	org.telegram.ui.ActionBar.INavigationLayout$BackButtonState	org.telegram.ui.ActionBar.h5
C	org.telegram.ui.ActionBar.INavigationLayout$INavigationLayoutDelegate	org.telegram.ui.ActionBar.i5
C	org.telegram.ui.ActionBar.INavigationLayout$NavigationParams	org.telegram.ui.ActionBar.j5
C	org.telegram.ui.ActionBar.INavigationLayout$ThemeAnimationSettings	org.telegram.ui.ActionBar.k5
C	org.telegram.ui.ActionBar.INavigationLayout	org.telegram.ui.ActionBar.l5
C	org.telegram.ui.ActionBar.MessageDrawable$PathDrawParams	l.f3
C	org.telegram.ui.ActionBar.MessageDrawable	org.telegram.ui.ActionBar.n5
C	org.telegram.ui.ActionBar.SimpleTextView	org.telegram.ui.ActionBar.r5
C	org.telegram.ui.ActionBar.Theme$BackgroundDrawableSettings	a4.i
C	org.telegram.ui.ActionBar.Theme$Colorable	org.telegram.ui.ActionBar.f6
C	org.telegram.ui.ActionBar.Theme$IvButtonColors	org.telegram.ui.ActionBar.g6
C	org.telegram.ui.ActionBar.Theme$OverrideWallpaperInfo	org.telegram.ui.ActionBar.h6
C	org.telegram.ui.ActionBar.Theme$ResourcesProvider	org.telegram.ui.ActionBar.k6
C	org.telegram.ui.ActionBar.Theme$ThemeAccent	org.telegram.ui.ActionBar.m6
C	org.telegram.ui.ActionBar.Theme$ThemeInfo	org.telegram.ui.ActionBar.n6
C	org.telegram.ui.ActionBar.Theme	org.telegram.ui.ActionBar.o6
C	org.telegram.ui.ActionBar.ThemeColors	org.telegram.ui.ActionBar.o5
C	org.telegram.ui.ActionBar.ThemeDescription$ThemeDescriptionDelegate	org.telegram.ui.ActionBar.p6
C	org.telegram.ui.ActionBar.ThemeDescription	org.telegram.ui.ActionBar.q6
C	org.telegram.ui.ActionBar.theme.ThemeKey	ze.a
C	org.telegram.ui.ActionIntroActivity	org.telegram.ui.h
C	org.telegram.ui.Adapters.BaseLocationAdapter	af.g
C	org.telegram.ui.Adapters.DialogsAdapter$DialogsPreloader	af.t
C	org.telegram.ui.Adapters.DialogsAdapter$ItemInternal	af.u
C	org.telegram.ui.Adapters.DialogsAdapter	af.w
C	org.telegram.ui.Adapters.DialogsSearchAdapter$DialogSearchResult	af.w0
C	org.telegram.ui.Adapters.FiltersView$MediaFilterData	af.k1
C	org.telegram.ui.Adapters.FiltersView	af.n1
C	org.telegram.ui.Adapters.MentionsAdapter$HashtagHint	af.h2
C	org.telegram.ui.Adapters.MentionsAdapter$MentionsAdapterDelegate	kg.i
C	org.telegram.ui.Adapters.MentionsAdapter	af.j2
C	org.telegram.ui.Adapters.MessagesSearchAdapter	af.q2
C	org.telegram.ui.Adapters.SearchAdapterHelper$HashtagObject	af.e3
C	org.telegram.ui.Adapters.SearchAdapterHelper	af.g3
C	org.telegram.ui.ArticleViewer$BlockAudioCell	org.telegram.ui.w0
C	org.telegram.ui.ArticleViewer$CheckForLongPress	org.telegram.ui.s2
C	org.telegram.ui.ArticleViewer$DrawingText	org.telegram.ui.t2
C	org.telegram.ui.ArticleViewer$PageLayout	org.telegram.ui.f3
C	org.telegram.ui.ArticleViewer$Resources	org.telegram.ui.i3
C	org.telegram.ui.ArticleViewer$Sheet$WindowView	org.telegram.ui.m3
C	org.telegram.ui.ArticleViewer$Sheet	org.telegram.ui.n3
C	org.telegram.ui.ArticleViewer$TL_pageBlockListItem	org.telegram.ui.q3
C	org.telegram.ui.ArticleViewer$TL_pageBlockListParent	org.telegram.ui.r3
C	org.telegram.ui.ArticleViewer$TL_pageBlockOrderedListItem	org.telegram.ui.s3
C	org.telegram.ui.ArticleViewer$TL_pageBlockOrderedListParent	org.telegram.ui.t3
C	org.telegram.ui.ArticleViewer$WebPageUtils	t7.d0
C	org.telegram.ui.ArticleViewer$WebpageAdapter	org.telegram.ui.x3
C	org.telegram.ui.ArticleViewer	org.telegram.ui.z3
C	org.telegram.ui.AutoDeleteMessagesActivity$RadioCellInternal	org.telegram.ui.g4
C	org.telegram.ui.AutoDeleteMessagesActivity	org.telegram.ui.h4
C	org.telegram.ui.BasePermissionsActivity	org.telegram.ui.x4
C	org.telegram.ui.Business.BusinessChatbotController	bf.g
C	org.telegram.ui.Business.BusinessLinksController	bf.g0
C	org.telegram.ui.Business.QuickRepliesController$QuickReply	bf.t2
C	org.telegram.ui.Business.QuickRepliesController	bf.u2
C	org.telegram.ui.Business.TimezonesController	bf.z2
C	org.telegram.ui.CacheControlActivity$ItemInner	org.telegram.ui.i6
C	org.telegram.ui.CacheControlActivity$ListAdapter	org.telegram.ui.l6
C	org.telegram.ui.CacheControlActivity	org.telegram.ui.n6
C	org.telegram.ui.CallLogActivity$CallLogRow	org.telegram.ui.s8
C	org.telegram.ui.CallLogActivity$EmptyTextProgressView	org.telegram.ui.t8
C	org.telegram.ui.CallLogActivity	org.telegram.ui.w8
C	org.telegram.ui.CastSync	c1.f
C	org.telegram.ui.Cells.AboutLinkCell	org.telegram.ui.Cells.j
C	org.telegram.ui.Cells.AnimatedStatusView	org.telegram.ui.Cells.o
C	org.telegram.ui.Cells.AudioPlayerCell	org.telegram.ui.Cells.y
C	org.telegram.ui.Cells.BaseCell$CheckForLongPress	androidx.emoji2.text.j
C	org.telegram.ui.Cells.BaseCell$CheckForTap	of.p1
C	org.telegram.ui.Cells.BaseCell	org.telegram.ui.Cells.b0
C	org.telegram.ui.Cells.BotButton	org.telegram.ui.Cells.f0
C	org.telegram.ui.Cells.ChannelRecommendationsCell$ChannelBlock	org.telegram.ui.Cells.p0
C	org.telegram.ui.Cells.ChannelRecommendationsCell	org.telegram.ui.Cells.q0
C	org.telegram.ui.Cells.ChatActionCell$ChatActionCellDelegate	org.telegram.ui.Cells.v0
C	org.telegram.ui.Cells.ChatActionCell	org.telegram.ui.Cells.x0
C	org.telegram.ui.Cells.ChatMessageCell$ChatMessageCellDelegate	org.telegram.ui.Cells.l1
C	org.telegram.ui.Cells.ChatMessageCell$PollButton	org.telegram.ui.Cells.s1
C	org.telegram.ui.Cells.ChatMessageCell$TransitionParams	org.telegram.ui.Cells.t1
C	org.telegram.ui.Cells.ChatMessageCell	org.telegram.ui.Cells.u1
C	org.telegram.ui.Cells.ChatUnreadCell	org.telegram.ui.Cells.w1
C	org.telegram.ui.Cells.CheckBoxCell	org.telegram.ui.Cells.a2
C	org.telegram.ui.Cells.ContextLinkCell$ContextLinkCellDelegate	org.telegram.ui.Cells.d2
C	org.telegram.ui.Cells.ContextLinkCell	org.telegram.ui.Cells.e2
C	org.telegram.ui.Cells.DialogCell$CustomDialog	org.telegram.ui.Cells.m2
C	org.telegram.ui.Cells.DialogCell$DialogCellDelegate	org.telegram.ui.Cells.n2
C	org.telegram.ui.Cells.DialogCell$DialogUpdateHelper	org.telegram.ui.Cells.o2
C	org.telegram.ui.Cells.DialogCell$FixedWidthSpan	org.telegram.ui.Cells.p2
C	org.telegram.ui.Cells.DialogCell	org.telegram.ui.Cells.r2
C	org.telegram.ui.Cells.DialogRadioCell	org.telegram.ui.Cells.t2
C	org.telegram.ui.Cells.DialogsHintCell	org.telegram.ui.Cells.z2
C	org.telegram.ui.Cells.EditTextCell	org.telegram.ui.qc1
C	org.telegram.ui.Cells.GraySectionCell	org.telegram.ui.Cells.s3
C	org.telegram.ui.Cells.GroupCallUserCell$AvatarWavesDrawable	org.telegram.ui.Cells.z3
C	org.telegram.ui.Cells.GroupCallUserCell$VerifiedDrawable	org.telegram.ui.Cells.a4
C	org.telegram.ui.Cells.GroupCallUserCell	org.telegram.ui.Cells.b4
C	org.telegram.ui.Cells.GroupCreateUserCell	org.telegram.ui.Cells.e4
C	org.telegram.ui.Cells.GroupMedia$MediaHolder	org.telegram.ui.Cells.h4
C	org.telegram.ui.Cells.GroupMedia	org.telegram.ui.Cells.i4
C	org.telegram.ui.Cells.HeaderCell	org.telegram.ui.Cells.k4
C	org.telegram.ui.Cells.LoadingCell	org.telegram.ui.Cells.q4
C	org.telegram.ui.Cells.LocationCell	org.telegram.ui.Cells.s4
C	org.telegram.ui.Cells.ManageChatUserCell	org.telegram.ui.Cells.z4
C	org.telegram.ui.Cells.MentionCell	org.telegram.ui.Cells.f5
C	org.telegram.ui.Cells.NotificationsCheckCell	org.telegram.ui.Cells.h5
C	org.telegram.ui.Cells.PhotoAttachPhotoCell$PhotoAttachPhotoCellDelegate	org.telegram.ui.Cells.q5
C	org.telegram.ui.Cells.PhotoAttachPhotoCell	org.telegram.ui.Cells.r5
C	org.telegram.ui.Cells.PhotoPickerPhotoCell	org.telegram.ui.Cells.x5
C	org.telegram.ui.Cells.PollCreateCheckCell	org.telegram.ui.Cells.y5
C	org.telegram.ui.Cells.PollEditTextCell	org.telegram.ui.Cells.a6
C	org.telegram.ui.Cells.ProfileChannelCell$ChannelMessageFetcher	org.telegram.ui.Cells.d6
C	org.telegram.ui.Cells.ProfileChannelCell	org.telegram.ui.bx0
C	org.telegram.ui.Cells.ProfileSearchCell	org.telegram.ui.Cells.f6
C	org.telegram.ui.Cells.RadioButtonCell	org.telegram.ui.Cells.g6
C	org.telegram.ui.Cells.RadioCell	org.telegram.ui.Cells.h6
C	org.telegram.ui.Cells.RadioColorCell	org.telegram.ui.Cells.i6
C	org.telegram.ui.Cells.ReactedUserHolderView	org.telegram.ui.Cells.k6
C	org.telegram.ui.Cells.SessionCell	org.telegram.ui.Cells.q6
C	org.telegram.ui.Cells.SettingsSearchCell$VerticalImageSpan	org.telegram.ui.Cells.s6
C	org.telegram.ui.Cells.SettingsSearchCell	org.telegram.ui.Cells.t6
C	org.telegram.ui.Cells.SlideIntChooseView$Options	org.telegram.ui.Cells.t7
C	org.telegram.ui.Cells.SlideIntChooseView	org.telegram.ui.Cells.u7
C	org.telegram.ui.Cells.StickerEmojiCell	org.telegram.ui.Cells.y7
C	org.telegram.ui.Cells.TextCell	org.telegram.ui.Cells.j8
C	org.telegram.ui.Cells.TextCheckCell2	org.telegram.ui.Cells.n8
C	org.telegram.ui.Cells.TextCheckCell	org.telegram.ui.Cells.o8
C	org.telegram.ui.Cells.TextColorCell	org.telegram.ui.Cells.q8
C	org.telegram.ui.Cells.TextDetailCell	org.telegram.ui.Cells.u8
C	org.telegram.ui.Cells.TextInfoPrivacyCell	org.telegram.ui.Cells.w8
C	org.telegram.ui.Cells.TextRadioCell	org.telegram.ui.Cells.y8
C	org.telegram.ui.Cells.TextSelectionHelper$ArticleSelectableView	org.telegram.ui.Cells.f9
C	org.telegram.ui.Cells.TextSelectionHelper$ArticleTextSelectionHelper	org.telegram.ui.Cells.g9
C	org.telegram.ui.Cells.TextSelectionHelper$ChatListTextSelectionHelper	org.telegram.ui.Cells.h9
C	org.telegram.ui.Cells.TextSelectionHelper$LayoutBlock	org.telegram.ui.Cells.j9
C	org.telegram.ui.Cells.TextSelectionHelper$ReplaceCopyTextSpannable	org.telegram.ui.Cells.m9
C	org.telegram.ui.Cells.TextSelectionHelper$SelectableView	org.telegram.ui.Cells.o9
C	org.telegram.ui.Cells.TextSelectionHelper$SimpleTextSelectionHelper	org.telegram.ui.sp0
C	org.telegram.ui.Cells.TextSelectionHelper$TextLayoutBlock	org.telegram.ui.Cells.r9
C	org.telegram.ui.Cells.TextSelectionHelper$TextSelectionOverlay	org.telegram.ui.Cells.s9
C	org.telegram.ui.Cells.TextSelectionHelper	org.telegram.ui.Cells.t9
C	org.telegram.ui.Cells.TextSettingsCell	org.telegram.ui.Cells.u9
C	org.telegram.ui.Cells.ThemeTypeCell	org.telegram.ui.Cells.z9
C	org.telegram.ui.Cells.UserCell	org.telegram.ui.Cells.oa
C	org.telegram.ui.Cells.UserInfoCell$Row	org.telegram.ui.Cells.pa
C	org.telegram.ui.Cells.UserInfoCell	org.telegram.ui.Cells.qa
C	org.telegram.ui.Cells.WallpaperCell$WallpaperView	org.telegram.ui.Cells.sa
C	org.telegram.ui.Cells.WallpaperCell	org.telegram.ui.Cells.ta
C	org.telegram.ui.ChannelMonetizationLayout$ProceedOverview	org.telegram.ui.od
C	org.telegram.ui.ChannelMonetizationLayout	org.telegram.ui.rd
C	org.telegram.ui.Charts.data.ChartData$Line	df.a
C	org.telegram.ui.Charts.data.ChartData	df.b
C	org.telegram.ui.ChatActivity$ChatActivityAdapter	org.telegram.ui.kl
C	org.telegram.ui.ChatActivity$ChatActivityDelegate	org.telegram.ui.ll
C	org.telegram.ui.ChatActivity$ChatActivityFragmentView	org.telegram.ui.ql
C	org.telegram.ui.ChatActivity$ChatActivityTextSelectionHelper	org.telegram.ui.rl
C	org.telegram.ui.ChatActivity$ChatListRecyclerView	org.telegram.ui.ui
C	org.telegram.ui.ChatActivity$ReplyQuote	org.telegram.ui.im
C	org.telegram.ui.ChatActivity$ThemeDelegate	org.telegram.ui.om
C	org.telegram.ui.ChatActivity	org.telegram.ui.qm
C	org.telegram.ui.ChatBackgroundDrawable	org.telegram.ui.sm
C	org.telegram.ui.ChatRightsEditActivity$ListAdapter	org.telegram.ui.bp
C	org.telegram.ui.ChatRightsEditActivity	org.telegram.ui.cp
C	org.telegram.ui.ChatUsersActivity$ListAdapter	org.telegram.ui.wp
C	org.telegram.ui.ChatUsersActivity$SearchAdapter	org.telegram.ui.zp
C	org.telegram.ui.ChatUsersActivity	org.telegram.ui.aq
C	org.telegram.ui.ChooseQualityLayout$QualityIcon	org.telegram.ui.eq
C	org.telegram.ui.CodeNumberField	org.telegram.ui.lq
C	org.telegram.ui.Components.AiButtonDrawable	org.telegram.ui.Components.j0
C	org.telegram.ui.Components.AlertsCreator	org.telegram.ui.Components.u4
C	org.telegram.ui.Components.AnimatedColor	org.telegram.ui.Components.x4
C	org.telegram.ui.Components.AnimatedEmojiDrawable$EmojiDocumentFetcher	org.telegram.ui.Components.c5
C	org.telegram.ui.Components.AnimatedEmojiDrawable$SwapAnimatedEmojiDrawable	org.telegram.ui.Components.e5
C	org.telegram.ui.Components.AnimatedEmojiDrawable	org.telegram.ui.Components.g5
C	org.telegram.ui.Components.AnimatedEmojiSpan$AnimatedEmojiHolder	org.telegram.ui.Components.k5
C	org.telegram.ui.Components.AnimatedEmojiSpan$EmojiGroupedSpans	org.telegram.ui.Components.l5
C	org.telegram.ui.Components.AnimatedEmojiSpan$InvalidateHolder	org.telegram.ui.Components.m5
C	org.telegram.ui.Components.AnimatedEmojiSpan$TextViewEmojis	org.telegram.ui.Components.o5
C	org.telegram.ui.Components.AnimatedEmojiSpan	org.telegram.ui.Components.p5
C	org.telegram.ui.Components.AnimatedFileBuffer	org.telegram.ui.Components.q5
C	org.telegram.ui.Components.AnimatedFileDrawable	org.telegram.ui.Components.t5
C	org.telegram.ui.Components.AnimatedFloat	org.telegram.ui.Components.u5
C	org.telegram.ui.Components.AnimatedLinearLayout$Holder	org.telegram.ui.Components.v5
C	org.telegram.ui.Components.AnimatedLinearLayout	org.telegram.ui.Components.w5
C	org.telegram.ui.Components.AnimatedTextView$AnimatedTextDrawable$Part	org.telegram.ui.Components.b6
C	org.telegram.ui.Components.AnimatedTextView$AnimatedTextDrawable	org.telegram.ui.Components.e6
C	org.telegram.ui.Components.AnimatedTextView	org.telegram.ui.Components.f6
C	org.telegram.ui.Components.AttachBotIntroTopView	org.telegram.ui.Components.m6
C	org.telegram.ui.Components.AttachableDrawable	org.telegram.ui.Components.n6
C	org.telegram.ui.Components.AudioPlayerAlert$ListAdapter	org.telegram.ui.Components.z7
C	org.telegram.ui.Components.AudioPlayerAlert	org.telegram.ui.Components.a8
C	org.telegram.ui.Components.AudioVisualizerDrawable	org.telegram.ui.Components.b8
C	org.telegram.ui.Components.AutoDeletePopupWrapper$Callback	org.telegram.ui.Components.e8
C	org.telegram.ui.Components.AutoDeletePopupWrapper	org.telegram.ui.Components.f8
C	org.telegram.ui.Components.AvatarDrawable	org.telegram.ui.Components.w8
C	org.telegram.ui.Components.AvatarsDrawable$DrawingState	org.telegram.ui.Components.x8
C	org.telegram.ui.Components.AvatarsDrawable	org.telegram.ui.Components.y8
C	org.telegram.ui.Components.AvatarsImageView	org.telegram.ui.Components.z8
C	org.telegram.ui.Components.AvatarsListDrawable	org.telegram.ui.Components.b9
C	org.telegram.ui.Components.BackgroundGradientDrawable$Disposable	org.telegram.ui.Components.k9
C	org.telegram.ui.Components.BackgroundGradientDrawable	org.telegram.ui.Components.l9
C	org.telegram.ui.Components.BackupImageView	org.telegram.ui.Components.m9
C	org.telegram.ui.Components.BadgeLevelDrawable	org.telegram.ui.Components.n9
C	org.telegram.ui.Components.BatchParticlesDrawHelper$BatchParticlesBuffer	d0.h0
C	org.telegram.ui.Components.BatchParticlesDrawHelper	f0.a
C	org.telegram.ui.Components.BitmapShaderTools	com.google.firebase.messaging.k
C	org.telegram.ui.Components.BlobDrawable	org.telegram.ui.Components.r9
C	org.telegram.ui.Components.BlurredRecyclerView	org.telegram.ui.Components.x9
C	org.telegram.ui.Components.BlurringShader$BlurManager	org.telegram.ui.Components.y9
C	org.telegram.ui.Components.BlurringShader$Program	org.telegram.ui.Components.z9
C	org.telegram.ui.Components.BlurringShader$StoryBlurDrawer	org.telegram.ui.Components.ca
C	org.telegram.ui.Components.BlurringShader$ThumbBlurer	org.telegram.ui.Components.da
C	org.telegram.ui.Components.BlurringShader	org.telegram.ui.Components.ea
C	org.telegram.ui.Components.BottomSheetWithRecyclerListView	org.telegram.ui.Components.qa
C	org.telegram.ui.Components.BubbleCounterPath	t7.g0
C	org.telegram.ui.Components.Bulletin$Button	org.telegram.ui.Components.bb
C	org.telegram.ui.Components.Bulletin$ButtonLayout	org.telegram.ui.Components.cb
C	org.telegram.ui.Components.Bulletin$Delegate	org.telegram.ui.Components.db
C	org.telegram.ui.Components.Bulletin$Layout$Callback	org.telegram.ui.Components.gb
C	org.telegram.ui.Components.Bulletin$Layout	org.telegram.ui.Components.kb
C	org.telegram.ui.Components.Bulletin$LottieLayout	org.telegram.ui.Components.nb
C	org.telegram.ui.Components.Bulletin$TimerView	org.telegram.ui.Components.xb
C	org.telegram.ui.Components.Bulletin$TwoLineBackupLayout	org.telegram.ui.Components.zb
C	org.telegram.ui.Components.Bulletin	org.telegram.ui.Components.ec
C	org.telegram.ui.Components.BulletinFactory$FileType$Icon	org.telegram.ui.Components.jc
C	org.telegram.ui.Components.BulletinFactory$FileType	org.telegram.ui.Components.kc
C	org.telegram.ui.Components.BulletinFactory	org.telegram.ui.Components.lc
C	org.telegram.ui.Components.ButtonBounce	org.telegram.ui.Components.mc
C	org.telegram.ui.Components.CanvasButton	org.telegram.ui.Components.sc
C	org.telegram.ui.Components.CapsuleBlobDrawable$Layer	org.telegram.ui.Components.uc
C	org.telegram.ui.Components.CapsuleBlobDrawable	org.telegram.ui.Components.vc
C	org.telegram.ui.Components.CastMediaRouteButton	org.telegram.ui.Components.k7
C	org.telegram.ui.Components.ChatActivityEnterTopView$EditView	org.telegram.ui.Components.zc
C	org.telegram.ui.Components.ChatActivityEnterTopView$EditViewButton	org.telegram.ui.Components.ad
C	org.telegram.ui.Components.ChatActivityEnterView$ChatActivityEnterViewDelegate	org.telegram.ui.Components.zf
C	org.telegram.ui.Components.ChatActivityEnterView$ControlsView	org.telegram.ui.Components.dg
C	org.telegram.ui.Components.ChatActivityEnterView$SlowModeBtn	org.telegram.ui.Components.ig
C	org.telegram.ui.Components.ChatActivityEnterView$TimerView	org.telegram.ui.Components.jg
C	org.telegram.ui.Components.ChatActivityEnterViewAnimatedIconView$State	org.telegram.ui.Components.lg
C	org.telegram.ui.Components.ChatActivityEnterViewAnimatedIconView$TransitState	org.telegram.ui.Components.mg
C	org.telegram.ui.Components.ChatActivityEnterViewAnimatedIconView	org.telegram.ui.Components.ng
C	org.telegram.ui.Components.ChatActivityInterface	org.telegram.ui.Components.og
C	org.telegram.ui.Components.ChatActivityTopPanelLayout	org.telegram.ui.Components.pg
C	org.telegram.ui.Components.ChatAttachAlert$AttachAlertLayout	org.telegram.ui.Components.ai
C	org.telegram.ui.Components.ChatAttachAlert$ButtonsAdapter	org.telegram.ui.Components.fi
C	org.telegram.ui.Components.ChatAttachAlert$ChatAttachViewDelegate	org.telegram.ui.Components.gi
C	org.telegram.ui.Components.ChatAttachAlert	org.telegram.ui.Components.ii
C	org.telegram.ui.Components.ChatAttachAlertContactsLayout$ShareAdapter	org.telegram.ui.Components.hj
C	org.telegram.ui.Components.ChatAttachAlertContactsLayout$UserCell	org.telegram.ui.Components.mj
C	org.telegram.ui.Components.ChatAttachAlertContactsLayout	org.telegram.ui.Components.nj
C	org.telegram.ui.Components.ChatAttachAlertEmojiLayout	org.telegram.ui.Components.hk
C	org.telegram.ui.Components.ChatAttachAlertLocationLayout$MapOverlayView	org.telegram.ui.Components.vk
C	org.telegram.ui.Components.ChatAttachAlertLocationLayout	org.telegram.ui.Components.yk
C	org.telegram.ui.Components.ChatAttachAlertPhotoLayout$CameraViewInternal	org.telegram.ui.Components.xl
C	org.telegram.ui.Components.ChatAttachAlertPhotoLayout$PhotoAttachAdapter	org.telegram.ui.Components.bm
C	org.telegram.ui.Components.ChatAttachAlertPhotoLayoutPreview	org.telegram.ui.Components.lm
C	org.telegram.ui.Components.ChatAttachAlertPollLayout$ListAdapter	org.telegram.ui.Components.kn
C	org.telegram.ui.Components.ChatAttachAlertPollLayout$ToggleRow	j7.i0
C	org.telegram.ui.Components.ChatAttachAlertPollLayout	org.telegram.ui.Components.mn
C	org.telegram.ui.Components.ChatAttachRestrictedLayout	org.telegram.ui.Components.nn
C	org.telegram.ui.Components.ChatAvatarContainer	org.telegram.ui.Components.un
C	org.telegram.ui.Components.ChatReplyContainer$Layout	org.telegram.ui.Components.ho
C	org.telegram.ui.Components.ChatScrimPopupContainerLayout	org.telegram.ui.Components.jo
C	org.telegram.ui.Components.ChatThemeBottomSheet$ChatThemeItem	org.telegram.ui.Components.cp
C	org.telegram.ui.Components.CheckBox2	org.telegram.ui.Components.ep
C	org.telegram.ui.Components.CheckBoxBase$ProgressDelegate	org.telegram.ui.Components.fp
C	org.telegram.ui.Components.CircleBezierDrawable	org.telegram.ui.Components.jp
C	org.telegram.ui.Components.CircularProgressDrawable	org.telegram.ui.Components.kp
C	org.telegram.ui.Components.ColorPicker$ColorPickerDelegate	org.telegram.ui.Components.aq
C	org.telegram.ui.Components.ColorPicker	org.telegram.ui.Components.bq
C	org.telegram.ui.Components.ColoredImageSpan	org.telegram.ui.Components.dq
C	org.telegram.ui.Components.CombinedDrawable	org.telegram.ui.Components.eq
C	org.telegram.ui.Components.ContextProgressView	org.telegram.ui.Components.iq
C	org.telegram.ui.Components.CornerPath	org.telegram.ui.Components.jq
C	org.telegram.ui.Components.CounterView$CounterDrawable	org.telegram.ui.Components.kq
C	org.telegram.ui.Components.Crop.CropRotationWheel$RotationWheelListener	ff.e
C	org.telegram.ui.Components.Crop.CropRotationWheel	ff.f
C	org.telegram.ui.Components.Crop.CropView$CropState	ff.n
C	org.telegram.ui.Components.Crop.CropView	ff.p
C	org.telegram.ui.Components.CrossOutDrawable	org.telegram.ui.Components.br
C	org.telegram.ui.Components.CrossfadeDrawable	org.telegram.ui.Components.dr
C	org.telegram.ui.Components.CubicBezierInterpolator	org.telegram.ui.Components.er
C	org.telegram.ui.Components.CustomPhoneKeyboardView	org.telegram.ui.Components.jr
C	org.telegram.ui.Components.CustomPopupMenu	org.telegram.ui.Components.mr
C	org.telegram.ui.Components.DialogCellTags$Tag	org.telegram.ui.Components.vr
C	org.telegram.ui.Components.DialogCellTags	org.telegram.ui.Components.wr
C	org.telegram.ui.Components.DialogsActivityStatusLayout	org.telegram.ui.Components.xr
C	org.telegram.ui.Components.DialogsActivityTopBubblesFadeView	org.telegram.ui.Components.yr
C	org.telegram.ui.Components.DialogsActivityTopPanelLayout	org.telegram.ui.Components.zr
C	org.telegram.ui.Components.DotDividerSpan	org.telegram.ui.Components.ps
C	org.telegram.ui.Components.EdgeEffectTrackerFactory	org.telegram.ui.Components.zs
C	org.telegram.ui.Components.EditTextEffects	org.telegram.ui.Components.pt
C	org.telegram.ui.Components.EditTextEmoji	org.telegram.ui.Components.vt
C	org.telegram.ui.Components.EllipsizeSpanAnimator	com.google.firebase.messaging.j
C	org.telegram.ui.Components.EmojiPacksAlert$EmojiPacksLoader	org.telegram.ui.Components.xu
C	org.telegram.ui.Components.EmojiPacksAlert	org.telegram.ui.Components.av
C	org.telegram.ui.Components.EmojiTabsStrip$EmojiTabButton	org.telegram.ui.Components.fv
C	org.telegram.ui.Components.EmojiTabsStrip$EmojiTabsView	org.telegram.ui.Components.hv
C	org.telegram.ui.Components.EmojiTabsStrip	org.telegram.ui.Components.jv
C	org.telegram.ui.Components.EmojiView$CustomEmoji	org.telegram.ui.Components.nw
C	org.telegram.ui.Components.EmojiView$EmojiPack	org.telegram.ui.Components.uw
C	org.telegram.ui.Components.EmojiView$EmojiViewDelegate	org.telegram.ui.Components.gx
C	org.telegram.ui.Components.EmojiView	org.telegram.ui.Components.ey
C	org.telegram.ui.Components.EmptyTextProgressView	org.telegram.ui.Components.gy
C	org.telegram.ui.Components.FillLastLinearLayoutManager	bf.r0
C	org.telegram.ui.Components.FilledTabsView	org.telegram.ui.Components.ky
C	org.telegram.ui.Components.FilterGLThread	org.telegram.ui.Components.py
C	org.telegram.ui.Components.FilterShaders	org.telegram.ui.Components.ty
C	org.telegram.ui.Components.FireworksOverlay	org.telegram.ui.Components.lz
C	org.telegram.ui.Components.FlickerLoadingView	org.telegram.ui.Components.oz
C	org.telegram.ui.Components.ForegroundColorSpanThemable	org.telegram.ui.Components.a00
C	org.telegram.ui.Components.ForegroundDetector$Listener	org.telegram.ui.Components.b00
C	org.telegram.ui.Components.ForegroundDetector	org.telegram.ui.Components.c00
C	org.telegram.ui.Components.FormattedDateSpan	org.telegram.ui.Components.d00
C	org.telegram.ui.Components.Forum.ForumBubbleDrawable	hf.a
C	org.telegram.ui.Components.Forum.ForumUtilities$GeneralTopicDrawable	hf.c
C	org.telegram.ui.Components.Forum.ForumUtilities	hf.d
C	org.telegram.ui.Components.FragmentContextViewWavesDrawable$WeavingState	org.telegram.ui.Components.s00
C	org.telegram.ui.Components.FragmentContextViewWavesDrawable	org.telegram.ui.Components.t00
C	org.telegram.ui.Components.FragmentFloatingButton	org.telegram.ui.Components.v00
C	org.telegram.ui.Components.FragmentSearchField	org.telegram.ui.hw
C	org.telegram.ui.Components.FragmentSpansContainer	org.telegram.ui.r40
C	org.telegram.ui.Components.GestureDetector2$OnGestureListener	org.telegram.ui.Components.g10
C	org.telegram.ui.Components.GestureDetector2	org.telegram.ui.Components.h10
C	org.telegram.ui.Components.GradientTools	org.telegram.ui.Components.m10
C	org.telegram.ui.Components.GroupCallFullscreenAdapter$GroupCallUserCell	org.telegram.ui.Components.q10
C	org.telegram.ui.Components.GroupCreateSpan	org.telegram.ui.Components.j20
C	org.telegram.ui.Components.GroupedPhotosListView	org.telegram.ui.Components.r20
C	org.telegram.ui.Components.HideViewAfterAnimation	af.n2
C	org.telegram.ui.Components.HintEditText	org.telegram.ui.Components.a30
C	org.telegram.ui.Components.HintView	org.telegram.ui.Components.d30
C	org.telegram.ui.Components.HorizontalRoundTabsLayout	org.telegram.ui.Components.g30
C	org.telegram.ui.Components.ImageUpdater$AvatarFor	org.telegram.ui.Components.n30
C	org.telegram.ui.Components.ImageUpdater$ImageUpdaterDelegate	org.telegram.ui.Components.o30
C	org.telegram.ui.Components.ImageUpdater	org.telegram.ui.Components.p30
C	org.telegram.ui.Components.InstantCameraView$AudioBufferInfo	org.telegram.ui.Components.g40
C	org.telegram.ui.Components.ItemOptions	org.telegram.ui.Components.e60
C	org.telegram.ui.Components.LayoutHelper	t7.i0
C	org.telegram.ui.Components.LinkPath	org.telegram.ui.Components.k70
C	org.telegram.ui.Components.LinkSpanDrawable$LinkCollector	org.telegram.ui.Components.n70
C	org.telegram.ui.Components.LinkSpanDrawable$LinksTextView	org.telegram.ui.Components.q70
C	org.telegram.ui.Components.LinkSpanDrawable	org.telegram.ui.Components.r70
C	org.telegram.ui.Components.ListView.AdapterWithDiffUtils$Item	jf.a
C	org.telegram.ui.Components.ListView.AdapterWithDiffUtils	jf.b
C	org.telegram.ui.Components.LivePhotoButton	org.telegram.ui.Components.s70
C	org.telegram.ui.Components.LoadingDrawable	org.telegram.ui.Components.u70
C	org.telegram.ui.Components.MediaActionDrawable	org.telegram.ui.Components.g80
C	org.telegram.ui.Components.MessagePreviewView$RLottieToggleDrawable	org.telegram.ui.Components.t90
C	org.telegram.ui.Components.MessagePreviewView$ToggleButton	org.telegram.ui.Components.x90
C	org.telegram.ui.Components.MessagePreviewView	org.telegram.ui.Components.y90
C	org.telegram.ui.Components.MessageSeenCheckDrawable	org.telegram.ui.Components.da0
C	org.telegram.ui.Components.MotionBackgroundDrawable	org.telegram.ui.Components.fa0
C	org.telegram.ui.Components.MotionBackgroundPaint$AgslImpl$RuntimeShaderState	org.telegram.ui.Components.ha0
C	org.telegram.ui.Components.MotionBackgroundPaint$AgslImpl	org.telegram.ui.Components.ia0
C	org.telegram.ui.Components.MotionBackgroundPaint$BitmapShaderState	org.telegram.ui.Components.ja0
C	org.telegram.ui.Components.MotionBackgroundPaint	org.telegram.ui.Components.ka0
C	org.telegram.ui.Components.MsgClockDrawable	org.telegram.ui.Components.na0
C	org.telegram.ui.Components.NoClipCanvas	org.telegram.ui.Components.ra0
C	org.telegram.ui.Components.NumberPicker$PressedStateHelper	org.telegram.ui.Components.xa0
C	org.telegram.ui.Components.NumberPicker	org.telegram.ui.Components.ya0
C	org.telegram.ui.Components.OutlineTextContainerView	org.telegram.ui.Components.db0
C	org.telegram.ui.Components.Paint.PaintTypeface	kf.m0
C	org.telegram.ui.Components.Paint.PersistColorPalette	kf.w0
C	org.telegram.ui.Components.Paint.Shader	kf.i1
C	org.telegram.ui.Components.Paint.Views.EditTextOutline	lf.b
C	org.telegram.ui.Components.Paint.Views.LinkPreview$WebPagePreview	lf.z0
C	org.telegram.ui.Components.Paint.Views.LinkPreview	lf.a1
C	org.telegram.ui.Components.Paint.Views.LocationMarker	lf.e1
C	org.telegram.ui.Components.Paint.Views.StickerCutOutBtn	lf.q2
C	org.telegram.ui.Components.Paint.Views.StickerMakerBackgroundView	org.telegram.ui.a2
C	org.telegram.ui.Components.Paint.Views.StickerMakerView$SegmentedObject	lf.y2
C	org.telegram.ui.Components.Paint.Views.StickerMakerView$StickerUploader	lf.z2
C	org.telegram.ui.Components.Paint.Views.StickerMakerView	lf.b3
C	org.telegram.ui.Components.PaintingOverlay	org.telegram.ui.Components.kb0
C	org.telegram.ui.Components.PasscodeViewDialog	org.telegram.ui.Components.zb0
C	org.telegram.ui.Components.PathAnimator$CurveTo	org.telegram.ui.Components.ac0
C	org.telegram.ui.Components.PathAnimator$KeyFrame	org.telegram.ui.Components.bc0
C	org.telegram.ui.Components.PathAnimator$LineTo	org.telegram.ui.Components.cc0
C	org.telegram.ui.Components.PathAnimator$MoveTo	org.telegram.ui.Components.dc0
C	org.telegram.ui.Components.PathAnimator	org.telegram.ui.Components.ec0
C	org.telegram.ui.Components.PermanentLinkBottomSheet	org.telegram.ui.Components.fc0
C	org.telegram.ui.Components.PermissionRequest	org.telegram.ui.Components.ic0
C	org.telegram.ui.Components.PhotoBubbleClip	org.telegram.ui.Components.vc0
C	org.telegram.ui.Components.PhotoCropView	org.telegram.ui.Components.ad0
C	org.telegram.ui.Components.PhotoFilterCurvesControl	org.telegram.ui.Components.gd0
C	org.telegram.ui.Components.PhotoFilterView$CurvesToolValue	org.telegram.ui.Components.ld0
C	org.telegram.ui.Components.PhotoFilterView$CurvesValue	org.telegram.ui.Components.md0
C	org.telegram.ui.Components.PhotoFilterView	org.telegram.ui.Components.pd0
C	org.telegram.ui.Components.PhotoViewerCoverEditor	org.telegram.ui.Components.qd0
C	org.telegram.ui.Components.PhotoViewerWebView	org.telegram.ui.Components.xd0
C	org.telegram.ui.Components.PickerBottomLayoutViewer	org.telegram.ui.Components.zd0
C	org.telegram.ui.Components.PlayPauseDrawable	org.telegram.ui.Components.oe0
C	org.telegram.ui.Components.PopupAudioView	org.telegram.ui.Components.ze0
C	org.telegram.ui.Components.PopupSwipeBackLayout	org.telegram.ui.Components.df0
C	org.telegram.ui.Components.Premium.GLIcon.GLIconRenderer	nf.a
C	org.telegram.ui.Components.Premium.GLIcon.GLIconTextureView	nf.h
C	org.telegram.ui.Components.Premium.GLIcon.Icon3D	nf.i
C	org.telegram.ui.Components.Premium.LimitPreviewView$CounterView$AnimatedLayout	mf.u
C	org.telegram.ui.Components.Premium.LimitPreviewView$CounterView	mf.v
C	org.telegram.ui.Components.Premium.LimitReachedBottomSheet$LimitParams	androidx.emoji2.text.p
C	org.telegram.ui.Components.Premium.LimitReachedBottomSheet	mf.p0
C	org.telegram.ui.Components.Premium.PremiumFeatureBottomSheet	mf.g1
C	org.telegram.ui.Components.Premium.PremiumGradient$InternalDrawable	mf.h1
C	org.telegram.ui.Components.Premium.PremiumGradient$PremiumGradientTools	mf.i1
C	org.telegram.ui.Components.Premium.PremiumGradient	mf.j1
C	org.telegram.ui.Components.Premium.PremiumLockIconView	mf.k1
C	org.telegram.ui.Components.Premium.PremiumTierCell	mf.a2
C	org.telegram.ui.Components.Premium.StarParticlesView$Drawable$Particle	mf.f2
C	org.telegram.ui.Components.Premium.StarParticlesView$Drawable	mf.g2
C	org.telegram.ui.Components.Premium.StarParticlesView	mf.h2
C	org.telegram.ui.Components.Premium.boosts.BoostDialogs	of.o
C	org.telegram.ui.Components.Premium.boosts.BoostRepository	of.h0
C	org.telegram.ui.Components.Premium.boosts.UserSelectorBottomSheet	of.h2
C	org.telegram.ui.Components.Premium.boosts.cells.msg.GiveawayMessageCell	rf.a
C	org.telegram.ui.Components.Premium.boosts.cells.msg.GiveawayResultsMessageCell	rf.c
C	org.telegram.ui.Components.ProfileActionsView$Action	org.telegram.ui.Components.jf0
C	org.telegram.ui.Components.ProfileActionsView$OnActionClickListener	org.telegram.ui.Components.lf0
C	org.telegram.ui.Components.ProfileActionsView	org.telegram.ui.Components.mf0
C	org.telegram.ui.Components.ProfileGalleryBlurView	org.telegram.ui.Components.of0
C	org.telegram.ui.Components.ProfileMetaballView$BlurBitmapHolder	org.telegram.ui.Components.cg0
C	org.telegram.ui.Components.ProfileMusicView	org.telegram.ui.Components.eg0
C	org.telegram.ui.Components.ProgressView	org.telegram.ui.Components.hg0
C	org.telegram.ui.Components.ProximitySheet	org.telegram.ui.Components.kg0
C	org.telegram.ui.Components.ProxyDrawable	org.telegram.ui.Components.lg0
C	org.telegram.ui.Components.PullForegroundDrawable	org.telegram.ui.Components.og0
C	org.telegram.ui.Components.QuoteHighlight$Rect	org.telegram.ui.Components.tg0
C	org.telegram.ui.Components.QuoteHighlight	org.telegram.ui.Components.ug0
C	org.telegram.ui.Components.QuoteSpan$QuoteStyleSpan	org.telegram.ui.Components.yg0
C	org.telegram.ui.Components.QuoteSpan	org.telegram.ui.Components.zg0
C	org.telegram.ui.Components.RLottieDrawable	org.telegram.ui.Components.fh0
C	org.telegram.ui.Components.RLottieImageView	org.telegram.ui.Components.gh0
C	org.telegram.ui.Components.RadialProgress	org.telegram.ui.Components.hh0
C	org.telegram.ui.Components.ReactedUsersListView$ContainerLinerLayout	org.telegram.ui.Components.qh0
C	org.telegram.ui.Components.ReactionTabHolderView	org.telegram.ui.Components.vh0
C	org.telegram.ui.Components.Reactions.AnimatedEmojiEffect	uf.d
C	org.telegram.ui.Components.Reactions.ChatSelectionReactionMenuOverlay	uf.t
C	org.telegram.ui.Components.Reactions.CustomEmojiReactionsWindow	uf.b0
C	org.telegram.ui.Components.Reactions.HwEmojis	uf.e0
C	org.telegram.ui.Components.Reactions.ReactionsLayoutInBubble$ReactionButton	uf.m0
C	org.telegram.ui.Components.Reactions.ReactionsLayoutInBubble$VisibleReaction	uf.o0
C	org.telegram.ui.Components.Reactions.ReactionsLayoutInBubble	uf.p0
C	org.telegram.ui.Components.Reactions.ReactionsUtils	t7.a8
C	org.telegram.ui.Components.ReactionsContainerLayout$ReactionsContainerDelegate	org.telegram.ui.Components.ki0
C	org.telegram.ui.Components.ReactionsContainerLayout	org.telegram.ui.Components.li0
C	org.telegram.ui.Components.RecordedAudioPlayerView	org.telegram.ui.Components.mi0
C	org.telegram.ui.Components.RectOld	org.telegram.ui.Components.ni0
C	org.telegram.ui.Components.RecyclerItemsEnterAnimator	org.telegram.ui.Components.ui0
C	org.telegram.ui.Components.RecyclerListView$FastScroll	org.telegram.ui.Components.xi0
C	org.telegram.ui.Components.RecyclerListView$ListSectionsDecoration	org.telegram.ui.Components.cj0
C	org.telegram.ui.Components.RecyclerListView$OnItemClickListener	org.telegram.ui.Components.ej0
C	org.telegram.ui.Components.RecyclerListView$OnItemClickListenerExtended	org.telegram.ui.Components.fj0
C	org.telegram.ui.Components.RecyclerListView$OnItemLongClickListener	org.telegram.ui.Components.gj0
C	org.telegram.ui.Components.RecyclerListView	org.telegram.ui.Components.oj0
C	org.telegram.ui.Components.RecyclerViewItemRangeSelector	org.telegram.ui.Components.qj0
C	org.telegram.ui.Components.ReplaceableIconDrawable	org.telegram.ui.Components.tj0
C	org.telegram.ui.Components.ReplyMessageLine$IconCoords	org.telegram.ui.Components.uj0
C	org.telegram.ui.Components.ReplyMessageLine	org.telegram.ui.Components.vj0
C	org.telegram.ui.Components.ScaleStateListAnimator	t7.w5
C	org.telegram.ui.Components.ScamDrawable	org.telegram.ui.Components.ak0
C	org.telegram.ui.Components.ScrimOptions	org.telegram.ui.Components.dk0
C	org.telegram.ui.Components.ScrollSlidingTextTabStrip$ScrollSlidingTabStripDelegate	org.telegram.ui.Components.ok0
C	org.telegram.ui.Components.ScrollableHorizontalScrollView	org.telegram.ui.Components.pk0
C	org.telegram.ui.Components.Scroller	org.telegram.ui.Components.qk0
C	org.telegram.ui.Components.SearchDownloadsContainer$DownloadsAdapter	org.telegram.ui.Components.wk0
C	org.telegram.ui.Components.SearchDownloadsContainer	org.telegram.ui.Components.xk0
C	org.telegram.ui.Components.SearchViewPager	org.telegram.ui.Components.wl0
C	org.telegram.ui.Components.SeekBar	org.telegram.ui.Components.zl0
C	org.telegram.ui.Components.SeekBarView$SeekBarViewDelegate	org.telegram.ui.Components.cm0
C	org.telegram.ui.Components.SeekBarWaveform	org.telegram.ui.Components.gm0
C	org.telegram.ui.Components.SeekSpeedDrawable	org.telegram.ui.Components.im0
C	org.telegram.ui.Components.ShareTopView$Layout	org.telegram.ui.Components.eo0
C	org.telegram.ui.Components.ShareTopView	org.telegram.ui.Components.go0
C	org.telegram.ui.Components.SharedMediaLayout$Period	org.telegram.ui.Components.yq0
C	org.telegram.ui.Components.SharedMediaLayout$SharedMediaData	org.telegram.ui.Components.mr0
C	org.telegram.ui.Components.SharedMediaLayout$SharedMediaPreloader	org.telegram.ui.Components.pr0
C	org.telegram.ui.Components.SharedMediaLayout$SharedMediaPreloaderDelegate	org.telegram.ui.Components.qr0
C	org.telegram.ui.Components.ShutterButton$ShutterButtonDelegate	org.telegram.ui.Components.as0
C	org.telegram.ui.Components.ShutterButton$State	org.telegram.ui.Components.bs0
C	org.telegram.ui.Components.SimpleFloatPropertyCompat$Getter	org.telegram.ui.Components.ds0
C	org.telegram.ui.Components.SimpleFloatPropertyCompat	org.telegram.ui.Components.fs0
C	org.telegram.ui.Components.SimpleThemeDescription	t7.x5
C	org.telegram.ui.Components.SizeNotifierFrameLayout$SizeNotifierFrameLayoutDelegate	org.telegram.ui.Components.ms0
C	org.telegram.ui.Components.SizeNotifierFrameLayout	org.telegram.ui.Components.ns0
C	org.telegram.ui.Components.SizeNotifierFrameLayoutPhoto	org.telegram.ui.Components.os0
C	org.telegram.ui.Components.SlideChooseView$Callback	org.telegram.ui.Components.qs0
C	org.telegram.ui.Components.SlideChooseView	org.telegram.ui.Components.rs0
C	org.telegram.ui.Components.SnowflakesEffect	org.telegram.ui.Components.ys0
C	org.telegram.ui.Components.SquigglyLinesSpan	org.telegram.ui.Components.zs0
C	org.telegram.ui.Components.StarRatingView$Colors	org.telegram.ui.Components.et0
C	org.telegram.ui.Components.StarRatingView	org.telegram.ui.Components.gt0
C	org.telegram.ui.Components.StatusDrawable	org.telegram.ui.Components.it0
C	org.telegram.ui.Components.StickerEmptyView	org.telegram.ui.Components.vt0
C	org.telegram.ui.Components.StickerImageView	org.telegram.ui.Components.wt0
C	org.telegram.ui.Components.SuggestEmojiView	org.telegram.ui.Components.gv0
C	org.telegram.ui.Components.TableLayout$Alignment	org.telegram.ui.Components.pv0
C	org.telegram.ui.Components.TableLayout$Bounds	org.telegram.ui.Components.uv0
C	org.telegram.ui.Components.TableLayout$CellText	org.telegram.ui.Components.vv0
C	org.telegram.ui.Components.TableLayout$Child	org.telegram.ui.Components.wv0
C	org.telegram.ui.Components.TableLayout$Interval	org.telegram.ui.Components.xv0
C	org.telegram.ui.Components.TableLayout$LayoutParams	org.telegram.ui.Components.yv0
C	org.telegram.ui.Components.TableLayout$Spec	org.telegram.ui.Components.aw0
C	org.telegram.ui.Components.TableLayout	org.telegram.ui.Components.dw0
C	org.telegram.ui.Components.TableView	org.telegram.ui.Components.iw0
C	org.telegram.ui.Components.Text	org.telegram.ui.Components.xw0
C	org.telegram.ui.Components.TextHelper	t7.y5
C	org.telegram.ui.Components.TextPaintImageReceiverSpan	org.telegram.ui.Components.yw0
C	org.telegram.ui.Components.TextPaintUrlSpan	org.telegram.ui.Components.bx0
C	org.telegram.ui.Components.TextStyleSpan$TextStyleRun	org.telegram.ui.Components.fx0
C	org.telegram.ui.Components.TextStyleSpan	org.telegram.ui.Components.gx0
C	org.telegram.ui.Components.TextViewSwitcher	org.telegram.ui.Components.hx0
C	org.telegram.ui.Components.ThanosEffect	org.telegram.ui.Components.ox0
C	org.telegram.ui.Components.ThemeEditorView$EditorAlert$ColorPicker	org.telegram.ui.Components.ay0
C	org.telegram.ui.Components.ThemeEditorView$EditorAlert$SearchAdapter	org.telegram.ui.Components.dy0
C	org.telegram.ui.Components.ThemeEditorView$EditorAlert$SearchField	org.telegram.ui.Components.hy0
C	org.telegram.ui.Components.TimerDrawable	org.telegram.ui.Components.ny0
C	org.telegram.ui.Components.TimerParticles	org.telegram.ui.Components.py0
C	org.telegram.ui.Components.TopicSeparator	org.telegram.ui.Components.ty0
C	org.telegram.ui.Components.TopicsTabsView$Position	org.telegram.ui.Components.kz0
C	org.telegram.ui.Components.TopicsTabsView	org.telegram.ui.Components.oz0
C	org.telegram.ui.Components.TornEdge$Params	org.telegram.ui.Components.pz0
C	org.telegram.ui.Components.TranscribeButton	org.telegram.ui.Components.vz0
C	org.telegram.ui.Components.TransformableLoginButtonView	org.telegram.ui.Components.wz0
C	org.telegram.ui.Components.TranslateAlert2$PaddedAdapter	org.telegram.ui.Components.i01
C	org.telegram.ui.Components.TranslateAlert2	org.telegram.ui.Components.j01
C	org.telegram.ui.Components.TypefaceSpan	org.telegram.ui.Components.n11
C	org.telegram.ui.Components.TypingDotsDrawable	org.telegram.ui.Components.o11
C	org.telegram.ui.Components.UItem$UItemFactory	org.telegram.ui.Components.p11
C	org.telegram.ui.Components.UItem	org.telegram.ui.Components.q11
C	org.telegram.ui.Components.URLSpanBotCommand	org.telegram.ui.Components.r11
C	org.telegram.ui.Components.URLSpanBrowser	org.telegram.ui.Components.s11
C	org.telegram.ui.Components.URLSpanNoUnderline	org.telegram.ui.Components.u11
C	org.telegram.ui.Components.URLSpanReplacement	org.telegram.ui.Components.w11
C	org.telegram.ui.Components.URLSpanUserMention	org.telegram.ui.Components.x11
C	org.telegram.ui.Components.UniversalAdapter$Section	org.telegram.ui.Components.c21
C	org.telegram.ui.Components.UniversalAdapter	org.telegram.ui.Components.e21
C	org.telegram.ui.Components.UniversalFragment	org.telegram.ui.Components.h21
C	org.telegram.ui.Components.UniversalRecyclerView	org.telegram.ui.Components.n21
C	org.telegram.ui.Components.UnreadCounterTextView	org.telegram.ui.sj
C	org.telegram.ui.Components.UnsupportedBlockDrawable	org.telegram.ui.Components.q21
C	org.telegram.ui.Components.VectorAvatarThumbDrawable	org.telegram.ui.Components.u21
C	org.telegram.ui.Components.VerticalPositionAutoAnimator	of.s
C	org.telegram.ui.Components.VideoCompressButton	org.telegram.ui.Components.w21
C	org.telegram.ui.Components.VideoEditTextureView$VideoEditTextureViewDelegate	org.telegram.ui.Components.x21
C	org.telegram.ui.Components.VideoEditTextureView	org.telegram.ui.Components.y21
C	org.telegram.ui.Components.VideoPlayer$Quality	org.telegram.ui.Components.g31
C	org.telegram.ui.Components.VideoPlayer$VideoPlayerDelegate	org.telegram.ui.Components.h31
C	org.telegram.ui.Components.VideoPlayer$VideoUri	org.telegram.ui.Components.i31
C	org.telegram.ui.Components.VideoPlayer	org.telegram.ui.Components.k31
C	org.telegram.ui.Components.VideoPlayerSeekBar	org.telegram.ui.Components.m31
C	org.telegram.ui.Components.VideoTimelineView$TimeHintView	org.telegram.ui.Components.x31
C	org.telegram.ui.Components.VideoTimelineView$VideoTimelineViewDelegate	org.telegram.ui.Components.y31
C	org.telegram.ui.Components.VideoTimelineView	org.telegram.ui.Components.z31
C	org.telegram.ui.Components.ViewPagerFixed$Adapter	org.telegram.ui.Components.e41
C	org.telegram.ui.Components.ViewPagerFixed$TabsView$TabsViewDelegate	org.telegram.ui.Components.l41
C	org.telegram.ui.Components.ViewPagerFixed$TabsView	org.telegram.ui.Components.m41
C	org.telegram.ui.Components.WallpaperCheckBoxView	org.telegram.ui.Components.o41
C	org.telegram.ui.Components.WallpaperParallaxEffect	org.telegram.ui.Components.q41
C	org.telegram.ui.Components.WallpaperUpdater$WallpaperUpdaterDelegate	org.telegram.ui.Components.t41
C	org.telegram.ui.Components.WallpaperUpdater	org.telegram.ui.Components.u41
C	org.telegram.ui.Components.WebPlayerView$CallJavaResultInterface	org.telegram.ui.Components.w41
C	org.telegram.ui.Components.ZoomControlView$ZoomControlViewDelegate	org.telegram.ui.Components.h51
C	org.telegram.ui.Components.ZoomControlView	org.telegram.ui.Components.i51
C	org.telegram.ui.Components.blur3.BlurredBackgroundDrawableViewFactory	vf.a
C	org.telegram.ui.Components.blur3.BlurredBackgroundWithFadeDrawable	vf.b
C	org.telegram.ui.Components.blur3.DownscaleScrollableNoiseSuppressor$DownscaledRenderNode	vf.c
C	org.telegram.ui.Components.blur3.DownscaleScrollableNoiseSuppressor$SourcePart	vf.d
C	org.telegram.ui.Components.blur3.DownscaleScrollableNoiseSuppressor	vf.e
C	org.telegram.ui.Components.blur3.RenderNodeWithHash$Renderer	vf.g
C	org.telegram.ui.Components.blur3.RenderNodeWithHash	vf.h
C	org.telegram.ui.Components.blur3.StrokeDrawable	vf.i
C	org.telegram.ui.Components.blur3.ViewGroupPartRenderer$DrawChildMethod	vf.j
C	org.telegram.ui.Components.blur3.ViewGroupPartRenderer	vf.k
C	org.telegram.ui.Components.blur3.drawable.BlurredBackgroundDrawable$Props	xf.a
C	org.telegram.ui.Components.blur3.drawable.BlurredBackgroundDrawable	xf.b
C	org.telegram.ui.Components.blur3.drawable.BlurredBackgroundDrawableSource	xf.d
C	org.telegram.ui.Components.blur3.drawable.color.BlurredBackgroundColorProvider	yf.a
C	org.telegram.ui.Components.blur3.drawable.color.BlurredBackgroundProvider	yf.d
C	org.telegram.ui.Components.blur3.drawable.color.impl.BlurredBackgroundProviderImpl	zf.a
C	org.telegram.ui.Components.blur3.source.BlurredBackgroundSource	ag.a
C	org.telegram.ui.Components.blur3.source.BlurredBackgroundSourceBitmap	ag.b
C	org.telegram.ui.Components.blur3.source.BlurredBackgroundSourceColor	ag.c
C	org.telegram.ui.Components.blur3.source.BlurredBackgroundSourceRenderNode	ag.d
C	org.telegram.ui.Components.blur3.utils.BitmapMemoizedMetadata	androidx.biometric.e
C	org.telegram.ui.Components.chat.ChatActivityBottomViewsVisibilityController	e6.f
C	org.telegram.ui.Components.chat.ChatActivityDraftMessageMeasureController	cg.a
C	org.telegram.ui.Components.chat.ChatActivityMessageMetricsView	cg.e
C	org.telegram.ui.Components.chat.ChatActivitySearchContainer	ah.w
C	org.telegram.ui.Components.chat.ChatInputViewsContainer	cg.f
C	org.telegram.ui.Components.chat.ChatListViewPaddingsAnimator	cg.g
C	org.telegram.ui.Components.chat.ViewPositionWatcher$OnChangedListener	cg.h
C	org.telegram.ui.Components.chat.ViewPositionWatcher$Tracked	cg.i
C	org.telegram.ui.Components.chat.ViewPositionWatcher	cg.j
C	org.telegram.ui.Components.chat.layouts.ChatActivityActionsButtonsLayout	eg.c
C	org.telegram.ui.Components.chat.layouts.ChatActivityFadeView	eg.g
C	org.telegram.ui.Components.chat.layouts.ChatActivitySideControlsButtonsLayout	eg.i
C	org.telegram.ui.Components.glass.GlassTabView$TabAnimation	jg.a
C	org.telegram.ui.Components.glass.GlassTabView	jg.b
C	org.telegram.ui.Components.inset.WindowInsetsInAppController	kg.f
C	org.telegram.ui.Components.inset.WindowInsetsProvider	kg.g
C	org.telegram.ui.Components.inset.WindowInsetsStateHolder	kg.j
C	org.telegram.ui.Components.poll.FileState	lg.a
C	org.telegram.ui.Components.poll.PollAttachedMedia	lg.f
C	org.telegram.ui.Components.poll.PollContentDrawable	lg.g
C	org.telegram.ui.Components.poll.PollSendParams	lg.h
C	org.telegram.ui.Components.poll.WebPageLoader	lg.t
C	org.telegram.ui.Components.poll.attached.PollAttachedMediaFile	mg.b
C	org.telegram.ui.Components.poll.attached.PollAttachedMediaGallery	mg.c
C	org.telegram.ui.Components.poll.buttons.PollAddButtonDrawable	ng.a
C	org.telegram.ui.Components.poll.buttons.PollButtonDrawable	ng.b
C	org.telegram.ui.Components.poll.buttons.PollButtonDrawableBase	ng.c
C	org.telegram.ui.Components.quickforward.BlurVisibilityDrawable$DrawRunnable	pg.a
C	org.telegram.ui.Components.quickforward.BlurVisibilityDrawable	pg.b
C	org.telegram.ui.Components.spoilers.SpoilerEffect2	qg.g
C	org.telegram.ui.Components.spoilers.SpoilerEffect	qg.h
C	org.telegram.ui.Components.spoilers.SpoilersTextView	qg.o
C	org.telegram.ui.Components.voip.CellFlickerDrawable	org.telegram.ui.Components.voip.h
C	org.telegram.ui.Components.voip.GroupCallGridCell	org.telegram.ui.Components.voip.l
C	org.telegram.ui.Components.voip.GroupCallMiniTextureView	org.telegram.ui.Components.voip.v
C	org.telegram.ui.Components.voip.GroupCallStatusIcon	org.telegram.ui.Components.voip.p0
C	org.telegram.ui.Components.voip.ImageWithWavesView$AvatarWavesDrawable	org.telegram.ui.Components.voip.r0
C	org.telegram.ui.Components.voip.ImageWithWavesView	org.telegram.ui.Components.voip.s0
C	org.telegram.ui.Components.voip.VoIPFloatingLayout	org.telegram.ui.Components.voip.s1
C	org.telegram.ui.Components.voip.VoIPHelper	org.telegram.ui.Components.voip.e2
C	org.telegram.ui.Components.voip.VoIPPiPView$FloatingView	org.telegram.ui.Components.voip.k2
C	org.telegram.ui.Components.voip.VoIPPiPView	org.telegram.ui.Components.voip.l2
C	org.telegram.ui.Components.voip.VoIPTextureView	org.telegram.ui.Components.voip.r2
C	org.telegram.ui.ComposeDrawable	org.telegram.ui.mq
C	org.telegram.ui.ContentPreviewViewer	org.telegram.ui.tr
C	org.telegram.ui.DarkBlueThemeResourcesProvider	org.telegram.ui.Components.ln0
C	org.telegram.ui.DataAutoDownloadActivity$ListAdapter	org.telegram.ui.is
C	org.telegram.ui.DataSettingsActivity$ListAdapter	org.telegram.ui.ns
C	org.telegram.ui.Delegates.ChatActivityMemberRequestsDelegate$ChangeVisibilityDelegate	rg.d
C	org.telegram.ui.Delegates.ChatActivityMemberRequestsDelegate	rg.e
C	org.telegram.ui.DialogsActivity$ContentView	org.telegram.ui.kw
C	org.telegram.ui.DialogsActivity$DialogsActivityDelegate	org.telegram.ui.lw
C	org.telegram.ui.DialogsActivity$DialogsHeader	org.telegram.ui.mw
C	org.telegram.ui.DialogsActivity$DialogsRecyclerView	org.telegram.ui.nw
C	org.telegram.ui.DialogsActivity$ViewPage	org.telegram.ui.qw
C	org.telegram.ui.DialogsActivity	org.telegram.ui.rw
C	org.telegram.ui.EmptyBaseFragment	org.telegram.ui.ActionBar.t
C	org.telegram.ui.FiltersSetupActivity$ItemInner	org.telegram.ui.xz
C	org.telegram.ui.FiltersSetupActivity$ListAdapter	org.telegram.ui.zz
C	org.telegram.ui.GLIconSettingsView	lf.f3
C	org.telegram.ui.Gifts.AuctionBidSheet$Params	sg.l
C	org.telegram.ui.Gifts.GiftMessageDrawable	sg.i0
C	org.telegram.ui.Gifts.GiftSheet$CardBackground	sg.b1
C	org.telegram.ui.Gifts.GiftSheet$SharedBackgroundDrawables	sg.i1
C	org.telegram.ui.GradientClip	org.telegram.ui.g00
C	org.telegram.ui.GradientHeaderActivity	org.telegram.ui.m00
C	org.telegram.ui.GroupCallActivity$CallEncryptionCellDrawable	org.telegram.ui.p30
C	org.telegram.ui.GroupCallActivity	org.telegram.ui.e40
C	org.telegram.ui.GroupCreateActivity$GroupCreateAdapter	org.telegram.ui.w40
C	org.telegram.ui.GroupCreateActivity$Letter	org.telegram.ui.x40
C	org.telegram.ui.GroupCreateActivity	org.telegram.ui.y40
C	org.telegram.ui.HeaderShadowView	ah.s
C	org.telegram.ui.IArticleViewer	org.telegram.ui.n50
C	org.telegram.ui.LanguageSelectActivity$ListAdapter	org.telegram.ui.l60
C	org.telegram.ui.LinkManager	org.telegram.ui.u90
C	org.telegram.ui.LiteModeSettingsActivity	org.telegram.ui.ca0
C	org.telegram.ui.LocationActivity$LiveLocation	org.telegram.ui.qa0
C	org.telegram.ui.LocationActivity$MapOverlayView	org.telegram.ui.ta0
C	org.telegram.ui.LocationActivity$SearchButton	org.telegram.ui.Components.wk
C	org.telegram.ui.LocationActivity	org.telegram.ui.wa0
C	org.telegram.ui.MainTabsActivity	org.telegram.ui.te0
C	org.telegram.ui.MainTabsLayout	org.telegram.ui.ve0
C	org.telegram.ui.MessageEnterTransitionContainer	org.telegram.ui.Components.hi
C	org.telegram.ui.MessageSeenView	org.telegram.ui.rf0
C	org.telegram.ui.MultiLayoutTypingAnimator$Block	org.telegram.ui.eh0
C	org.telegram.ui.MultiLayoutTypingAnimator$Renderer	org.telegram.ui.fh0
C	org.telegram.ui.MultiLayoutTypingAnimator	org.telegram.ui.gh0
C	org.telegram.ui.NotificationsCustomSettingsActivity$ItemInner	org.telegram.ui.zh0
C	org.telegram.ui.NotificationsCustomSettingsActivity$ListAdapter	org.telegram.ui.ai0
C	org.telegram.ui.NotificationsCustomSettingsActivity$SearchAdapter	org.telegram.ui.ci0
C	org.telegram.ui.NotificationsSettingsActivity$ListAdapter	org.telegram.ui.ei0
C	org.telegram.ui.NotificationsSettingsActivity$NotificationException	org.telegram.ui.fi0
C	org.telegram.ui.PeerColorActivity$Page	org.telegram.ui.sm0
C	org.telegram.ui.PeerColorActivity$PeerColorDrawable	org.telegram.ui.tm0
C	org.telegram.ui.PeerColorActivity$PeerColorGrid$ColorButton	org.telegram.ui.um0
C	org.telegram.ui.PeerColorActivity$PeerColorGrid	org.telegram.ui.vm0
C	org.telegram.ui.PeerColorActivity$PeerColorSpan	org.telegram.ui.Components.rw0
C	org.telegram.ui.PeerColorActivity	org.telegram.ui.ym0
C	org.telegram.ui.PhotoViewer$BlurButton	org.telegram.ui.kr0
C	org.telegram.ui.PhotoViewer$CaptionScrollView	org.telegram.ui.wq0
C	org.telegram.ui.PhotoViewer$CaptionTextViewSwitcher	org.telegram.ui.or0
C	org.telegram.ui.PhotoViewer$EditState	org.telegram.ui.pr0
C	org.telegram.ui.PhotoViewer$FirstFrameView	org.telegram.ui.rr0
C	org.telegram.ui.PhotoViewer$FrameLayoutDrawer	org.telegram.ui.sr0
C	org.telegram.ui.PhotoViewer$ListAdapter	org.telegram.ui.tr0
C	org.telegram.ui.PhotoViewer$PhotoCountView	org.telegram.ui.ur0
C	org.telegram.ui.PhotoViewer$PhotoProgressView	org.telegram.ui.vr0
C	org.telegram.ui.PhotoViewer$PhotoViewerProvider	org.telegram.ui.xr0
C	org.telegram.ui.PhotoViewer$PlaceProviderObject	org.telegram.ui.zr0
C	org.telegram.ui.PhotoViewer$QualityChooseView	org.telegram.ui.bs0
C	org.telegram.ui.PhotoViewer$SelectedPhotosListView	org.telegram.ui.fs0
C	org.telegram.ui.PhotoViewer$VideoPlayerControlFrameLayout	org.telegram.ui.gs0
C	org.telegram.ui.PremiumFeatureCell	org.telegram.ui.kt0
C	org.telegram.ui.PremiumPreviewFragment$BackgroundView	org.telegram.ui.xt0
C	org.telegram.ui.PremiumPreviewFragment$PremiumFeatureData	org.telegram.ui.yt0
C	org.telegram.ui.PrivacyControlActivity$DiffCallback	org.telegram.ui.ju0
C	org.telegram.ui.PrivacyControlActivity$ListAdapter	org.telegram.ui.nu0
C	org.telegram.ui.PrivacyControlActivity$MessageCell	org.telegram.ui.ou0
C	org.telegram.ui.PrivacySettingsActivity$ListAdapter	org.telegram.ui.ru0
C	org.telegram.ui.ProfileActivity$ListAdapter	org.telegram.ui.jx0
C	org.telegram.ui.ProfileActivity$NestedFrameLayout	org.telegram.ui.vw0
C	org.telegram.ui.ProfileActivity$OverlaysView	org.telegram.ui.kx0
C	org.telegram.ui.ProfileActivity$PagerIndicatorView	org.telegram.ui.mx0
C	org.telegram.ui.ProfileActivity$SearchAdapter$SearchResult	org.telegram.ui.sx0
C	org.telegram.ui.ProfileActivity$SearchAdapter	org.telegram.ui.tx0
C	org.telegram.ui.ProfileActivity$ShowDrawable	org.telegram.ui.ux0
C	org.telegram.ui.ProfileActivity$TopView	org.telegram.ui.wx0
C	org.telegram.ui.ProfileBirthdayEffect$BirthdayEffectFetcher	org.telegram.ui.xx0
C	org.telegram.ui.ProfileBirthdayEffect$ImageReceiverAsset	org.telegram.ui.zx0
C	org.telegram.ui.ProfileBirthdayEffect	org.telegram.ui.ay0
C	org.telegram.ui.ProxyListActivity$ListAdapter	org.telegram.ui.qy0
C	org.telegram.ui.ProxyListActivity$TextDetailProxyCell	org.telegram.ui.ry0
C	org.telegram.ui.ProxySettingsActivity	org.telegram.ui.zy0
C	org.telegram.ui.RecyclerListViewScroller	a9.l0
C	org.telegram.ui.RestrictedLanguagesSelectActivity$ListAdapter	org.telegram.ui.o01
C	org.telegram.ui.RestrictedLanguagesSelectActivity	org.telegram.ui.p01
C	org.telegram.ui.SearchTabsAndFiltersLayout	org.telegram.ui.c11
C	org.telegram.ui.SecretMediaViewer$FrameLayoutDrawer	af.i
C	org.telegram.ui.SecretMediaViewer$SecretDeleteTimer	org.telegram.ui.l11
C	org.telegram.ui.SecretMediaViewer$VideoPlayerControlFrameLayout	org.telegram.ui.m11
C	org.telegram.ui.SelectAnimatedEmojiDialog$EmojiPackExpand	org.telegram.ui.t21
C	org.telegram.ui.SelectAnimatedEmojiDialog$ImageViewEmoji	org.telegram.ui.y21
C	org.telegram.ui.SelectAnimatedEmojiDialog$SelectAnimatedEmojiDialogWindow	org.telegram.ui.qv
C	org.telegram.ui.SelectAnimatedEmojiDialog	org.telegram.ui.p31
C	org.telegram.ui.SessionsActivity$ListAdapter	org.telegram.ui.n41
C	org.telegram.ui.SettingsActivity$SettingCell$Factory	org.telegram.ui.x41
C	org.telegram.ui.SettingsActivity	org.telegram.ui.b51
C	org.telegram.ui.Stars.BalanceCloud	tg.a
C	org.telegram.ui.Stars.BotStarsActivity	tg.i
C	org.telegram.ui.Stars.BotStarsController$ChannelConnectedBots	tg.n
C	org.telegram.ui.Stars.BotStarsController$ChannelSuggestedBots	tg.o
C	org.telegram.ui.Stars.BotStarsController	tg.q
C	org.telegram.ui.Stars.ExplainStarsSheet$FeatureCell	tg.t
C	org.telegram.ui.Stars.MessageSuggestionOfferSheet	tg.c0
C	org.telegram.ui.Stars.ProfileGiftsView$Gift	tg.d0
C	org.telegram.ui.Stars.ProfileGiftsView	tg.e0
C	org.telegram.ui.Stars.StarGiftUniqueActionLayout	tg.u3
C	org.telegram.ui.Stars.StarReactionsOverlay	tg.w3
C	org.telegram.ui.Stars.StarsController$GiftsList	tg.j5
C	org.telegram.ui.Stars.StarsController$MessageId	tg.l5
C	org.telegram.ui.Stars.StarsController$PendingPaidReactions	tg.q5
C	org.telegram.ui.Stars.StarsController	tg.r5
C	org.telegram.ui.Stars.StarsIntroActivity$StarTierView$Factory	tg.g7
C	org.telegram.ui.Stars.StarsIntroActivity$StarsNeededSheet$HeaderView	org.telegram.ui.j00
C	org.telegram.ui.Stars.StarsIntroActivity$StarsNeededSheet	tg.j7
C	org.telegram.ui.Stars.StarsIntroActivity$StarsTransactionsLayout$PageAdapter	tg.r7
C	org.telegram.ui.Stars.StarsIntroActivity$StarsTransactionsLayout	tg.s7
C	org.telegram.ui.Stars.StarsIntroActivity	tg.t7
C	org.telegram.ui.Stars.StarsReactionsSheet$Particles$Particle	tg.e8
C	org.telegram.ui.Stars.StarsReactionsSheet$Particles	tg.f8
C	org.telegram.ui.StatisticActivity$ChartViewData	org.telegram.ui.h61
C	org.telegram.ui.Storage.CacheModel$FileInfo	ug.a
C	org.telegram.ui.Storage.CacheModel	ug.b
C	org.telegram.ui.Stories.DarkThemeResourceProvider	vg.b
C	org.telegram.ui.Stories.DialogStoriesCell	org.telegram.ui.mv
C	org.telegram.ui.Stories.HighlightMessageSheet	vg.o
C	org.telegram.ui.Stories.LivePlayer	vg.u0
C	org.telegram.ui.Stories.PeerStoriesView$8	vg.t2
C	org.telegram.ui.Stories.PeerStoriesView$Delegate	vg.u2
C	org.telegram.ui.Stories.PeerStoriesView$SharedResources	vg.w2
C	org.telegram.ui.Stories.PeerStoriesView$VideoPlayerSharedScope	f2.x
C	org.telegram.ui.Stories.PeerStoriesView	vg.y2
C	org.telegram.ui.Stories.ProfileStoriesView$StoryCircle	vg.b3
C	org.telegram.ui.Stories.SelfStoriesPreviewView$ImageHolder	vg.c3
C	org.telegram.ui.Stories.SelfStoryViewsPage$FiltersState	vg.j3
C	org.telegram.ui.Stories.SelfStoryViewsPage$Item	vg.o3
C	org.telegram.ui.Stories.SelfStoryViewsPage$ListAdapter	vg.s3
C	org.telegram.ui.Stories.SelfStoryViewsPage$ViewsModel	vg.v3
C	org.telegram.ui.Stories.SelfStoryViewsPage	vg.w3
C	org.telegram.ui.Stories.SelfStoryViewsView$ContainerView	vg.b4
C	org.telegram.ui.Stories.SelfStoryViewsView$StoryItemInternal	vg.c4
C	org.telegram.ui.Stories.SelfStoryViewsView$ViewPagerInner	vg.y3
C	org.telegram.ui.Stories.SelfStoryViewsView	vg.d4
C	org.telegram.ui.Stories.StoriesController$BotPreview	vg.o4
C	org.telegram.ui.Stories.StoriesController$BotPreviewsList	vg.p4
C	org.telegram.ui.Stories.StoriesController$StoriesList	vg.x4
C	org.telegram.ui.Stories.StoriesController$StoryLimit	e4.w
C	org.telegram.ui.Stories.StoriesController$UploadingStory	vg.d5
C	org.telegram.ui.Stories.StoriesController	vg.e5
C	org.telegram.ui.Stories.StoriesLikeButton	vg.j5
C	org.telegram.ui.Stories.StoriesListPlaceProvider$LoadNextInterface	vg.m5
C	org.telegram.ui.Stories.StoriesListPlaceProvider	vg.n5
C	org.telegram.ui.Stories.StoriesStorage	vg.r5
C	org.telegram.ui.Stories.StoriesUtilities$StoryGradientTools	vg.t5
C	org.telegram.ui.Stories.StoriesUtilities	vg.u5
C	org.telegram.ui.Stories.StoryCustomParamsHelper	t7.e8
C	org.telegram.ui.Stories.StoryViewer$VideoPlayerHolder	vg.i7
C	org.telegram.ui.Stories.StoryViewer	vg.j7
C	org.telegram.ui.Stories.recorder.ButtonWithCounterView	xg.d
C	org.telegram.ui.Stories.recorder.CaptionContainerView$PeriodDrawable	xg.i
C	org.telegram.ui.Stories.recorder.CaptionContainerView	xg.j
C	org.telegram.ui.Stories.recorder.CollageLayout$Part	xg.p
C	org.telegram.ui.Stories.recorder.CollageLayout	xg.q
C	org.telegram.ui.Stories.recorder.DownloadButton$PreparingVideoToast	xg.n0
C	org.telegram.ui.Stories.recorder.GalleryListView	xg.n8
C	org.telegram.ui.Stories.recorder.HintView2	xg.a3
C	org.telegram.ui.Stories.recorder.KeyboardNotifier	xg.c3
C	org.telegram.ui.Stories.recorder.RecordControl$Delegate	xg.h5
C	org.telegram.ui.Stories.recorder.RecordControl$RecordControlAccessibilityHelper	xg.i5
C	org.telegram.ui.Stories.recorder.RecordControl	xg.j5
C	org.telegram.ui.Stories.recorder.SliderView	org.telegram.ui.l81
C	org.telegram.ui.Stories.recorder.StoryEntry$HDRInfo	xg.h6
C	org.telegram.ui.Stories.recorder.StoryEntry	xg.i6
C	org.telegram.ui.Stories.recorder.StoryPrivacyBottomSheet$StoryPrivacy	xg.p7
C	org.telegram.ui.Stories.recorder.StoryPrivacyBottomSheet$UserCell	xg.q7
C	org.telegram.ui.Stories.recorder.StoryRecorder$WindowView	xg.k9
C	org.telegram.ui.Stories.recorder.StoryRecorder	xg.l9
C	org.telegram.ui.Stories.recorder.TimelineView$AudioWaveformLoader	xg.o9
C	org.telegram.ui.Stories.recorder.TimelineView$TimelineDelegate	xg.p9
C	org.telegram.ui.Stories.recorder.TimelineView$Track	xg.q9
C	org.telegram.ui.Stories.recorder.TimelineView$VideoThumbsLoader$BitmapFrame	xg.s9
C	org.telegram.ui.Stories.recorder.TimelineView$VideoThumbsLoader	xg.t9
C	org.telegram.ui.Stories.recorder.TimelineView$WaveformPath	xg.u9
C	org.telegram.ui.Stories.recorder.TimelineView	xg.v9
C	org.telegram.ui.Stories.recorder.Weather$State	xg.ga
C	org.telegram.ui.TON.TONIntroActivity$StarsNeededSheet	yg.f
C	org.telegram.ui.TON.TONIntroActivity	yg.g
C	org.telegram.ui.ThemeActivity$ListAdapter	org.telegram.ui.y71
C	org.telegram.ui.ThemePreviewActivity$BackgroundView	org.telegram.ui.z81
C	org.telegram.ui.ThemePreviewActivity$BlurButton	org.telegram.ui.a91
C	org.telegram.ui.ThemePreviewActivity$DayNightSwitchDelegate	org.telegram.ui.b91
C	org.telegram.ui.ThemePreviewActivity$DialogsAdapter	org.telegram.ui.c91
C	org.telegram.ui.ThemePreviewActivity$MessagesAdapter	org.telegram.ui.d91
C	org.telegram.ui.ThemePreviewActivity$PatternsAdapter	org.telegram.ui.e91
C	org.telegram.ui.ThemePreviewActivity	org.telegram.ui.g91
C	org.telegram.ui.TopicsFragment$Adapter	org.telegram.ui.ya1
C	org.telegram.ui.TopicsFragment$Item	org.telegram.ui.ab1
C	org.telegram.ui.TopicsFragment$MessagesSearchContainer$ViewPagerAdapter	org.telegram.ui.db1
C	org.telegram.ui.TopicsFragment$MessagesSearchContainer	org.telegram.ui.eb1
C	org.telegram.ui.TopicsFragment$TopicDialogCell	org.telegram.ui.fb1
C	org.telegram.ui.TopicsFragment$TopicsRecyclerView	org.telegram.ui.va1
C	org.telegram.ui.TopicsFragment	org.telegram.ui.ib1
C	org.telegram.ui.TwoStepVerificationActivity$ListAdapter	org.telegram.ui.xb1
C	org.telegram.ui.TwoStepVerificationActivity$TwoStepVerificationActivityDelegate	org.telegram.ui.yb1
C	org.telegram.ui.TwoStepVerificationSetupActivity	org.telegram.ui.lc1
C	org.telegram.ui.UpdateLayoutWrapper	org.telegram.ui.nc1
C	org.telegram.ui.UsersSelectActivity$SpansContainer	org.telegram.ui.bd1
C	org.telegram.ui.ViewPagerActivity$FragmentState	org.telegram.ui.cd1
C	org.telegram.ui.ViewPagerActivity$ViewPagerActivityPagerLayout	org.telegram.ui.dd1
C	org.telegram.ui.ViewPagerActivity	org.telegram.ui.ed1
C	org.telegram.ui.VoIPFragment	org.telegram.ui.wd1
C	org.telegram.ui.WallpapersListActivity$ColorWallpaper	org.telegram.ui.he1
C	org.telegram.ui.WallpapersListActivity$FileWallpaper	org.telegram.ui.ie1
C	org.telegram.ui.WallpapersListActivity$ListAdapter	org.telegram.ui.je1
C	org.telegram.ui.WallpapersListActivity$SearchAdapter	org.telegram.ui.ke1
C	org.telegram.ui.WebviewActivity	org.telegram.ui.qe1
C	org.telegram.ui.bots.BotBiometry	zg.p
C	org.telegram.ui.bots.BotDownloads$DownloadBulletin	zg.f0
C	org.telegram.ui.bots.BotLocation	zg.q0
C	org.telegram.ui.bots.BotSensors	zg.v0
C	org.telegram.ui.bots.BotWebViewSheet$WindowView	zg.n2
C	org.telegram.ui.bots.BotWebViewSheet	zg.o2
C	org.telegram.ui.bots.ChannelAffiliateProgramsFragment	zg.c3
C	org.telegram.ui.bots.WebViewRequestProps	zg.z3
C	org.telegram.ui.community.CommunityArrowDrawable	ah.a
C	org.telegram.ui.community.cells.CommunityLinkView	bh.c
C	org.telegram.ui.community.cells.CommunityRequestsCell	bh.j
C	org.telegram.ui.iv.Latex	dh.t
C	org.telegram.ui.iv.MathSpan	dh.u
C	org.telegram.ui.iv.RichInlineButtonSpan	dh.k4
C	org.telegram.ui.iv.RichTextStyle$Run	dh.x5
C	org.telegram.ui.iv.RichTextStyle	dh.y5
C	org.telegram.ui.web.BotWebViewContainer$MyWebView	org.telegram.ui.web.z0
C	org.telegram.ui.web.BotWebViewContainer$WebViewScrollListener	org.telegram.ui.web.c1
C	org.telegram.ui.web.BotWebViewContainer	org.telegram.ui.web.d1
C	org.telegram.ui.web.SearchEngine	org.telegram.ui.web.o1
C	org.telegram.ui.web.WebInstantView$WebPhoto	org.telegram.ui.web.j2
C	org.telegram.ui.web.WebInstantView	org.telegram.ui.web.k2
F	af.e3	date	b
F	af.g	currentAccount	F
F	af.g	stories	d
F	af.g3	currentAccount	m
F	af.h2	resourcesProvider	a
F	af.j2	chat	k0
F	af.j2	currentAccount	f
F	af.j2	delegate	U
F	af.j2	dialog_id	n
F	af.j2	info	v
F	af.j2	messages	c0
F	af.j2	parentFragment	F0
F	af.j2	stickers	z0
F	af.k1	filter	e
F	af.n1	filters	Y2
F	af.q2	currentAccount	r
F	af.u	pinned	g
F	af.w	currentAccount	E
F	af.w	itemInternals	L
F	af.w	parentFragment	Q
F	af.w	selectedDialogs	x
F	af.w0	date	b
F	af.w0	name	c
F	af.w0	object	a
F	ag.b	bitmap	d
F	ag.c	paint	a
F	ah.a	alpha	c
F	b2.l	reason	a
F	b2.o	length	f
F	b2.o	uri	a
F	be.a	cover	o
F	be.c	failed	s
F	bf.g	callbacks	d
F	bf.g	currentAccount	a
F	bf.g	loaded	f
F	bf.g	loading	e
F	bf.g0	currentAccount	a
F	bf.g0	loaded	d
F	bf.g0	loading	c
F	bf.t2	id	a
F	bf.t2	local	g
F	bf.t2	name	b
F	bf.u2	currentAccount	a
F	bf.u2	filtered	d
F	bf.z2	currentAccount	a
F	bf.z2	loaded	c
F	bf.z2	loading	b
F	bh.c	resourcesProvider	a
F	bh.j	mini	h
F	bh.j	resourcesProvider	a
F	c1.f	type	a
F	cg.f	captured	K
F	cg.i	last	c
F	cg.i	listener	b
F	cg.i	parent	a
F	com.google.android.gms.maps.model.CameraPosition	target	a
F	da.l	members	a
F	dd.f	factor	e
F	dd.f	id	a
F	dd.f	target	b
F	dd.h	item	a
F	dd.h	position	c
F	dd.h	visibility	d
F	dd.k	callback	a
F	dd.k	entries	b
F	dd.n	from	b
F	dd.n	now	a
F	dd.n	to	c
F	dd.o	bottom	d
F	dd.o	left	a
F	dd.o	right	c
F	dd.o	top	b
F	df.a	color	h
F	df.a	id	c
F	df.a	name	d
F	df.a	y	a
F	df.b	lines	d
F	df.b	x	a
F	dh.k4	button	a
F	dh.k4	currentAccount	d
F	dh.k4	resourcesProvider	e
F	dh.t	bitmap	a
F	dh.t	depth	d
F	dh.t	height	c
F	dh.t	width	b
F	dh.u	bitmap	b
F	dh.u	depth	e
F	dh.u	height	d
F	dh.u	paint	f
F	dh.u	source	a
F	dh.u	width	c
F	e4.w	type	b
F	e4.w	until	c
F	ec.i	fallback	b
F	ed.b	delegate	a
F	eg.i	resourcesProvider	b
F	fa.m	height	r
F	fa.m	key	f
F	fa.m	left	b
F	fa.m	next	d
F	fa.m	parent	a
F	fa.m	right	c
F	fa.m	value	n
F	fa.n	header	f
F	fa.n	root	c
F	fa.n	size	d
F	ff.f	rotation	n
F	ff.n	height	b
F	ff.n	matrix	k
F	ff.n	rotation	i
F	ff.n	scale	e
F	ff.n	width	a
F	ff.p	bitmap	w
F	ff.p	imageView	b
F	ff.p	state	K
F	ff.p	values	G
F	h0.b	NONE	e
F	h0.b	bottom	d
F	h0.b	left	a
F	h0.b	right	c
F	h0.b	top	b
F	hb.b	L	b
F	hb.b	M	c
F	he.e	activity	a
F	he.e	delegate	b
F	he.e	priority	e
F	he.f	delegate	g
F	he.f	params	h
F	hf.a	gradient	b
F	hf.c	color	c
F	hf.c	icon	a
F	hf.c	scale	b
F	jb.b	bytes	a
F	jb.b	height	c
F	jb.b	width	b
F	jf.a	selectable	b
F	jg.b	counter	f
F	jg.b	imageView	b
F	jg.b	resourcesProvider	d
F	jg.b	textView	a
F	k4.b	this$0	c
F	ke.b	position	a
F	ke.b	ratio	b
F	le.c	document	a
F	le.d	clientUserId	a
F	le.d	currentAccount	c
F	le.d	loaded	f
F	lf.a1	bounds	e0
F	lf.a1	currentAccount	a
F	lf.a1	density	e
F	lf.a1	height	r0
F	lf.a1	icon	y
F	lf.a1	maxWidth	b
F	lf.a1	padding	x
F	lf.a1	path	g0
F	lf.a1	width	q0
F	lf.b	lines	v
F	lf.b	paint	d
F	lf.b	path	s
F	lf.b3	currentAccount	a
F	lf.b3	objects	G
F	lf.b3	selectedObject	D
F	lf.e1	isVideo	K
F	lf.e1	maxWidth	a
F	lf.e1	text	b
F	lf.q2	state	i0
F	lf.y2	bounds	h
F	lf.y2	select	a
F	lf.z0	flags	a
F	lf.z0	name	b
F	lf.z0	photoSize	g
F	lf.z0	url	c
F	lf.z2	file	g
F	lf.z2	messageObject	r
F	lg.a	attachPath	c
F	lg.a	currentAccount	a
F	lg.a	document	b
F	lg.a	messageObject	d
F	lg.g	alpha	b0
F	lg.g	attachPath	E
F	lg.g	isFile	V
F	lg.g	isVideo	F
F	lg.g	messageObject	G
F	lg.h	caption	e
F	lg.h	groupId	d
F	lg.h	poll	b
F	lg.t	callbacks	c
F	lg.t	currentAccount	a
F	lg.t	pages	b
F	m1.c	bytes	d
F	m1.c	format	a
F	mf.a2	matrix	G
F	mf.a2	paint	y
F	mf.f2	alpha	m
F	mf.f2	first	q
F	mf.f2	i	b
F	mf.f2	scale	c
F	mf.f2	x	d
F	mf.f2	y	e
F	mf.g2	count	p
F	mf.g2	paint	i
F	mf.g2	points	D
F	mf.g2	type	N
F	mf.h1	colors	a
F	mf.h2	drawable	a
F	mf.h2	size	b
F	mf.i1	colors	l
F	mf.i1	paint	f
F	mf.i1	resourcesProvider	a
F	mf.j1	instance	j
F	mf.k1	paint	x
F	mf.k1	path	w
F	mf.k1	resourcesProvider	d
F	mf.k1	type	a
F	mf.p0	dialogId	Z
F	mf.p0	loading	H0
F	mf.p0	type	g0
F	mf.u	progress	c
F	mf.u	x	e
F	mf.v	path	a
F	mg.b	name	d
F	mg.b	path	b
F	mg.b	size	e
F	mg.b	uri	c
F	n4.g1	itemView	a
F	n8.e	firstName	b
F	n8.e	lastName	d
F	n8.m	format	a
F	nf.a	context	n
F	nf.a	model	c
F	nf.a	night	t
F	nf.a	style	A
F	nf.a	type	B
F	nf.h	attached	L
F	nf.h	type	N
F	nf.i	night	D
F	nf.i	time	Z
F	nf.i	type	X
F	ng.c	alpha	c
F	oe.a	flags	a
F	oe.a	id	b
F	oe.s	state	a
F	oe.z	count	b
F	of.h2	type	W
F	org.telegram.tgnet.a00	call	b
F	org.telegram.tgnet.a00	flags	a
F	org.telegram.tgnet.a1	color	s
F	org.telegram.tgnet.a1	contacts	b
F	org.telegram.tgnet.a1	flags	a
F	org.telegram.tgnet.a1	groups	d
F	org.telegram.tgnet.a1	id	l
F	org.telegram.tgnet.a1	title	m
F	org.telegram.tgnet.a2	id	a
F	org.telegram.tgnet.a2	name	c
F	org.telegram.tgnet.a20	count	a
F	org.telegram.tgnet.a20	users	c
F	org.telegram.tgnet.a3	flags	a
F	org.telegram.tgnet.a3	min	b
F	org.telegram.tgnet.a30	peer	a
F	org.telegram.tgnet.a4	flags	a
F	org.telegram.tgnet.a40	flags	a
F	org.telegram.tgnet.a40	limit	j
F	org.telegram.tgnet.a40	link	e
F	org.telegram.tgnet.a40	offset_date	g
F	org.telegram.tgnet.a40	peer	d
F	org.telegram.tgnet.a40	requested	b
F	org.telegram.tgnet.a60	chats	c
F	org.telegram.tgnet.a60	messages	b
F	org.telegram.tgnet.a60	users	d
F	org.telegram.tgnet.a70	count	a
F	org.telegram.tgnet.a80	flags	a
F	org.telegram.tgnet.a80	peer	b
F	org.telegram.tgnet.aa	delete	p
F	org.telegram.tgnet.aa	edit	o
F	org.telegram.tgnet.aa	flags	a
F	org.telegram.tgnet.aa	info	l
F	org.telegram.tgnet.aa	join	b
F	org.telegram.tgnet.aa	pinned	n
F	org.telegram.tgnet.aa	send	s
F	org.telegram.tgnet.aa	settings	m
F	org.telegram.tgnet.aa0	flags	a
F	org.telegram.tgnet.ac0	photo	a
F	org.telegram.tgnet.ac0	users	b
F	org.telegram.tgnet.ag0	text	d
F	org.telegram.tgnet.ag0	type	b
F	org.telegram.tgnet.ai0	documents	f
F	org.telegram.tgnet.ai0	keywords	e
F	org.telegram.tgnet.aj	keywords	d
F	org.telegram.tgnet.aj	version	c
F	org.telegram.tgnet.ak	hash	c
F	org.telegram.tgnet.ak	limit	b
F	org.telegram.tgnet.ak	offset	a
F	org.telegram.tgnet.al	config	b
F	org.telegram.tgnet.al	hash	a
F	org.telegram.tgnet.an0	access_hash	b
F	org.telegram.tgnet.an0	attributes	e
F	org.telegram.tgnet.an0	mime_type	d
F	org.telegram.tgnet.an0	size	c
F	org.telegram.tgnet.an0	url	a
F	org.telegram.tgnet.ao0	flags	a
F	org.telegram.tgnet.ao0	users	i
F	org.telegram.tgnet.ap	optional	H
F	org.telegram.tgnet.ap	url	E
F	org.telegram.tgnet.ap0	chats	d
F	org.telegram.tgnet.ap0	date	j
F	org.telegram.tgnet.ap0	users	e
F	org.telegram.tgnet.aq	peer	k
F	org.telegram.tgnet.as	amount	d
F	org.telegram.tgnet.as	user_id	a
F	org.telegram.tgnet.at	value	a
F	org.telegram.tgnet.aw	flags	K
F	org.telegram.tgnet.ay	user_id	a
F	org.telegram.tgnet.b2	access_hash	b
F	org.telegram.tgnet.b2	file_reference	c
F	org.telegram.tgnet.b2	flags	e
F	org.telegram.tgnet.b2	id	a
F	org.telegram.tgnet.b2	local_id	g
F	org.telegram.tgnet.b2	secret	i
F	org.telegram.tgnet.b2	volume_id	f
F	org.telegram.tgnet.b3	flags	a
F	org.telegram.tgnet.b3	peer	r
F	org.telegram.tgnet.b3	quote	d
F	org.telegram.tgnet.b30	peer	b
F	org.telegram.tgnet.b30	title	c
F	org.telegram.tgnet.b40	flags	c
F	org.telegram.tgnet.b40	x	b
F	org.telegram.tgnet.b50	flags	a
F	org.telegram.tgnet.b50	limit	e
F	org.telegram.tgnet.b50	peer	b
F	org.telegram.tgnet.b6	flags	b
F	org.telegram.tgnet.b70	chats	d
F	org.telegram.tgnet.b70	count	a
F	org.telegram.tgnet.b70	dialogs	b
F	org.telegram.tgnet.b70	messages	c
F	org.telegram.tgnet.b70	users	e
F	org.telegram.tgnet.b80	flags	a
F	org.telegram.tgnet.b80	id	g
F	org.telegram.tgnet.b80	peer	d
F	org.telegram.tgnet.ba	delete_messages	e
F	org.telegram.tgnet.ba	flags	a
F	org.telegram.tgnet.ba0	flags	a
F	org.telegram.tgnet.bc	channel	a
F	org.telegram.tgnet.bc	id	b
F	org.telegram.tgnet.bf0	premium	j
F	org.telegram.tgnet.bg0	text	d
F	org.telegram.tgnet.bg0	type	b
F	org.telegram.tgnet.bj	hash	a
F	org.telegram.tgnet.bm	chats	b
F	org.telegram.tgnet.bm	users	c
F	org.telegram.tgnet.bn	file	c
F	org.telegram.tgnet.bn	flags	b
F	org.telegram.tgnet.bn	video	d
F	org.telegram.tgnet.bn0	attributes	x
F	org.telegram.tgnet.bn0	date	v
F	org.telegram.tgnet.bn0	description	l
F	org.telegram.tgnet.bn0	document	t
F	org.telegram.tgnet.bn0	flags	a
F	org.telegram.tgnet.bn0	hash	g
F	org.telegram.tgnet.bn0	id	d
F	org.telegram.tgnet.bn0	photo	m
F	org.telegram.tgnet.bn0	title	k
F	org.telegram.tgnet.bn0	type	i
F	org.telegram.tgnet.bn0	url	e
F	org.telegram.tgnet.bo0	chats	a
F	org.telegram.tgnet.bo0	count	b
F	org.telegram.tgnet.bp	user_id	a
F	org.telegram.tgnet.bp0	bytes	a
F	org.telegram.tgnet.br	access_hash	b
F	org.telegram.tgnet.br	id	a
F	org.telegram.tgnet.bs	amount	m
F	org.telegram.tgnet.bs	flags	a
F	org.telegram.tgnet.bs	users	n
F	org.telegram.tgnet.bt	value	a
F	org.telegram.tgnet.bv	flags	K
F	org.telegram.tgnet.bx	closed	L
F	org.telegram.tgnet.bx	hidden	M
F	org.telegram.tgnet.c1	flags	a
F	org.telegram.tgnet.c2	flags	a
F	org.telegram.tgnet.c4	flags	a
F	org.telegram.tgnet.c40	flags	b
F	org.telegram.tgnet.c50	flags	b
F	org.telegram.tgnet.c50	peer	c
F	org.telegram.tgnet.c60	hash	a
F	org.telegram.tgnet.c60	reactions	b
F	org.telegram.tgnet.c9	flags	a
F	org.telegram.tgnet.ca	flags	a
F	org.telegram.tgnet.cc0	file	e
F	org.telegram.tgnet.cc0	flags	a
F	org.telegram.tgnet.cc0	user_id	d
F	org.telegram.tgnet.cc0	video	f
F	org.telegram.tgnet.ce	flags	a
F	org.telegram.tgnet.cg0	text	d
F	org.telegram.tgnet.cg0	type	b
F	org.telegram.tgnet.ch0	flags	f
F	org.telegram.tgnet.cl	hash	b
F	org.telegram.tgnet.cm	user	b
F	org.telegram.tgnet.cn0	flags	a
F	org.telegram.tgnet.co	flags	b
F	org.telegram.tgnet.co	message	e
F	org.telegram.tgnet.co	user_id	c
F	org.telegram.tgnet.co0	g	b
F	org.telegram.tgnet.co0	p	c
F	org.telegram.tgnet.co0	version	d
F	org.telegram.tgnet.cp0	bytes	c
F	org.telegram.tgnet.cp0	dc_id	d
F	org.telegram.tgnet.cr	id	a
F	org.telegram.tgnet.cr	secret	e
F	org.telegram.tgnet.cs	amount	c
F	org.telegram.tgnet.ct	key	a
F	org.telegram.tgnet.ct	value	b
F	org.telegram.tgnet.cw	peer	M
F	org.telegram.tgnet.d2	access_hash	b
F	org.telegram.tgnet.d2	id	a
F	org.telegram.tgnet.d30	format	b
F	org.telegram.tgnet.d30	hash	c
F	org.telegram.tgnet.d4	reason	b
F	org.telegram.tgnet.d4	text	c
F	org.telegram.tgnet.d40	flags	a
F	org.telegram.tgnet.d40	limit	g
F	org.telegram.tgnet.d40	offset_date	d
F	org.telegram.tgnet.d40	offset_id	e
F	org.telegram.tgnet.d50	flags	a
F	org.telegram.tgnet.d50	peer	b
F	org.telegram.tgnet.d6	amount	n
F	org.telegram.tgnet.d90	data	b
F	org.telegram.tgnet.d90	title	a
F	org.telegram.tgnet.dc	channel	a
F	org.telegram.tgnet.dc	filter	b
F	org.telegram.tgnet.dc	limit	d
F	org.telegram.tgnet.dc	offset	c
F	org.telegram.tgnet.dc0	file	d
F	org.telegram.tgnet.dc0	flags	a
F	org.telegram.tgnet.dc0	video	e
F	org.telegram.tgnet.df	chats	c
F	org.telegram.tgnet.df	users	d
F	org.telegram.tgnet.dj	flags	b
F	org.telegram.tgnet.dm	flags	a
F	org.telegram.tgnet.dm	id	c
F	org.telegram.tgnet.dm	popup	b
F	org.telegram.tgnet.dm	text	d
F	org.telegram.tgnet.dn	A	b
F	org.telegram.tgnet.do0	chats	d
F	org.telegram.tgnet.do0	count	a
F	org.telegram.tgnet.do0	dialogs	b
F	org.telegram.tgnet.do0	messages	c
F	org.telegram.tgnet.do0	users	e
F	org.telegram.tgnet.dr	data	c
F	org.telegram.tgnet.dr	files	i
F	org.telegram.tgnet.dr	flags	a
F	org.telegram.tgnet.dr	type	b
F	org.telegram.tgnet.dt	value	a
F	org.telegram.tgnet.e0	access_hash	b
F	org.telegram.tgnet.e0	date	c
F	org.telegram.tgnet.e0	dc_id	g
F	org.telegram.tgnet.e0	id	a
F	org.telegram.tgnet.e0	key	j
F	org.telegram.tgnet.e0	mime_type	e
F	org.telegram.tgnet.e0	size	f
F	org.telegram.tgnet.e0	user_id	i
F	org.telegram.tgnet.e1	file_name	i
F	org.telegram.tgnet.e1	flags	d
F	org.telegram.tgnet.e1	h	k
F	org.telegram.tgnet.e1	title	m
F	org.telegram.tgnet.e1	voice	o
F	org.telegram.tgnet.e1	w	j
F	org.telegram.tgnet.e10	flags	a
F	org.telegram.tgnet.e10	peer	d
F	org.telegram.tgnet.e10	url	g
F	org.telegram.tgnet.e2	address	l
F	org.telegram.tgnet.e2	attributes	x
F	org.telegram.tgnet.e2	file	i
F	org.telegram.tgnet.e2	first_name	b
F	org.telegram.tgnet.e2	flags	e
F	org.telegram.tgnet.e2	last_name	c
F	org.telegram.tgnet.e2	mime_type	v
F	org.telegram.tgnet.e2	provider	m
F	org.telegram.tgnet.e2	stickers	j
F	org.telegram.tgnet.e2	title	k
F	org.telegram.tgnet.e2	ttl_seconds	f
F	org.telegram.tgnet.e2	video	D
F	org.telegram.tgnet.e20	peer	a
F	org.telegram.tgnet.e30	flags	b
F	org.telegram.tgnet.e30	peer	e
F	org.telegram.tgnet.e30	title	f
F	org.telegram.tgnet.e4	count	a
F	org.telegram.tgnet.e4	documents	b
F	org.telegram.tgnet.e50	id	a
F	org.telegram.tgnet.e60	flags	b
F	org.telegram.tgnet.ec	flags	b
F	org.telegram.tgnet.ec	peer	d
F	org.telegram.tgnet.ee	reactions	a
F	org.telegram.tgnet.ef	flags	a
F	org.telegram.tgnet.ef	limit	d
F	org.telegram.tgnet.ef	offset	c
F	org.telegram.tgnet.eh0	flags	f
F	org.telegram.tgnet.eh0	text	e
F	org.telegram.tgnet.ei0	sticker	b
F	org.telegram.tgnet.ej	flags	b
F	org.telegram.tgnet.ej	title	e
F	org.telegram.tgnet.ej	until	m
F	org.telegram.tgnet.el	flags	a
F	org.telegram.tgnet.el	hidden	b
F	org.telegram.tgnet.el	name	e
F	org.telegram.tgnet.eo	flags	b
F	org.telegram.tgnet.eo	message	g
F	org.telegram.tgnet.eo	peer	e
F	org.telegram.tgnet.er	flags	a
F	org.telegram.tgnet.er	media	b
F	org.telegram.tgnet.er	message	d
F	org.telegram.tgnet.es	access_hash	c
F	org.telegram.tgnet.es	id	b
F	org.telegram.tgnet.ew	types	K
F	org.telegram.tgnet.f00	user_id	i
F	org.telegram.tgnet.f1	date	j
F	org.telegram.tgnet.f1	flags	a
F	org.telegram.tgnet.f1	media	g
F	org.telegram.tgnet.f1	message	e
F	org.telegram.tgnet.f10	chat_id	a
F	org.telegram.tgnet.f10	user_id	b
F	org.telegram.tgnet.f2	access_hash	f
F	org.telegram.tgnet.f2	channel_id	d
F	org.telegram.tgnet.f2	chat_id	e
F	org.telegram.tgnet.f2	peer	a
F	org.telegram.tgnet.f2	user_id	c
F	org.telegram.tgnet.f30	flags	a
F	org.telegram.tgnet.f30	id	e
F	org.telegram.tgnet.f30	media	g
F	org.telegram.tgnet.f30	message	f
F	org.telegram.tgnet.f30	peer	d
F	org.telegram.tgnet.f4	flags	a
F	org.telegram.tgnet.f40	flags	a
F	org.telegram.tgnet.f40	limit	g
F	org.telegram.tgnet.f40	offset_date	e
F	org.telegram.tgnet.f40	peer	c
F	org.telegram.tgnet.f50	flags	a
F	org.telegram.tgnet.f50	group	c
F	org.telegram.tgnet.f50	pm	b
F	org.telegram.tgnet.f50	title	d
F	org.telegram.tgnet.f60	flags	b
F	org.telegram.tgnet.f60	id	d
F	org.telegram.tgnet.f60	peer	c
F	org.telegram.tgnet.fc	channel	a
F	org.telegram.tgnet.fc	users	b
F	org.telegram.tgnet.ff0	count	d
F	org.telegram.tgnet.ff0	flags	a
F	org.telegram.tgnet.ff0	reaction	b
F	org.telegram.tgnet.ff0	title	c
F	org.telegram.tgnet.fi0	flags	a
F	org.telegram.tgnet.fi0	stickers	e
F	org.telegram.tgnet.fi0	title	c
F	org.telegram.tgnet.fk	flags	a
F	org.telegram.tgnet.fk	id	e
F	org.telegram.tgnet.fk	photo	g
F	org.telegram.tgnet.fk	title	f
F	org.telegram.tgnet.fl	flags	a
F	org.telegram.tgnet.fl	prefixes	c
F	org.telegram.tgnet.fn0	flags	a
F	org.telegram.tgnet.fn0	type	b
F	org.telegram.tgnet.fo	flags	b
F	org.telegram.tgnet.fo	message	i
F	org.telegram.tgnet.fo	peer	e
F	org.telegram.tgnet.fo0	users	b
F	org.telegram.tgnet.fq	access_hash	b
F	org.telegram.tgnet.fq	id	a
F	org.telegram.tgnet.fs	flags	a
F	org.telegram.tgnet.ft	version	c
F	org.telegram.tgnet.fw	theme	K
F	org.telegram.tgnet.fx	text	K
F	org.telegram.tgnet.g10	peer	a
F	org.telegram.tgnet.g2	access_hash	b
F	org.telegram.tgnet.g2	file_reference	c
F	org.telegram.tgnet.g2	id	a
F	org.telegram.tgnet.g3	description	g
F	org.telegram.tgnet.g3	flags	a
F	org.telegram.tgnet.g3	photo	i
F	org.telegram.tgnet.g3	title	f
F	org.telegram.tgnet.g3	url	l
F	org.telegram.tgnet.g3	users	r
F	org.telegram.tgnet.g40	id	c
F	org.telegram.tgnet.g40	peer	b
F	org.telegram.tgnet.g50	hash	a
F	org.telegram.tgnet.g60	hash	a
F	org.telegram.tgnet.g60	stickers	c
F	org.telegram.tgnet.g70	add_offset	m
F	org.telegram.tgnet.g70	filter	i
F	org.telegram.tgnet.g70	flags	a
F	org.telegram.tgnet.g70	from_id	d
F	org.telegram.tgnet.g70	limit	n
F	org.telegram.tgnet.g70	offset_id	l
F	org.telegram.tgnet.g70	peer	b
F	org.telegram.tgnet.g80	peer	b
F	org.telegram.tgnet.gb0	description	c
F	org.telegram.tgnet.gb0	title	b
F	org.telegram.tgnet.gb0	url	d
F	org.telegram.tgnet.gc	channel	a
F	org.telegram.tgnet.gf0	date	b
F	org.telegram.tgnet.gf0	offset	c
F	org.telegram.tgnet.gh	max_id	c
F	org.telegram.tgnet.gh	peer	b
F	org.telegram.tgnet.gj	until	c
F	org.telegram.tgnet.gk	peer	a
F	org.telegram.tgnet.gl	flags	a
F	org.telegram.tgnet.gl	message	c
F	org.telegram.tgnet.gn0	flags	a
F	org.telegram.tgnet.gn0	length	c
F	org.telegram.tgnet.gn0	pattern	d
F	org.telegram.tgnet.gn0	prefix	e
F	org.telegram.tgnet.gn0	url	b
F	org.telegram.tgnet.go	flags	b
F	org.telegram.tgnet.go	message	g
F	org.telegram.tgnet.go0	hash	a
F	org.telegram.tgnet.go0	stickers	c
F	org.telegram.tgnet.gp0	objects	b
F	org.telegram.tgnet.gq	first_name	d
F	org.telegram.tgnet.gq	flags	a
F	org.telegram.tgnet.gq	last_name	e
F	org.telegram.tgnet.gq	note	f
F	org.telegram.tgnet.gq	phone	c
F	org.telegram.tgnet.gt	flags	a
F	org.telegram.tgnet.gt	name	d
F	org.telegram.tgnet.gt	official	b
F	org.telegram.tgnet.gx	data	L
F	org.telegram.tgnet.gx	text	K
F	org.telegram.tgnet.h0	address	d
F	org.telegram.tgnet.h0	first_name	m
F	org.telegram.tgnet.h0	flags	a
F	org.telegram.tgnet.h0	last_name	n
F	org.telegram.tgnet.h0	message	j
F	org.telegram.tgnet.h0	provider	e
F	org.telegram.tgnet.h0	reply_markup	i
F	org.telegram.tgnet.h0	safe	u
F	org.telegram.tgnet.h0	title	c
F	org.telegram.tgnet.h0	url	z
F	org.telegram.tgnet.h1	title	a
F	org.telegram.tgnet.h10	messages	d
F	org.telegram.tgnet.h10	offset	c
F	org.telegram.tgnet.h3	date	b
F	org.telegram.tgnet.h3	description	f
F	org.telegram.tgnet.h3	flags	a
F	org.telegram.tgnet.h3	info	j
F	org.telegram.tgnet.h3	photo	g
F	org.telegram.tgnet.h3	title	e
F	org.telegram.tgnet.h3	users	p
F	org.telegram.tgnet.h30	groups	b
F	org.telegram.tgnet.h30	hash	a
F	org.telegram.tgnet.h40	add_offset	d
F	org.telegram.tgnet.h40	limit	e
F	org.telegram.tgnet.h40	offset_date	c
F	org.telegram.tgnet.h40	offset_id	b
F	org.telegram.tgnet.h40	peer	a
F	org.telegram.tgnet.h50	chats	b
F	org.telegram.tgnet.h50	users	c
F	org.telegram.tgnet.h70	count	d
F	org.telegram.tgnet.h70	filter	c
F	org.telegram.tgnet.h70	flags	a
F	org.telegram.tgnet.h80	peer	a
F	org.telegram.tgnet.hc	channel_id	b
F	org.telegram.tgnet.hc	enabled	c
F	org.telegram.tgnet.hd	date	g
F	org.telegram.tgnet.hd	flags	a
F	org.telegram.tgnet.hd	link	e
F	org.telegram.tgnet.hd	requested	m
F	org.telegram.tgnet.hd	title	o
F	org.telegram.tgnet.hd0	chats	a
F	org.telegram.tgnet.hf	flags	a
F	org.telegram.tgnet.hf0	count	d
F	org.telegram.tgnet.hf0	date	a
F	org.telegram.tgnet.hk	closed	c
F	org.telegram.tgnet.hk	date	j
F	org.telegram.tgnet.hk	flags	a
F	org.telegram.tgnet.hk	from_id	v
F	org.telegram.tgnet.hk	groupedMessages	A
F	org.telegram.tgnet.hk	hidden	f
F	org.telegram.tgnet.hk	id	i
F	org.telegram.tgnet.hk	my	b
F	org.telegram.tgnet.hk	peer	u
F	org.telegram.tgnet.hk	pinned	d
F	org.telegram.tgnet.hk	title	k
F	org.telegram.tgnet.hk	unread_count	q
F	org.telegram.tgnet.hn0	chats	d
F	org.telegram.tgnet.hn0	count	a
F	org.telegram.tgnet.hn0	users	c
F	org.telegram.tgnet.hw	same	K
F	org.telegram.tgnet.hz	channel_id	c
F	org.telegram.tgnet.i0	content	k
F	org.telegram.tgnet.i0	description	g
F	org.telegram.tgnet.i0	document	e
F	org.telegram.tgnet.i0	flags	a
F	org.telegram.tgnet.i0	id	b
F	org.telegram.tgnet.i0	photo	d
F	org.telegram.tgnet.i0	title	f
F	org.telegram.tgnet.i0	type	c
F	org.telegram.tgnet.i0	url	i
F	org.telegram.tgnet.i10	offset	c
F	org.telegram.tgnet.i2	flags	a
F	org.telegram.tgnet.i2	peer	i
F	org.telegram.tgnet.i20	flags	a
F	org.telegram.tgnet.i20	title	c
F	org.telegram.tgnet.i20	users	b
F	org.telegram.tgnet.i3	channel_id	c
F	org.telegram.tgnet.i3	chat_id	b
F	org.telegram.tgnet.i3	user_id	a
F	org.telegram.tgnet.i40	peer	c
F	org.telegram.tgnet.i40	title	d
F	org.telegram.tgnet.i50	file	b
F	org.telegram.tgnet.i50	peer	a
F	org.telegram.tgnet.i60	enabled	c
F	org.telegram.tgnet.i60	flags	b
F	org.telegram.tgnet.ia	address	b
F	org.telegram.tgnet.ib	chats	b
F	org.telegram.tgnet.ib	events	a
F	org.telegram.tgnet.ib	users	c
F	org.telegram.tgnet.ic	flags	a
F	org.telegram.tgnet.ic	limit	g
F	org.telegram.tgnet.ic	offset_id	f
F	org.telegram.tgnet.ic	query	c
F	org.telegram.tgnet.id	date	d
F	org.telegram.tgnet.id	flags	a
F	org.telegram.tgnet.id	requested	b
F	org.telegram.tgnet.id	user_id	c
F	org.telegram.tgnet.if0	data	a
F	org.telegram.tgnet.if0	secret	c
F	org.telegram.tgnet.ii0	text	a
F	org.telegram.tgnet.ij	url	a
F	org.telegram.tgnet.il	link	c
F	org.telegram.tgnet.il	peer	b
F	org.telegram.tgnet.im	user_id	a
F	org.telegram.tgnet.in	flags	b
F	org.telegram.tgnet.in	until	d
F	org.telegram.tgnet.j3	color	b
F	org.telegram.tgnet.j3	colors	g
F	org.telegram.tgnet.j3	flags	a
F	org.telegram.tgnet.j40	flags	a
F	org.telegram.tgnet.j40	id	c
F	org.telegram.tgnet.j40	limit	f
F	org.telegram.tgnet.j40	offset	e
F	org.telegram.tgnet.j40	peer	b
F	org.telegram.tgnet.j40	reaction	d
F	org.telegram.tgnet.j60	flags	b
F	org.telegram.tgnet.j70	filter	i
F	org.telegram.tgnet.j70	flags	a
F	org.telegram.tgnet.j70	limit	o
F	org.telegram.tgnet.j70	offset_id	n
F	org.telegram.tgnet.j90	peer	a
F	org.telegram.tgnet.ja0	url	a
F	org.telegram.tgnet.jb	chats	b
F	org.telegram.tgnet.jb	users	c
F	org.telegram.tgnet.jc	chats	b
F	org.telegram.tgnet.jc	users	c
F	org.telegram.tgnet.jd	updates	a
F	org.telegram.tgnet.jf	contacts	a
F	org.telegram.tgnet.jf0	access_hash	b
F	org.telegram.tgnet.jf0	date	e
F	org.telegram.tgnet.jf0	dc_id	d
F	org.telegram.tgnet.jf0	id	a
F	org.telegram.tgnet.jf0	secret	g
F	org.telegram.tgnet.jf0	size	c
F	org.telegram.tgnet.ji0	access_hash	f
F	org.telegram.tgnet.ji0	document	j
F	org.telegram.tgnet.ji0	flags	a
F	org.telegram.tgnet.ji0	id	e
F	org.telegram.tgnet.ji0	settings	k
F	org.telegram.tgnet.ji0	title	i
F	org.telegram.tgnet.jm	text	a
F	org.telegram.tgnet.jm0	flags	a
F	org.telegram.tgnet.jm0	url	f
F	org.telegram.tgnet.jn	hash	b
F	org.telegram.tgnet.jn	limit	c
F	org.telegram.tgnet.jn0	blocked	a
F	org.telegram.tgnet.jn0	chats	b
F	org.telegram.tgnet.jn0	count	d
F	org.telegram.tgnet.jn0	users	c
F	org.telegram.tgnet.jo0	flags	a
F	org.telegram.tgnet.js	peer	d
F	org.telegram.tgnet.k00	count	f
F	org.telegram.tgnet.k00	flags	a
F	org.telegram.tgnet.k00	my	c
F	org.telegram.tgnet.k00	peer_id	e
F	org.telegram.tgnet.k00	top	b
F	org.telegram.tgnet.k1	until	a
F	org.telegram.tgnet.k2	access_hash	b
F	org.telegram.tgnet.k2	id	a
F	org.telegram.tgnet.k20	flags	a
F	org.telegram.tgnet.k20	max_id	e
F	org.telegram.tgnet.k20	peer	d
F	org.telegram.tgnet.k20	revoke	c
F	org.telegram.tgnet.k40	id	a
F	org.telegram.tgnet.k5	flags	a
F	org.telegram.tgnet.k5	user	f
F	org.telegram.tgnet.k50	updates	a
F	org.telegram.tgnet.k60	id	b
F	org.telegram.tgnet.k60	message	d
F	org.telegram.tgnet.k60	peer	a
F	org.telegram.tgnet.k70	chats	j
F	org.telegram.tgnet.k70	count	c
F	org.telegram.tgnet.k70	flags	a
F	org.telegram.tgnet.k70	messages	i
F	org.telegram.tgnet.k70	users	k
F	org.telegram.tgnet.k90	peer	a
F	org.telegram.tgnet.ka0	flags	a
F	org.telegram.tgnet.kc	channel	b
F	org.telegram.tgnet.kd	users	c
F	org.telegram.tgnet.kf	users	d
F	org.telegram.tgnet.kj0	date	d
F	org.telegram.tgnet.kj0	flags	a
F	org.telegram.tgnet.kk	access_hash	c
F	org.telegram.tgnet.kk	description	f
F	org.telegram.tgnet.kk	document	i
F	org.telegram.tgnet.kk	flags	a
F	org.telegram.tgnet.kk	id	b
F	org.telegram.tgnet.kk	photo	g
F	org.telegram.tgnet.kk	title	e
F	org.telegram.tgnet.km	text	a
F	org.telegram.tgnet.km	url	b
F	org.telegram.tgnet.km0	flags	a
F	org.telegram.tgnet.kn0	contacts	a
F	org.telegram.tgnet.kn0	users	c
F	org.telegram.tgnet.ko0	chats	b
F	org.telegram.tgnet.ko0	count	i
F	org.telegram.tgnet.ko0	flags	e
F	org.telegram.tgnet.ko0	messages	a
F	org.telegram.tgnet.ko0	topics	d
F	org.telegram.tgnet.ko0	users	c
F	org.telegram.tgnet.l0	date	c
F	org.telegram.tgnet.l0	flags	f
F	org.telegram.tgnet.l0	left	j
F	org.telegram.tgnet.l0	peer	a
F	org.telegram.tgnet.l0	self	i
F	org.telegram.tgnet.l0	user_id	q
F	org.telegram.tgnet.l1	access_hash	d
F	org.telegram.tgnet.l1	date	e
F	org.telegram.tgnet.l1	flags	a
F	org.telegram.tgnet.l1	id	c
F	org.telegram.tgnet.l1	user_id	p
F	org.telegram.tgnet.l20	flags	a
F	org.telegram.tgnet.l20	id	c
F	org.telegram.tgnet.l20	revoke	b
F	org.telegram.tgnet.l3	flags	a
F	org.telegram.tgnet.l30	count	a
F	org.telegram.tgnet.l30	users	c
F	org.telegram.tgnet.l40	id	b
F	org.telegram.tgnet.l40	peer	a
F	org.telegram.tgnet.l5	flags	a
F	org.telegram.tgnet.l50	flags	b
F	org.telegram.tgnet.l50	pinned	c
F	org.telegram.tgnet.l60	version	b
F	org.telegram.tgnet.l70	count	a
F	org.telegram.tgnet.l70	positions	b
F	org.telegram.tgnet.l9	flags	a
F	org.telegram.tgnet.la0	url	a
F	org.telegram.tgnet.ld0	users	a
F	org.telegram.tgnet.lf	user	c
F	org.telegram.tgnet.lg	message	e
F	org.telegram.tgnet.lj0	date	c
F	org.telegram.tgnet.lj0	unread_count	e
F	org.telegram.tgnet.ll	peer	b
F	org.telegram.tgnet.lo	id	E
F	org.telegram.tgnet.lo	query	F
F	org.telegram.tgnet.ls	access_hash	b
F	org.telegram.tgnet.ls	id	a
F	org.telegram.tgnet.ly	media	c
F	org.telegram.tgnet.lz	photo	b
F	org.telegram.tgnet.m1	access_hash	b
F	org.telegram.tgnet.m1	dc_id	d
F	org.telegram.tgnet.m1	id	a
F	org.telegram.tgnet.m1	size	c
F	org.telegram.tgnet.m10	options	d
F	org.telegram.tgnet.m10	peer	b
F	org.telegram.tgnet.m2	access_hash	b
F	org.telegram.tgnet.m2	user_id	a
F	org.telegram.tgnet.m3	flags	a
F	org.telegram.tgnet.m4	progress	a
F	org.telegram.tgnet.m50	caption	b
F	org.telegram.tgnet.m50	flags	a
F	org.telegram.tgnet.m60	id	b
F	org.telegram.tgnet.m60	peer	c
F	org.telegram.tgnet.m60	user_id	d
F	org.telegram.tgnet.m70	flags	a
F	org.telegram.tgnet.m70	limit	g
F	org.telegram.tgnet.m70	offset	f
F	org.telegram.tgnet.m80	hash	a
F	org.telegram.tgnet.m80	stickers	b
F	org.telegram.tgnet.m9	message	a
F	org.telegram.tgnet.ma0	flags	a
F	org.telegram.tgnet.ma0	status	d
F	org.telegram.tgnet.mb	limit	b
F	org.telegram.tgnet.mb	offset	c
F	org.telegram.tgnet.mc	options	b
F	org.telegram.tgnet.mc	title	a
F	org.telegram.tgnet.me	flags	a
F	org.telegram.tgnet.me	token	j
F	org.telegram.tgnet.mh	description	b
F	org.telegram.tgnet.mh	filter	a
F	org.telegram.tgnet.ml	message	a
F	org.telegram.tgnet.mo	url	E
F	org.telegram.tgnet.ms	id	a
F	org.telegram.tgnet.mt	n	a
F	org.telegram.tgnet.mt	x	b
F	org.telegram.tgnet.mt	y	c
F	org.telegram.tgnet.mu	active	M
F	org.telegram.tgnet.mu	flags	K
F	org.telegram.tgnet.mw	from_id	Y
F	org.telegram.tgnet.mw	message	U
F	org.telegram.tgnet.mw	saved	L
F	org.telegram.tgnet.my	flags	c
F	org.telegram.tgnet.my	h	e
F	org.telegram.tgnet.my	w	d
F	org.telegram.tgnet.n0	access_hash	r
F	org.telegram.tgnet.n0	broadcast	p
F	org.telegram.tgnet.n0	color	c0
F	org.telegram.tgnet.n0	date	c
F	org.telegram.tgnet.n0	flags	d
F	org.telegram.tgnet.n0	id	a
F	org.telegram.tgnet.n0	left	j
F	org.telegram.tgnet.n0	level	f0
F	org.telegram.tgnet.n0	min	z
F	org.telegram.tgnet.n0	photo	m
F	org.telegram.tgnet.n0	restricted	v
F	org.telegram.tgnet.n0	title	b
F	org.telegram.tgnet.n0	username	y
F	org.telegram.tgnet.n0	version	o
F	org.telegram.tgnet.n1	bytes	d
F	org.telegram.tgnet.n1	chat_id	b
F	org.telegram.tgnet.n1	date	c
F	org.telegram.tgnet.n1	file	e
F	org.telegram.tgnet.n10	count	a
F	org.telegram.tgnet.n4	access_hash	k
F	org.telegram.tgnet.n4	archived	c
F	org.telegram.tgnet.n4	count	n
F	org.telegram.tgnet.n4	flags	a
F	org.telegram.tgnet.n4	hash	o
F	org.telegram.tgnet.n4	id	j
F	org.telegram.tgnet.n4	installed	b
F	org.telegram.tgnet.n4	official	d
F	org.telegram.tgnet.n4	title	l
F	org.telegram.tgnet.n40	flags	b
F	org.telegram.tgnet.n40	peer	c
F	org.telegram.tgnet.n50	chats	d
F	org.telegram.tgnet.n50	count	b
F	org.telegram.tgnet.n50	flags	a
F	org.telegram.tgnet.n50	reactions	c
F	org.telegram.tgnet.n50	users	e
F	org.telegram.tgnet.n60	order	c
F	org.telegram.tgnet.n60	peer	b
F	org.telegram.tgnet.n7	description	D
F	org.telegram.tgnet.n7	photo	E
F	org.telegram.tgnet.n7	test	C
F	org.telegram.tgnet.n70	amount	d
F	org.telegram.tgnet.n70	flags	b
F	org.telegram.tgnet.n9	call	a
F	org.telegram.tgnet.n90	date	a
F	org.telegram.tgnet.na0	url	a
F	org.telegram.tgnet.nb	channel	b
F	org.telegram.tgnet.nb	title	c
F	org.telegram.tgnet.nc0	state	d
F	org.telegram.tgnet.ne0	flags	a
F	org.telegram.tgnet.ne0	live	b
F	org.telegram.tgnet.ne0	max_id	c
F	org.telegram.tgnet.nf	chats	b
F	org.telegram.tgnet.nf	peer	a
F	org.telegram.tgnet.nf	users	c
F	org.telegram.tgnet.ni0	id	a
F	org.telegram.tgnet.ni0	name	b
F	org.telegram.tgnet.nl0	hash	a
F	org.telegram.tgnet.nl0	region	j
F	org.telegram.tgnet.nm0	id	a
F	org.telegram.tgnet.nm0	title	b
F	org.telegram.tgnet.nw	accepted	K
F	org.telegram.tgnet.o0	blocked	C
F	org.telegram.tgnet.o0	call	O
F	org.telegram.tgnet.o0	flags	g
F	org.telegram.tgnet.o0	id	a
F	org.telegram.tgnet.o0	location	J
F	org.telegram.tgnet.o0	stories	h0
F	org.telegram.tgnet.o0	unread_count	q
F	org.telegram.tgnet.o1	dc_id	a
F	org.telegram.tgnet.o1	file_reference	e
F	org.telegram.tgnet.o1	key	f
F	org.telegram.tgnet.o1	local_id	c
F	org.telegram.tgnet.o1	secret	d
F	org.telegram.tgnet.o1	volume_id	b
F	org.telegram.tgnet.o20	id	b
F	org.telegram.tgnet.o3	flags	a
F	org.telegram.tgnet.o3	id	d
F	org.telegram.tgnet.o3	turn	b
F	org.telegram.tgnet.o3	username	i
F	org.telegram.tgnet.o4	cover	c
F	org.telegram.tgnet.o4	set	a
F	org.telegram.tgnet.o50	chats	b
F	org.telegram.tgnet.o50	users	c
F	org.telegram.tgnet.o50	views	a
F	org.telegram.tgnet.o70	data	e
F	org.telegram.tgnet.o70	file	f
F	org.telegram.tgnet.o70	flags	a
F	org.telegram.tgnet.o80	archive	c
F	org.telegram.tgnet.o80	flags	a
F	org.telegram.tgnet.o9	message	a
F	org.telegram.tgnet.o90	g	c
F	org.telegram.tgnet.o90	p	d
F	org.telegram.tgnet.oa0	flags	a
F	org.telegram.tgnet.oa0	info	d
F	org.telegram.tgnet.ob	channel	a
F	org.telegram.tgnet.oc	channel	a
F	org.telegram.tgnet.oc	enabled	b
F	org.telegram.tgnet.oc	tabs	c
F	org.telegram.tgnet.oc0	amount	g
F	org.telegram.tgnet.oc0	flags	a
F	org.telegram.tgnet.oc0	users	b
F	org.telegram.tgnet.od0	chats	a
F	org.telegram.tgnet.oe0	rows	i
F	org.telegram.tgnet.of	flags	a
F	org.telegram.tgnet.of	limit	e
F	org.telegram.tgnet.ok	peer	a
F	org.telegram.tgnet.ol	hash	a
F	org.telegram.tgnet.om0	flags	a
F	org.telegram.tgnet.om0	list	e
F	org.telegram.tgnet.om0	title	d
F	org.telegram.tgnet.oo0	hash	a
F	org.telegram.tgnet.or	document	b
F	org.telegram.tgnet.or	emoji	c
F	org.telegram.tgnet.or	flags	a
F	org.telegram.tgnet.os	attributes	d
F	org.telegram.tgnet.os	mime_type	c
F	org.telegram.tgnet.os	size	b
F	org.telegram.tgnet.os	url	a
F	org.telegram.tgnet.p0	broadcast	c
F	org.telegram.tgnet.p0	channel	b
F	org.telegram.tgnet.p0	chat	m
F	org.telegram.tgnet.p0	color	s
F	org.telegram.tgnet.p0	flags	a
F	org.telegram.tgnet.p0	photo	j
F	org.telegram.tgnet.p0	title	g
F	org.telegram.tgnet.p1	access_hash	e
F	org.telegram.tgnet.p1	flags	a
F	org.telegram.tgnet.p20	peer	b
F	org.telegram.tgnet.p3	access_hash	d
F	org.telegram.tgnet.p3	caption	m
F	org.telegram.tgnet.p3	date	f
F	org.telegram.tgnet.p3	dc_id	j
F	org.telegram.tgnet.p3	file_reference	e
F	org.telegram.tgnet.p3	flags	a
F	org.telegram.tgnet.p3	has_stickers	b
F	org.telegram.tgnet.p3	id	c
F	org.telegram.tgnet.p3	sizes	g
F	org.telegram.tgnet.p3	user_id	k
F	org.telegram.tgnet.p30	count	d
F	org.telegram.tgnet.p30	flags	a
F	org.telegram.tgnet.p30	hash	c
F	org.telegram.tgnet.p30	premium	b
F	org.telegram.tgnet.p30	unread	f
F	org.telegram.tgnet.p4	accepted	b
F	org.telegram.tgnet.p4	flags	a
F	org.telegram.tgnet.p4	rejected	c
F	org.telegram.tgnet.p60	flags	a
F	org.telegram.tgnet.p60	peer	e
F	org.telegram.tgnet.p70	files	b
F	org.telegram.tgnet.p70	messages	a
F	org.telegram.tgnet.p80	limit	g
F	org.telegram.tgnet.pa0	flags	a
F	org.telegram.tgnet.pa0	id	b
F	org.telegram.tgnet.pb	address	j
F	org.telegram.tgnet.pb	broadcast	b
F	org.telegram.tgnet.pb	flags	a
F	org.telegram.tgnet.pb	title	f
F	org.telegram.tgnet.pc	channel	a
F	org.telegram.tgnet.pc	enabled	e
F	org.telegram.tgnet.pc	flags	b
F	org.telegram.tgnet.pc0	amount	d
F	org.telegram.tgnet.pc0	flags	a
F	org.telegram.tgnet.pf	chats	b
F	org.telegram.tgnet.pf	users	c
F	org.telegram.tgnet.pf0	phone	a
F	org.telegram.tgnet.ph	peer	a
F	org.telegram.tgnet.pk	offset	c
F	org.telegram.tgnet.pk	user_id	b
F	org.telegram.tgnet.po	description	G
F	org.telegram.tgnet.po	flags	E
F	org.telegram.tgnet.po	payload	J
F	org.telegram.tgnet.po	photo	H
F	org.telegram.tgnet.po	provider	K
F	org.telegram.tgnet.po	title	F
F	org.telegram.tgnet.po0	hash	b
F	org.telegram.tgnet.po0	tags	a
F	org.telegram.tgnet.pp	peer	b
F	org.telegram.tgnet.ps	access_hash	b
F	org.telegram.tgnet.ps	h	d
F	org.telegram.tgnet.ps	scale	f
F	org.telegram.tgnet.ps	w	c
F	org.telegram.tgnet.pv	count	K
F	org.telegram.tgnet.pw	from_id	W
F	org.telegram.tgnet.pw	message	f0
F	org.telegram.tgnet.pw	peer	X
F	org.telegram.tgnet.pw	saved	M
F	org.telegram.tgnet.q1	flags	a
F	org.telegram.tgnet.q10	hash	a
F	org.telegram.tgnet.q10	reactions	b
F	org.telegram.tgnet.q30	count	a
F	org.telegram.tgnet.q40	attached	b
F	org.telegram.tgnet.q40	flags	a
F	org.telegram.tgnet.q40	hash	c
F	org.telegram.tgnet.q60	flags	a
F	org.telegram.tgnet.q70	flags	a
F	org.telegram.tgnet.q70	id	j
F	org.telegram.tgnet.q70	peer	e
F	org.telegram.tgnet.q80	flags	a
F	org.telegram.tgnet.q80	pending	b
F	org.telegram.tgnet.q80	text	d
F	org.telegram.tgnet.q90	id	a
F	org.telegram.tgnet.qa0	date	b
F	org.telegram.tgnet.qa0	peer_id	a
F	org.telegram.tgnet.qb	channel	b
F	org.telegram.tgnet.qc	flags	b
F	org.telegram.tgnet.qd0	users	a
F	org.telegram.tgnet.qe	flags	a
F	org.telegram.tgnet.qf0	flags	a
F	org.telegram.tgnet.qf0	type	e
F	org.telegram.tgnet.qg0	flags	a
F	org.telegram.tgnet.qg0	peer	c
F	org.telegram.tgnet.qh0	id	a
F	org.telegram.tgnet.qh0	title	b
F	org.telegram.tgnet.qi0	peer	a
F	org.telegram.tgnet.qj0	limit	c
F	org.telegram.tgnet.qj0	offset	b
F	org.telegram.tgnet.ql	colors	d
F	org.telegram.tgnet.ql	flags	a
F	org.telegram.tgnet.ql	hidden	b
F	org.telegram.tgnet.qo	flags	E
F	org.telegram.tgnet.qo	payload	H
F	org.telegram.tgnet.qq	users	b
F	org.telegram.tgnet.qs	access_hash	b
F	org.telegram.tgnet.qs	url	a
F	org.telegram.tgnet.r0	date	d
F	org.telegram.tgnet.r0	flags	a
F	org.telegram.tgnet.r0	user_id	b
F	org.telegram.tgnet.r1	access_hash	n
F	org.telegram.tgnet.r1	flags	a
F	org.telegram.tgnet.r1	id	m
F	org.telegram.tgnet.r1	min	C
F	org.telegram.tgnet.r1	title	p
F	org.telegram.tgnet.r1	version	v
F	org.telegram.tgnet.r2	flags	a
F	org.telegram.tgnet.r2	key	b
F	org.telegram.tgnet.r2	value	j
F	org.telegram.tgnet.r20	id	b
F	org.telegram.tgnet.r20	peer	a
F	org.telegram.tgnet.r3	closed	c
F	org.telegram.tgnet.r3	flags	b
F	org.telegram.tgnet.r3	hash	s
F	org.telegram.tgnet.r3	id	a
F	org.telegram.tgnet.r30	chats	f
F	org.telegram.tgnet.r30	count	c
F	org.telegram.tgnet.r30	flags	a
F	org.telegram.tgnet.r30	messages	e
F	org.telegram.tgnet.r30	topics	d
F	org.telegram.tgnet.r30	users	g
F	org.telegram.tgnet.r40	add_offset	e
F	org.telegram.tgnet.r40	hash	g
F	org.telegram.tgnet.r40	limit	f
F	org.telegram.tgnet.r40	offset_date	d
F	org.telegram.tgnet.r40	offset_id	c
F	org.telegram.tgnet.r40	peer	a
F	org.telegram.tgnet.r6	current	b
F	org.telegram.tgnet.r6	flags	a
F	org.telegram.tgnet.r6	hash	i
F	org.telegram.tgnet.r6	region	t
F	org.telegram.tgnet.r60	flags	a
F	org.telegram.tgnet.r60	peer	d
F	org.telegram.tgnet.r70	flags	a
F	org.telegram.tgnet.r70	media	i
F	org.telegram.tgnet.r70	message	j
F	org.telegram.tgnet.r70	peer	f
F	org.telegram.tgnet.r8	message	a
F	org.telegram.tgnet.r80	result	a
F	org.telegram.tgnet.r90	title	b
F	org.telegram.tgnet.r90	url	a
F	org.telegram.tgnet.rc0	amount	g
F	org.telegram.tgnet.rc0	current	b
F	org.telegram.tgnet.rc0	flags	a
F	org.telegram.tgnet.rf0	types	a
F	org.telegram.tgnet.rj0	bytes	e
F	org.telegram.tgnet.rj0	mime_type	b
F	org.telegram.tgnet.rj0	size	a
F	org.telegram.tgnet.rm	data	d
F	org.telegram.tgnet.rm	peer	c
F	org.telegram.tgnet.rm	time	a
F	org.telegram.tgnet.rm	type	b
F	org.telegram.tgnet.rn	peer	a
F	org.telegram.tgnet.rq	users	b
F	org.telegram.tgnet.rs	flags	a
F	org.telegram.tgnet.rs	test	b
F	org.telegram.tgnet.s0	chat_id	b
F	org.telegram.tgnet.s0	flags	a
F	org.telegram.tgnet.s0	version	e
F	org.telegram.tgnet.s00	text	a
F	org.telegram.tgnet.s1	date	e
F	org.telegram.tgnet.s1	flags	a
F	org.telegram.tgnet.s1	from_id	d
F	org.telegram.tgnet.s1	id	c
F	org.telegram.tgnet.s1	message	f
F	org.telegram.tgnet.s10	flags	a
F	org.telegram.tgnet.s2	action	g
F	org.telegram.tgnet.s2	attachPath	h0
F	org.telegram.tgnet.s2	date	f
F	org.telegram.tgnet.s2	destroyTime	o0
F	org.telegram.tgnet.s2	dialog_id	m0
F	org.telegram.tgnet.s2	flags	k
F	org.telegram.tgnet.s2	from_id	b
F	org.telegram.tgnet.s2	id	a
F	org.telegram.tgnet.s2	legacy	B
F	org.telegram.tgnet.s2	local_id	l0
F	org.telegram.tgnet.s2	media	j
F	org.telegram.tgnet.s2	message	i
F	org.telegram.tgnet.s2	offline	S
F	org.telegram.tgnet.s2	out	o
F	org.telegram.tgnet.s2	params	i0
F	org.telegram.tgnet.s2	peer_id	d
F	org.telegram.tgnet.s2	pinned	E
F	org.telegram.tgnet.s2	post	z
F	org.telegram.tgnet.s2	reactions	L
F	org.telegram.tgnet.s2	reply_markup	s
F	org.telegram.tgnet.s2	send_state	f0
F	org.telegram.tgnet.s2	unread	p
F	org.telegram.tgnet.s2	views	t
F	org.telegram.tgnet.s3	flags	a
F	org.telegram.tgnet.s3	media	d
F	org.telegram.tgnet.s3	text	b
F	org.telegram.tgnet.s30	flags	a
F	org.telegram.tgnet.s30	id	i
F	org.telegram.tgnet.s40	flags	a
F	org.telegram.tgnet.s40	hash	g
F	org.telegram.tgnet.s40	limit	f
F	org.telegram.tgnet.s40	offset_date	b
F	org.telegram.tgnet.s40	offset_id	c
F	org.telegram.tgnet.s6	disabled	b
F	org.telegram.tgnet.s6	flags	a
F	org.telegram.tgnet.s60	flags	a
F	org.telegram.tgnet.s60	url	g
F	org.telegram.tgnet.s70	flags	a
F	org.telegram.tgnet.s70	message	j
F	org.telegram.tgnet.s70	peer	g
F	org.telegram.tgnet.s80	flags	a
F	org.telegram.tgnet.s80	id	c
F	org.telegram.tgnet.s80	peer	b
F	org.telegram.tgnet.s80	text	d
F	org.telegram.tgnet.s90	flags	a
F	org.telegram.tgnet.s90	name	b
F	org.telegram.tgnet.s90	phone	c
F	org.telegram.tgnet.sb	channel	a
F	org.telegram.tgnet.sb	id	b
F	org.telegram.tgnet.sc	flags	b
F	org.telegram.tgnet.sc	limit	e
F	org.telegram.tgnet.sc	offset	d
F	org.telegram.tgnet.se	date	g
F	org.telegram.tgnet.se	flags	a
F	org.telegram.tgnet.sf	chats	b
F	org.telegram.tgnet.sf	users	c
F	org.telegram.tgnet.sh0	color	n
F	org.telegram.tgnet.sh0	flags	a
F	org.telegram.tgnet.sh0	media	o
F	org.telegram.tgnet.sh0	message	g
F	org.telegram.tgnet.sh0	photo	i
F	org.telegram.tgnet.sh0	title	f
F	org.telegram.tgnet.sh0	url	e
F	org.telegram.tgnet.sj0	flags	a
F	org.telegram.tgnet.sj0	url	b
F	org.telegram.tgnet.sl	colors	a
F	org.telegram.tgnet.sm	access_hash	c
F	org.telegram.tgnet.sm	id	b
F	org.telegram.tgnet.sm0	access_hash	e
F	org.telegram.tgnet.sm0	color	U
F	org.telegram.tgnet.sm0	deleted	o
F	org.telegram.tgnet.sm0	first_name	b
F	org.telegram.tgnet.sm0	flags	j
F	org.telegram.tgnet.sm0	id	a
F	org.telegram.tgnet.sm0	last_name	c
F	org.telegram.tgnet.sm0	min	y
F	org.telegram.tgnet.sm0	phone	f
F	org.telegram.tgnet.sm0	photo	g
F	org.telegram.tgnet.sm0	premium	E
F	org.telegram.tgnet.sm0	restricted	x
F	org.telegram.tgnet.sm0	self	l
F	org.telegram.tgnet.sm0	status	i
F	org.telegram.tgnet.sm0	support	A
F	org.telegram.tgnet.sm0	username	d
F	org.telegram.tgnet.so	id	E
F	org.telegram.tgnet.su	from_id	K
F	org.telegram.tgnet.sv	flags	K
F	org.telegram.tgnet.sv	info	M
F	org.telegram.tgnet.sv	payload	L
F	org.telegram.tgnet.t0	dc_id	f
F	org.telegram.tgnet.t0	flags	a
F	org.telegram.tgnet.t1	date	n
F	org.telegram.tgnet.t1	flags	a
F	org.telegram.tgnet.t1	left	c
F	org.telegram.tgnet.t1	min	g
F	org.telegram.tgnet.t1	muted	b
F	org.telegram.tgnet.t1	peer	m
F	org.telegram.tgnet.t1	self	k
F	org.telegram.tgnet.t1	source	p
F	org.telegram.tgnet.t1	video	t
F	org.telegram.tgnet.t10	alert	b
F	org.telegram.tgnet.t10	flags	a
F	org.telegram.tgnet.t10	message	e
F	org.telegram.tgnet.t10	url	f
F	org.telegram.tgnet.t2	address	b
F	org.telegram.tgnet.t2	amount	v
F	org.telegram.tgnet.t2	call	f
F	org.telegram.tgnet.t2	channel_id	g
F	org.telegram.tgnet.t2	chat_id	j
F	org.telegram.tgnet.t2	flags	o
F	org.telegram.tgnet.t2	message	d
F	org.telegram.tgnet.t2	payload	I
F	org.telegram.tgnet.t2	peer	H
F	org.telegram.tgnet.t2	photo	i
F	org.telegram.tgnet.t2	reason	q
F	org.telegram.tgnet.t2	score	A
F	org.telegram.tgnet.t2	title	a
F	org.telegram.tgnet.t2	user_id	k
F	org.telegram.tgnet.t2	users	e
F	org.telegram.tgnet.t2	video	B
F	org.telegram.tgnet.t3	flags	a
F	org.telegram.tgnet.t30	hash	a
F	org.telegram.tgnet.t4	flags	a
F	org.telegram.tgnet.t40	add_offset	f
F	org.telegram.tgnet.t40	flags	a
F	org.telegram.tgnet.t40	limit	g
F	org.telegram.tgnet.t40	offset_date	e
F	org.telegram.tgnet.t40	offset_id	d
F	org.telegram.tgnet.t40	peer	c
F	org.telegram.tgnet.t6	flags	a
F	org.telegram.tgnet.t6	id	c
F	org.telegram.tgnet.t60	flags	a
F	org.telegram.tgnet.t60	peer	b
F	org.telegram.tgnet.t60	url	e
F	org.telegram.tgnet.t70	flags	a
F	org.telegram.tgnet.t70	peer	d
F	org.telegram.tgnet.t8	call	a
F	org.telegram.tgnet.t80	result	a
F	org.telegram.tgnet.t90	id	a
F	org.telegram.tgnet.t90	title	b
F	org.telegram.tgnet.tc	channel	a
F	org.telegram.tgnet.tc	username	b
F	org.telegram.tgnet.te	user_id	a
F	org.telegram.tgnet.te0	rows	i
F	org.telegram.tgnet.tf0	data	c
F	org.telegram.tgnet.tf0	files	i
F	org.telegram.tgnet.tf0	flags	a
F	org.telegram.tgnet.tf0	hash	k
F	org.telegram.tgnet.tf0	type	b
F	org.telegram.tgnet.th0	text	a
F	org.telegram.tgnet.ti	flags	a
F	org.telegram.tgnet.ti	params	e
F	org.telegram.tgnet.tl	colors	b
F	org.telegram.tgnet.tl	hash	a
F	org.telegram.tgnet.tm0	blocked	c
F	org.telegram.tgnet.tm0	flags	a
F	org.telegram.tgnet.tm0	id	L
F	org.telegram.tgnet.tm0	note	l0
F	org.telegram.tgnet.tm0	settings	J
F	org.telegram.tgnet.tm0	stories	S
F	org.telegram.tgnet.tm0	theme	K
F	org.telegram.tgnet.tm0	user	y
F	org.telegram.tgnet.tr	id	b
F	org.telegram.tgnet.tu	message	O
F	org.telegram.tgnet.u20	filters	c
F	org.telegram.tgnet.u20	flags	a
F	org.telegram.tgnet.u3	flags	a
F	org.telegram.tgnet.u3	min	b
F	org.telegram.tgnet.u4	colors	d
F	org.telegram.tgnet.u4	flags	a
F	org.telegram.tgnet.u4	icon	c
F	org.telegram.tgnet.u4	name	b
F	org.telegram.tgnet.u40	flags	a
F	org.telegram.tgnet.u40	hash	c
F	org.telegram.tgnet.u40	peer	b
F	org.telegram.tgnet.u50	chat_id	a
F	org.telegram.tgnet.u6	flags	a
F	org.telegram.tgnet.u6	premium	c
F	org.telegram.tgnet.u6	reaction	d
F	org.telegram.tgnet.u6	title	e
F	org.telegram.tgnet.u60	flags	a
F	org.telegram.tgnet.u60	peer	d
F	org.telegram.tgnet.u60	url	f
F	org.telegram.tgnet.u7	address	c
F	org.telegram.tgnet.u7	flags	a
F	org.telegram.tgnet.u70	count	e
F	org.telegram.tgnet.u70	flags	a
F	org.telegram.tgnet.u70	peer	c
F	org.telegram.tgnet.u70	privacy	b
F	org.telegram.tgnet.u80	peer	b
F	org.telegram.tgnet.ub	channel	b
F	org.telegram.tgnet.ub	flags	a
F	org.telegram.tgnet.ub	user_id	c
F	org.telegram.tgnet.uf0	hash	c
F	org.telegram.tgnet.uf0	text	d
F	org.telegram.tgnet.uf0	type	b
F	org.telegram.tgnet.uh0	flags	a
F	org.telegram.tgnet.uh0	peer	c
F	org.telegram.tgnet.uj0	flags	a
F	org.telegram.tgnet.uj0	region	l
F	org.telegram.tgnet.um0	dc_id	g
F	org.telegram.tgnet.um0	flags	a
F	org.telegram.tgnet.uo	poll	E
F	org.telegram.tgnet.uq	id	n
F	org.telegram.tgnet.uw	rejected	K
F	org.telegram.tgnet.uy	value	a
F	org.telegram.tgnet.v00	flags	a
F	org.telegram.tgnet.v00	views	b
F	org.telegram.tgnet.v1	access_hash	b
F	org.telegram.tgnet.v1	channel_id	a
F	org.telegram.tgnet.v2	attachPath	a
F	org.telegram.tgnet.v30	hash	c
F	org.telegram.tgnet.v30	stickers	d
F	org.telegram.tgnet.v4	color	b
F	org.telegram.tgnet.v4	name	a
F	org.telegram.tgnet.v40	hash	c
F	org.telegram.tgnet.v40	peer	b
F	org.telegram.tgnet.v5	flags	a
F	org.telegram.tgnet.v50	count	a
F	org.telegram.tgnet.v6	name	b
F	org.telegram.tgnet.v6	url	a
F	org.telegram.tgnet.v60	peer	b
F	org.telegram.tgnet.v70	completed	d
F	org.telegram.tgnet.v70	peer	b
F	org.telegram.tgnet.v90	title	a
F	org.telegram.tgnet.vb	channel	a
F	org.telegram.tgnet.vb0	sizes	a
F	org.telegram.tgnet.vc	delete_messages	e
F	org.telegram.tgnet.vc	flags	a
F	org.telegram.tgnet.vc	other	m
F	org.telegram.tgnet.ve	status	b
F	org.telegram.tgnet.ve	user_id	a
F	org.telegram.tgnet.ve0	flags	a
F	org.telegram.tgnet.ve0	optional	b
F	org.telegram.tgnet.vf	data	a
F	org.telegram.tgnet.vf0	field	d
F	org.telegram.tgnet.vf0	text	e
F	org.telegram.tgnet.vf0	type	b
F	org.telegram.tgnet.vh0	flags	a
F	org.telegram.tgnet.vi0	category	a
F	org.telegram.tgnet.vi0	count	b
F	org.telegram.tgnet.vj	code	a
F	org.telegram.tgnet.vj	text	b
F	org.telegram.tgnet.vm0	flags	a
F	org.telegram.tgnet.vr	amount	g
F	org.telegram.tgnet.vr	flags	a
F	org.telegram.tgnet.vr	restore	b
F	org.telegram.tgnet.vu	message	K
F	org.telegram.tgnet.w0	action	e
F	org.telegram.tgnet.w0	flags	g
F	org.telegram.tgnet.w0	media	d
F	org.telegram.tgnet.w0	message	c
F	org.telegram.tgnet.w2	date	f
F	org.telegram.tgnet.w2	flags	a
F	org.telegram.tgnet.w2	from_id	d
F	org.telegram.tgnet.w40	id	b
F	org.telegram.tgnet.w40	peer	a
F	org.telegram.tgnet.w50	chats	c
F	org.telegram.tgnet.w50	dialogs	a
F	org.telegram.tgnet.w50	messages	b
F	org.telegram.tgnet.w50	state	e
F	org.telegram.tgnet.w50	users	d
F	org.telegram.tgnet.w60	flags	a
F	org.telegram.tgnet.w60	message	e
F	org.telegram.tgnet.w60	peer	d
F	org.telegram.tgnet.w7	action	d
F	org.telegram.tgnet.w7	date	b
F	org.telegram.tgnet.w7	id	a
F	org.telegram.tgnet.w7	user_id	c
F	org.telegram.tgnet.w70	flags	b
F	org.telegram.tgnet.w70	peer	e
F	org.telegram.tgnet.w80	flags	a
F	org.telegram.tgnet.w80	id	f
F	org.telegram.tgnet.w80	peer	e
F	org.telegram.tgnet.w9	value	a
F	org.telegram.tgnet.w90	chats	l
F	org.telegram.tgnet.w90	date	f
F	org.telegram.tgnet.w90	flags	a
F	org.telegram.tgnet.w90	from_id	c
F	org.telegram.tgnet.w90	users	m
F	org.telegram.tgnet.wb	channel	b
F	org.telegram.tgnet.wb	flags	a
F	org.telegram.tgnet.wb	max_id	f
F	org.telegram.tgnet.we0	options	b
F	org.telegram.tgnet.we0	title	a
F	org.telegram.tgnet.wf	flags	a
F	org.telegram.tgnet.wf	id	g
F	org.telegram.tgnet.wf	isStatic	f
F	org.telegram.tgnet.wf	secret	k
F	org.telegram.tgnet.wf0	text	d
F	org.telegram.tgnet.wf0	type	b
F	org.telegram.tgnet.wh0	keyword	b
F	org.telegram.tgnet.wj	url	a
F	org.telegram.tgnet.wk	flags	a
F	org.telegram.tgnet.wk0	active	c
F	org.telegram.tgnet.wk0	flags	a
F	org.telegram.tgnet.wk0	username	d
F	org.telegram.tgnet.wl	users	f
F	org.telegram.tgnet.wl	videos	d
F	org.telegram.tgnet.wl0	stickers	e
F	org.telegram.tgnet.wm	peer	c
F	org.telegram.tgnet.wm0	count	a
F	org.telegram.tgnet.wm0	users	b
F	org.telegram.tgnet.wn0	hash	b
F	org.telegram.tgnet.wr	amount	c
F	org.telegram.tgnet.wr	user_id	a
F	org.telegram.tgnet.ws	url	a
F	org.telegram.tgnet.wx	date	g
F	org.telegram.tgnet.x	in	e
F	org.telegram.tgnet.x	isOut	a
F	org.telegram.tgnet.x	len	g
F	org.telegram.tgnet.x	out	c
F	org.telegram.tgnet.x0	ttl_seconds	a
F	org.telegram.tgnet.x20	chat_id	c
F	org.telegram.tgnet.x20	flags	a
F	org.telegram.tgnet.x30	flags	a
F	org.telegram.tgnet.x30	limit	e
F	org.telegram.tgnet.x30	offset_id	d
F	org.telegram.tgnet.x40	flags	b
F	org.telegram.tgnet.x5	flags	b
F	org.telegram.tgnet.x50	chats	b
F	org.telegram.tgnet.x50	settings	a
F	org.telegram.tgnet.x50	users	c
F	org.telegram.tgnet.x70	id	b
F	org.telegram.tgnet.x70	peer	a
F	org.telegram.tgnet.x80	chats	d
F	org.telegram.tgnet.x80	count	b
F	org.telegram.tgnet.x80	flags	a
F	org.telegram.tgnet.x80	users	e
F	org.telegram.tgnet.xa0	peer	b
F	org.telegram.tgnet.xb	flags	b
F	org.telegram.tgnet.xc	flags	a
F	org.telegram.tgnet.xe	first_name	d
F	org.telegram.tgnet.xe	flags	a
F	org.telegram.tgnet.xe	id	c
F	org.telegram.tgnet.xe	last_name	e
F	org.telegram.tgnet.xe	note	g
F	org.telegram.tgnet.xe	phone	f
F	org.telegram.tgnet.xf0	text	d
F	org.telegram.tgnet.xf0	type	b
F	org.telegram.tgnet.xh0	documents	b
F	org.telegram.tgnet.xj	link	a
F	org.telegram.tgnet.xk	semantics	a
F	org.telegram.tgnet.xk	sources	b
F	org.telegram.tgnet.xl0	id	d
F	org.telegram.tgnet.xl0	peer	c
F	org.telegram.tgnet.xm0	access_hash	b
F	org.telegram.tgnet.xm0	caption	m
F	org.telegram.tgnet.xm0	date	d
F	org.telegram.tgnet.xm0	dc_id	i
F	org.telegram.tgnet.xm0	h	k
F	org.telegram.tgnet.xm0	id	a
F	org.telegram.tgnet.xm0	key	n
F	org.telegram.tgnet.xm0	mime_type	l
F	org.telegram.tgnet.xm0	size	f
F	org.telegram.tgnet.xm0	user_id	c
F	org.telegram.tgnet.xm0	w	j
F	org.telegram.tgnet.xn	call	j
F	org.telegram.tgnet.xn	scale	l
F	org.telegram.tgnet.xo	id	F
F	org.telegram.tgnet.xo	peer	E
F	org.telegram.tgnet.xo0	count	c
F	org.telegram.tgnet.xo0	users	b
F	org.telegram.tgnet.xr	amount	e
F	org.telegram.tgnet.xr	flags	a
F	org.telegram.tgnet.xr	message	f
F	org.telegram.tgnet.xr	users	b
F	org.telegram.tgnet.xs	value	a
F	org.telegram.tgnet.y0	access_hash	A
F	org.telegram.tgnet.y0	address	v
F	org.telegram.tgnet.y0	attributes	o
F	org.telegram.tgnet.y0	caption	p
F	org.telegram.tgnet.y0	date	B
F	org.telegram.tgnet.y0	dc_id	C
F	org.telegram.tgnet.y0	file_name	t
F	org.telegram.tgnet.y0	first_name	j
F	org.telegram.tgnet.y0	h	s
F	org.telegram.tgnet.y0	id	z
F	org.telegram.tgnet.y0	key	d
F	org.telegram.tgnet.y0	last_name	k
F	org.telegram.tgnet.y0	mime_type	b
F	org.telegram.tgnet.y0	provider	x
F	org.telegram.tgnet.y0	size	c
F	org.telegram.tgnet.y0	title	u
F	org.telegram.tgnet.y0	url	q
F	org.telegram.tgnet.y0	user_id	l
F	org.telegram.tgnet.y0	w	r
F	org.telegram.tgnet.y1	access_hash	b
F	org.telegram.tgnet.y1	file_reference	c
F	org.telegram.tgnet.y1	id	a
F	org.telegram.tgnet.y10	users	b
F	org.telegram.tgnet.y2	date	f
F	org.telegram.tgnet.y2	flags	a
F	org.telegram.tgnet.y2	peer_id	d
F	org.telegram.tgnet.y2	reaction	e
F	org.telegram.tgnet.y2	unread	c
F	org.telegram.tgnet.y20	chats	g
F	org.telegram.tgnet.y20	flags	a
F	org.telegram.tgnet.y20	max_id	c
F	org.telegram.tgnet.y20	messages	b
F	org.telegram.tgnet.y20	unread_count	f
F	org.telegram.tgnet.y20	users	i
F	org.telegram.tgnet.y4	hash	a
F	org.telegram.tgnet.y4	users	c
F	org.telegram.tgnet.y40	filter	e
F	org.telegram.tgnet.y40	flags	b
F	org.telegram.tgnet.y40	peer	c
F	org.telegram.tgnet.y60	attached	b
F	org.telegram.tgnet.y60	flags	a
F	org.telegram.tgnet.y80	chats	b
F	org.telegram.tgnet.y80	users	c
F	org.telegram.tgnet.y90	flags	a
F	org.telegram.tgnet.yb	channel	b
F	org.telegram.tgnet.yb	flags	c
F	org.telegram.tgnet.ye	flags	a
F	org.telegram.tgnet.yg0	progress	b
F	org.telegram.tgnet.yh	free	u
F	org.telegram.tgnet.yi	keyword	b
F	org.telegram.tgnet.yj	flags	a
F	org.telegram.tgnet.yj	hash	e
F	org.telegram.tgnet.yj	text	d
F	org.telegram.tgnet.yl	chats	k
F	org.telegram.tgnet.yl	flags	a
F	org.telegram.tgnet.yl	peer	d
F	org.telegram.tgnet.yl	proxy	b
F	org.telegram.tgnet.yl	users	l
F	org.telegram.tgnet.ym0	flags	a
F	org.telegram.tgnet.ym0	h	e
F	org.telegram.tgnet.ym0	location	c
F	org.telegram.tgnet.ym0	size	f
F	org.telegram.tgnet.ym0	type	b
F	org.telegram.tgnet.ym0	w	d
F	org.telegram.tgnet.yn0	documents	c
F	org.telegram.tgnet.yn0	effects	b
F	org.telegram.tgnet.yn0	hash	a
F	org.telegram.tgnet.yo0	flags	a
F	org.telegram.tgnet.yo0	peer	e
F	org.telegram.tgnet.yo0	pinned	d
F	org.telegram.tgnet.yo0	unread_count	j
F	org.telegram.tgnet.yr	amount	l
F	org.telegram.tgnet.yr	flags	a
F	org.telegram.tgnet.ys	value	a
F	org.telegram.tgnet.yw	list	K
F	org.telegram.tgnet.z0	flags	a
F	org.telegram.tgnet.z0	id	u
F	org.telegram.tgnet.z0	peer	e
F	org.telegram.tgnet.z0	pinned	b
F	org.telegram.tgnet.z0	unread_count	j
F	org.telegram.tgnet.z1	access_hash	b
F	org.telegram.tgnet.z1	id	a
F	org.telegram.tgnet.z10	chats	b
F	org.telegram.tgnet.z10	users	c
F	org.telegram.tgnet.z2	date	b
F	org.telegram.tgnet.z2	peer	a
F	org.telegram.tgnet.z20	chat_id	a
F	org.telegram.tgnet.z20	user_id	b
F	org.telegram.tgnet.z3	chat_id	a
F	org.telegram.tgnet.z3	set	e
F	org.telegram.tgnet.z3	url	b
F	org.telegram.tgnet.z3	user_id	d
F	org.telegram.tgnet.z30	data	e
F	org.telegram.tgnet.z30	flags	a
F	org.telegram.tgnet.z30	peer	c
F	org.telegram.tgnet.z4	users	b
F	org.telegram.tgnet.z40	limit	d
F	org.telegram.tgnet.z40	offset_id	c
F	org.telegram.tgnet.z40	peer	b
F	org.telegram.tgnet.z5	flags	b
F	org.telegram.tgnet.z5	name	d
F	org.telegram.tgnet.z50	flags	a
F	org.telegram.tgnet.z50	peer	b
F	org.telegram.tgnet.z60	chats	c
F	org.telegram.tgnet.z60	dialogs	a
F	org.telegram.tgnet.z60	messages	b
F	org.telegram.tgnet.z60	users	d
F	org.telegram.tgnet.z8	user_id	a
F	org.telegram.tgnet.z80	flags	a
F	org.telegram.tgnet.z80	user_id	d
F	org.telegram.tgnet.z9	message	a
F	org.telegram.tgnet.z90	flags	b
F	org.telegram.tgnet.z90	peer	d
F	org.telegram.tgnet.z90	revoke	e
F	org.telegram.tgnet.za	flags	b
F	org.telegram.tgnet.zd0	count	d
F	org.telegram.tgnet.zf0	text	d
F	org.telegram.tgnet.zf0	type	b
F	org.telegram.tgnet.zk0	chats	b
F	org.telegram.tgnet.zk0	users	c
F	org.telegram.tgnet.zl0	documents	c
F	org.telegram.tgnet.zl0	settings	d
F	org.telegram.tgnet.zm	id	b
F	org.telegram.tgnet.zm0	access_hash	g
F	org.telegram.tgnet.zm0	document	j
F	org.telegram.tgnet.zm0	flags	b
F	org.telegram.tgnet.zm0	id	a
F	org.telegram.tgnet.zm0	pattern	e
F	org.telegram.tgnet.zn	peer	b
F	org.telegram.tgnet.zo0	chats	g
F	org.telegram.tgnet.zo0	dialog	j
F	org.telegram.tgnet.zo0	flags	a
F	org.telegram.tgnet.zo0	messages	k
F	org.telegram.tgnet.zo0	users	i
F	org.telegram.tgnet.zp	flags	a
F	org.telegram.tgnet.zr	flags	a
F	org.telegram.tgnet.zr	restore	b
F	org.telegram.tgnet.zu	flags	K
F	org.telegram.tgnet.zz	emoji	b
F	org.telegram.ui.ActionBar.ActionBarLayout	attached	a
F	org.telegram.ui.ActionBar.ActionBarLayout	delegate	I0
F	org.telegram.ui.ActionBar.ActionBarLayout	main	K0
F	org.telegram.ui.ActionBar.ActionBarLayout	parentActivity	J0
F	org.telegram.ui.ActionBar.ActionBarLayout	window	c
F	org.telegram.ui.ActionBar.ActionBarPopupWindow$ActionBarPopupWindowLayout	backgroundColor	L
F	org.telegram.ui.ActionBar.ActionBarPopupWindow$ActionBarPopupWindowLayout	path	R
F	org.telegram.ui.ActionBar.ActionBarPopupWindow$ActionBarPopupWindowLayout	scrollView	J
F	org.telegram.ui.ActionBar.AlertDialog$Builder	red	b
F	org.telegram.ui.ActionBar.a0	ids	e
F	org.telegram.ui.ActionBar.c4	isOpen	T
F	org.telegram.ui.ActionBar.c4	tabsView	a
F	org.telegram.ui.ActionBar.e1	label	e0
F	org.telegram.ui.ActionBar.f1	location	r
F	org.telegram.ui.ActionBar.f1	value	a
F	org.telegram.ui.ActionBar.f4	NONE	a
F	org.telegram.ui.ActionBar.f4	VERTICAL	b
F	org.telegram.ui.ActionBar.f5	resourcesProvider	n
F	org.telegram.ui.ActionBar.g2	backgroundColor	T0
F	org.telegram.ui.ActionBar.g2	resourcesProvider	Q0
F	org.telegram.ui.ActionBar.g2	title	Q
F	org.telegram.ui.ActionBar.g6	DEFAULT	h
F	org.telegram.ui.ActionBar.g6	PRIMARY	n
F	org.telegram.ui.ActionBar.h6	color	d
F	org.telegram.ui.ActionBar.h6	dialogId	n
F	org.telegram.ui.ActionBar.h6	fileName	a
F	org.telegram.ui.ActionBar.h6	requestIds	s
F	org.telegram.ui.ActionBar.h6	rotation	h
F	org.telegram.ui.ActionBar.i1	bottom	y
F	org.telegram.ui.ActionBar.i1	imageView	c
F	org.telegram.ui.ActionBar.i1	textView	a
F	org.telegram.ui.ActionBar.i1	top	x
F	org.telegram.ui.ActionBar.j3	this$0	F
F	org.telegram.ui.ActionBar.j3	y	x
F	org.telegram.ui.ActionBar.j5	fragment	a
F	org.telegram.ui.ActionBar.k3	insets	b
F	org.telegram.ui.ActionBar.k4	currentAccount	g
F	org.telegram.ui.ActionBar.k4	emoji	e
F	org.telegram.ui.ActionBar.k4	items	f
F	org.telegram.ui.ActionBar.k4	key	c
F	org.telegram.ui.ActionBar.k5	instant	d
F	org.telegram.ui.ActionBar.k5	resourcesProvider	m
F	org.telegram.ui.ActionBar.k5	theme	a
F	org.telegram.ui.ActionBar.l2	color	i
F	org.telegram.ui.ActionBar.l2	paint	a
F	org.telegram.ui.ActionBar.m	contentView	I0
F	org.telegram.ui.ActionBar.m	menu	D
F	org.telegram.ui.ActionBar.m	parentFragment	s0
F	org.telegram.ui.ActionBar.m	resourcesProvider	H0
F	org.telegram.ui.ActionBar.m	subtitle	z0
F	org.telegram.ui.ActionBar.m	subtitleTextView	r
F	org.telegram.ui.ActionBar.m6	accentColor	c
F	org.telegram.ui.ActionBar.m6	account	t
F	org.telegram.ui.ActionBar.m6	id	a
F	org.telegram.ui.ActionBar.m6	info	r
F	org.telegram.ui.ActionBar.m6	pattern	s
F	org.telegram.ui.ActionBar.n5	alpha	F
F	org.telegram.ui.ActionBar.n5	isOut	q
F	org.telegram.ui.ActionBar.n5	matrix	k
F	org.telegram.ui.ActionBar.n5	paint	c
F	org.telegram.ui.ActionBar.n5	path	n
F	org.telegram.ui.ActionBar.n5	resourcesProvider	p
F	org.telegram.ui.ActionBar.n6	account	D
F	org.telegram.ui.ActionBar.n6	info	E
F	org.telegram.ui.ActionBar.n6	loaded	F
F	org.telegram.ui.ActionBar.n6	name	a
F	org.telegram.ui.ActionBar.o6	chat_timePaint	T2
F	org.telegram.ui.ActionBar.o6	key_actionBarActionModeDefaultIcon	y8
F	org.telegram.ui.ActionBar.o6	key_actionBarDefault	s8
F	org.telegram.ui.ActionBar.o6	key_actionBarDefaultTitle	A8
F	org.telegram.ui.ActionBar.o6	key_windowBackgroundWhite	d6
F	org.telegram.ui.ActionBar.o6	key_windowBackgroundWhiteBlackText	G6
F	org.telegram.ui.ActionBar.o6	key_windowBackgroundWhiteBlueText	n6
F	org.telegram.ui.ActionBar.o6	key_windowBackgroundWhiteGrayText2	z6
F	org.telegram.ui.ActionBar.q3	index	c
F	org.telegram.ui.ActionBar.q3	progress	p
F	org.telegram.ui.ActionBar.q3	tab	a
F	org.telegram.ui.ActionBar.q3	title	t
F	org.telegram.ui.ActionBar.q6	delegate	h
F	org.telegram.ui.ActionBar.r5	maxLines	r
F	org.telegram.ui.ActionBar.r5	path	z0
F	org.telegram.ui.ActionBar.r5	text	s
F	org.telegram.ui.ActionBar.s3	backButton	u
F	org.telegram.ui.ActionBar.s3	backgroundColor	r
F	org.telegram.ui.ActionBar.s3	error	G
F	org.telegram.ui.ActionBar.s3	expanded	j
F	org.telegram.ui.ActionBar.s3	proxy	d
F	org.telegram.ui.ActionBar.s3	settings	v
F	org.telegram.ui.ActionBar.s3	viewWidth	g
F	org.telegram.ui.ActionBar.t3	backgroundColor	f
F	org.telegram.ui.ActionBar.t3	currentAccount	w
F	org.telegram.ui.ActionBar.t3	tabs	J
F	org.telegram.ui.ActionBar.w0	icon	c
F	org.telegram.ui.ActionBar.w0	id	b
F	org.telegram.ui.ActionBar.w0	text	e
F	org.telegram.ui.ActionBar.w0	view	i
F	org.telegram.ui.ActionBar.w0	visibility	k
F	org.telegram.ui.ActionBar.x	this$0	D
F	org.telegram.ui.ActionBar.y0	delegate	O
F	org.telegram.ui.ActionBar.y0	location	I
F	org.telegram.ui.ActionBar.y0	popupLayout	b
F	org.telegram.ui.ActionBar.y0	resourcesProvider	l0
F	org.telegram.ui.ActionBar.y0	textView	D
F	org.telegram.ui.ActionBar.z	cell	m
F	org.telegram.ui.ActionBar.z	visibility	l
F	org.telegram.ui.Cells.ThemesHorizontalListCell$InnerThemeView	button	a
F	org.telegram.ui.Cells.a2	resourcesProvider	b
F	org.telegram.ui.Cells.a2	textView	e
F	org.telegram.ui.Cells.a6	right	D
F	org.telegram.ui.Cells.b4	currentChat	G
F	org.telegram.ui.Cells.b4	nameTextView	c
F	org.telegram.ui.Cells.d6	callbacks	h
F	org.telegram.ui.Cells.d6	currentAccount	a
F	org.telegram.ui.Cells.d6	loaded	c
F	org.telegram.ui.Cells.e2	buttonState	T
F	org.telegram.ui.Cells.e2	currentAccount	d
F	org.telegram.ui.Cells.e2	currentMessageObject	P
F	org.telegram.ui.Cells.e2	delegate	a0
F	org.telegram.ui.Cells.e2	documentAttach	J
F	org.telegram.ui.Cells.e2	parentObject	e
F	org.telegram.ui.Cells.e4	animator	F
F	org.telegram.ui.Cells.e4	isChecked	G
F	org.telegram.ui.Cells.e4	lastName	x
F	org.telegram.ui.Cells.e4	padding	E
F	org.telegram.ui.Cells.f0	button	i
F	org.telegram.ui.Cells.f0	height	f
F	org.telegram.ui.Cells.f0	paint	o
F	org.telegram.ui.Cells.f0	path	n
F	org.telegram.ui.Cells.f0	title	h
F	org.telegram.ui.Cells.f0	width	e
F	org.telegram.ui.Cells.f0	x	c
F	org.telegram.ui.Cells.f0	y	d
F	org.telegram.ui.Cells.f5	attached	n
F	org.telegram.ui.Cells.f5	imageView	a
F	org.telegram.ui.Cells.f5	resourcesProvider	e
F	org.telegram.ui.Cells.f6	ad	x
F	org.telegram.ui.Cells.f6	chat	D
F	org.telegram.ui.Cells.f6	currentAccount	M
F	org.telegram.ui.Cells.f6	dialog_id	G
F	org.telegram.ui.Cells.f6	lastName	H
F	org.telegram.ui.Cells.f6	resourcesProvider	w
F	org.telegram.ui.Cells.f6	user	y
F	org.telegram.ui.Cells.g6	textView	a
F	org.telegram.ui.Cells.h4	TAG	H
F	org.telegram.ui.Cells.h4	album	w
F	org.telegram.ui.Cells.h4	cell	e
F	org.telegram.ui.Cells.h4	filename	v
F	org.telegram.ui.Cells.h4	h	r
F	org.telegram.ui.Cells.h4	hidden	h
F	org.telegram.ui.Cells.h4	icon	G
F	org.telegram.ui.Cells.h4	media	D
F	org.telegram.ui.Cells.h4	video	x
F	org.telegram.ui.Cells.h4	w	n
F	org.telegram.ui.Cells.h5	textView	a
F	org.telegram.ui.Cells.h6	textView	a
F	org.telegram.ui.Cells.i4	buttonText	q
F	org.telegram.ui.Cells.i4	cell	a
F	org.telegram.ui.Cells.i4	clipRect	v
F	org.telegram.ui.Cells.i4	height	h
F	org.telegram.ui.Cells.i4	width	g
F	org.telegram.ui.Cells.i4	x	d
F	org.telegram.ui.Cells.i4	y	e
F	org.telegram.ui.Cells.i6	textView	a
F	org.telegram.ui.Cells.j	container	I
F	org.telegram.ui.Cells.j	resourcesProvider	H
F	org.telegram.ui.Cells.j8	attached	E
F	org.telegram.ui.Cells.j8	imageView	e
F	org.telegram.ui.Cells.j8	resourcesProvider	D
F	org.telegram.ui.Cells.j8	textView	a
F	org.telegram.ui.Cells.j9	layout	b
F	org.telegram.ui.Cells.k4	height	h
F	org.telegram.ui.Cells.k4	id	a
F	org.telegram.ui.Cells.k4	textView	d
F	org.telegram.ui.Cells.k6	currentAccount	b
F	org.telegram.ui.Cells.k6	dialogId	x
F	org.telegram.ui.Cells.k6	resourcesProvider	v
F	org.telegram.ui.Cells.k6	style	w
F	org.telegram.ui.Cells.m2	date	h
F	org.telegram.ui.Cells.m2	id	c
F	org.telegram.ui.Cells.m2	message	b
F	org.telegram.ui.Cells.m2	muted	f
F	org.telegram.ui.Cells.m2	name	a
F	org.telegram.ui.Cells.m2	pinned	e
F	org.telegram.ui.Cells.m2	sent	k
F	org.telegram.ui.Cells.m2	type	g
F	org.telegram.ui.Cells.m2	unread_count	d
F	org.telegram.ui.Cells.n8	id	a
F	org.telegram.ui.Cells.o	color	n
F	org.telegram.ui.Cells.o8	attached	H
F	org.telegram.ui.Cells.o8	height	n
F	org.telegram.ui.Cells.o8	padding	D
F	org.telegram.ui.Cells.o8	resourcesProvider	E
F	org.telegram.ui.Cells.o8	textView	c
F	org.telegram.ui.Cells.oa	dialogId	T
F	org.telegram.ui.Cells.oa	nameTextView	b
F	org.telegram.ui.Cells.oa	query	K
F	org.telegram.ui.Cells.oa	resourcesProvider	y
F	org.telegram.ui.Cells.p0	chat	o
F	org.telegram.ui.Cells.p0	name	e
F	org.telegram.ui.Cells.p2	width	a
F	org.telegram.ui.Cells.pa	value	b
F	org.telegram.ui.Cells.q0	cell	a
F	org.telegram.ui.Cells.q0	currentAccount	b
F	org.telegram.ui.Cells.q0	dialogId	c
F	org.telegram.ui.Cells.q0	loading	t
F	org.telegram.ui.Cells.q0	msg	d
F	org.telegram.ui.Cells.q4	height	a
F	org.telegram.ui.Cells.q6	imageView	h
F	org.telegram.ui.Cells.q6	linearLayout	x
F	org.telegram.ui.Cells.q6	nameTextView	b
F	org.telegram.ui.Cells.q6	onlineTextView	c
F	org.telegram.ui.Cells.q8	colors	e
F	org.telegram.ui.Cells.q8	textView	a
F	org.telegram.ui.Cells.qa	currentAccount	a
F	org.telegram.ui.Cells.qa	dialogId	c
F	org.telegram.ui.Cells.qa	fullBounds	w
F	org.telegram.ui.Cells.qa	height	I
F	org.telegram.ui.Cells.qa	resourcesProvider	b
F	org.telegram.ui.Cells.qa	rows	h
F	org.telegram.ui.Cells.qa	subtitle	e
F	org.telegram.ui.Cells.qa	title	d
F	org.telegram.ui.Cells.qa	width	J
F	org.telegram.ui.Cells.r2	chat	f2
F	org.telegram.ui.Cells.r2	collapsed	f
F	org.telegram.ui.Cells.r2	message	e1
F	org.telegram.ui.Cells.r2	messageId	k1
F	org.telegram.ui.Cells.r2	resourcesProvider	E4
F	org.telegram.ui.Cells.r2	tags	s0
F	org.telegram.ui.Cells.r2	unreadCount	R0
F	org.telegram.ui.Cells.r2	user	e2
F	org.telegram.ui.Cells.r5	animator	I
F	org.telegram.ui.Cells.r5	delegate	w
F	org.telegram.ui.Cells.r5	lock	V
F	org.telegram.ui.Cells.r5	resourcesProvider	J
F	org.telegram.ui.Cells.s1	height	c
F	org.telegram.ui.Cells.s1	task	t
F	org.telegram.ui.Cells.s1	title	p
F	org.telegram.ui.Cells.s1	y	b
F	org.telegram.ui.Cells.s3	textView	a
F	org.telegram.ui.Cells.s4	imageView	c
F	org.telegram.ui.Cells.s9	path	e
F	org.telegram.ui.Cells.sa	animator	f
F	org.telegram.ui.Cells.t2	textView	b
F	org.telegram.ui.Cells.t6	imageView	c
F	org.telegram.ui.Cells.t6	left	e
F	org.telegram.ui.Cells.t7	max	b
F	org.telegram.ui.Cells.t7	min	a
F	org.telegram.ui.Cells.t7	toString	e
F	org.telegram.ui.Cells.t9	parentView	F
F	org.telegram.ui.Cells.t9	resourcesProvider	g0
F	org.telegram.ui.Cells.t9	selectionEnd	v
F	org.telegram.ui.Cells.t9	selectionStart	u
F	org.telegram.ui.Cells.ta	size	a
F	org.telegram.ui.Cells.u1	TAG	G7
F	org.telegram.ui.Cells.u1	buttonState	N4
F	org.telegram.ui.Cells.u1	currentAccount	H7
F	org.telegram.ui.Cells.u1	currentCaption	e4
F	org.telegram.ui.Cells.u1	currentChat	Yb
F	org.telegram.ui.Cells.u1	currentMessageObject	x7
F	org.telegram.ui.Cells.u1	currentMessagesGroup	J
F	org.telegram.ui.Cells.u1	currentTimeString	sb
F	org.telegram.ui.Cells.u1	currentUser	Xb
F	org.telegram.ui.Cells.u1	delegate	Ic
F	org.telegram.ui.Cells.u1	documentAttach	K1
F	org.telegram.ui.Cells.u1	edited	Zc
F	org.telegram.ui.Cells.u1	layoutHeight	L8
F	org.telegram.ui.Cells.u1	miniButtonState	W4
F	org.telegram.ui.Cells.u1	resourcesProvider	Hd
F	org.telegram.ui.Cells.u1	timeTextWidth	pb
F	org.telegram.ui.Cells.u1	timeWidth	ob
F	org.telegram.ui.Cells.u7	label	s
F	org.telegram.ui.Cells.u7	resourcesProvider	a
F	org.telegram.ui.Cells.u7	value	f
F	org.telegram.ui.Cells.u8	imageView	d
F	org.telegram.ui.Cells.u8	resourcesProvider	n
F	org.telegram.ui.Cells.u8	textView	a
F	org.telegram.ui.Cells.u9	padding	s
F	org.telegram.ui.Cells.u9	paint	F
F	org.telegram.ui.Cells.u9	resourcesProvider	a
F	org.telegram.ui.Cells.u9	textView	b
F	org.telegram.ui.Cells.w1	imageView	b
F	org.telegram.ui.Cells.w1	resourcesProvider	d
F	org.telegram.ui.Cells.w1	textView	a
F	org.telegram.ui.Cells.w8	resourcesProvider	s
F	org.telegram.ui.Cells.w8	text	r
F	org.telegram.ui.Cells.x0	currentAccount	G
F	org.telegram.ui.Cells.x0	currentMessageObject	G0
F	org.telegram.ui.Cells.x0	delegate	W0
F	org.telegram.ui.Cells.x0	themeDelegate	X0
F	org.telegram.ui.Cells.y	TAG	D
F	org.telegram.ui.Cells.y	buttonState	E
F	org.telegram.ui.Cells.y	currentAccount	y
F	org.telegram.ui.Cells.y	currentMessageObject	w
F	org.telegram.ui.Cells.y	miniButtonState	F
F	org.telegram.ui.Cells.y	resourcesProvider	J
F	org.telegram.ui.Cells.y5	divider	f
F	org.telegram.ui.Cells.y5	imageView	c
F	org.telegram.ui.Cells.y5	resourcesProvider	h
F	org.telegram.ui.Cells.y5	textView	a
F	org.telegram.ui.Cells.y7	alpha	n
F	org.telegram.ui.Cells.y7	currentAccount	D
F	org.telegram.ui.Cells.y7	isPremiumSticker	F
F	org.telegram.ui.Cells.y7	parentObject	e
F	org.telegram.ui.Cells.y7	sticker	c
F	org.telegram.ui.Cells.y8	height	e
F	org.telegram.ui.Cells.y8	textView	a
F	org.telegram.ui.Cells.z2	contentView	b
F	org.telegram.ui.Cells.z2	imageView	h
F	org.telegram.ui.Cells.z2	messageView	d
F	org.telegram.ui.Cells.z2	parentView	a
F	org.telegram.ui.Cells.z4	nameTextView	b
F	org.telegram.ui.Cells.z4	resourcesProvider	d
F	org.telegram.ui.Cells.z9	textView	a
F	org.telegram.ui.Components.AnimatedArrowDrawable	paint	a
F	org.telegram.ui.Components.AnimatedArrowDrawable	path	b
F	org.telegram.ui.Components.AnimatedPhoneNumberEditText	progress	r
F	org.telegram.ui.Components.ChatActivityEnterView	currentAccount	P
F	org.telegram.ui.Components.ChatActivityEnterView	delegate	X2
F	org.telegram.ui.Components.ChatActivityEnterView	dialog_id	O2
F	org.telegram.ui.Components.ChatActivityEnterView	info	b2
F	org.telegram.ui.Components.ChatActivityEnterView	isInVideoMode	b1
F	org.telegram.ui.Components.ChatActivityEnterView	lineCount	S
F	org.telegram.ui.Components.ChatActivityEnterView	location	L2
F	org.telegram.ui.Components.ChatActivityEnterView	paint	K3
F	org.telegram.ui.Components.ChatActivityEnterView	parentActivity	M2
F	org.telegram.ui.Components.ChatActivityEnterView	parentFragment	N2
F	org.telegram.ui.Components.ChatActivityEnterView	recordingAudioVideo	D2
F	org.telegram.ui.Components.ChatActivityEnterView	resourcesProvider	U3
F	org.telegram.ui.Components.ChatAttachAlertPhotoLayout	adapter	F
F	org.telegram.ui.Components.ChatAttachAlertPhotoLayout	isHidden	M
F	org.telegram.ui.Components.ChatAttachAlertPhotoLayout	loading	W0
F	org.telegram.ui.Components.CheckBox	color	E
F	org.telegram.ui.Components.CheckBox	drawBitmap	c
F	org.telegram.ui.Components.CheckBox	isChecked	x
F	org.telegram.ui.Components.CheckBox	paint	G
F	org.telegram.ui.Components.CheckBox	progress	r
F	org.telegram.ui.Components.CheckBox	size	y
F	org.telegram.ui.Components.CheckBoxBase	alpha	h
F	org.telegram.ui.Components.CheckBoxBase	backgroundColor	x
F	org.telegram.ui.Components.CheckBoxBase	bounds	b
F	org.telegram.ui.Components.CheckBoxBase	enabled	k
F	org.telegram.ui.Components.CheckBoxBase	paint	I
F	org.telegram.ui.Components.CheckBoxBase	parentView	a
F	org.telegram.ui.Components.CheckBoxBase	path	j
F	org.telegram.ui.Components.CheckBoxBase	progress	o
F	org.telegram.ui.Components.CheckBoxBase	size	B
F	org.telegram.ui.Components.CheckBoxSquare	progress	d
F	org.telegram.ui.Components.ClippingImageView	in	J
F	org.telegram.ui.Components.ClippingImageView	matrix	w
F	org.telegram.ui.Components.ClippingImageView	paint	s
F	org.telegram.ui.Components.ClippingImageView	radius	y
F	org.telegram.ui.Components.ColorPicker$RadioButton	checked	d
F	org.telegram.ui.Components.ColorPicker$RadioButton	paint	a
F	org.telegram.ui.Components.Crop.CropAreaView	left	b
F	org.telegram.ui.Components.Crop.CropAreaView	scale	n0
F	org.telegram.ui.Components.Crop.CropAreaView	size	a
F	org.telegram.ui.Components.Crop.CropAreaView	subtitle	h0
F	org.telegram.ui.Components.Crop.CropAreaView	top	c
F	org.telegram.ui.Components.FragmentContextView	fragment	h
F	org.telegram.ui.Components.NumberTextView	animator	d
F	org.telegram.ui.Components.NumberTextView	progress	e
F	org.telegram.ui.Components.PipRoundVideoView	currentAccount	b
F	org.telegram.ui.Components.PipRoundVideoView	imageView	d
F	org.telegram.ui.Components.PipRoundVideoView	preferences	x
F	org.telegram.ui.Components.Premium.LimitPreviewView	icon	r
F	org.telegram.ui.Components.Premium.LimitPreviewView	position	x
F	org.telegram.ui.Components.Premium.LimitPreviewView	progress	h
F	org.telegram.ui.Components.Premium.LimitPreviewView	resourcesProvider	R
F	org.telegram.ui.Components.RadialProgress2	parent	b
F	org.telegram.ui.Components.RadialProgress2	resourcesProvider	F
F	org.telegram.ui.Components.RadialProgressView	size	x
F	org.telegram.ui.Components.RadioButton	color	b
F	org.telegram.ui.Components.RadioButton	icon	r
F	org.telegram.ui.Components.RadioButton	paint	s
F	org.telegram.ui.Components.RadioButton	progress	c
F	org.telegram.ui.Components.RadioButton	size	h
F	org.telegram.ui.Components.ScrollSlidingTextTabStrip	delegate	b
F	org.telegram.ui.Components.ScrollSlidingTextTabStrip	isOpen	l0
F	org.telegram.ui.Components.ScrollSlidingTextTabStrip	left	i0
F	org.telegram.ui.Components.ScrollSlidingTextTabStrip	open	j0
F	org.telegram.ui.Components.ScrollSlidingTextTabStrip	resourcesProvider	c
F	org.telegram.ui.Components.ShutterButton	delegate	e
F	org.telegram.ui.Components.ShutterButton	state	f
F	org.telegram.ui.Components.Switch	isChecked	h
F	org.telegram.ui.Components.Switch	paint	n
F	org.telegram.ui.Components.Switch	progress	c
F	org.telegram.ui.Components.Switch	resourcesProvider	U
F	org.telegram.ui.Components.ThemeEditorView	parentActivity	b
F	org.telegram.ui.Components.ThemeEditorView	preferences	j
F	org.telegram.ui.Components.ThemeEditorView$EditorAlert	this$0	K
F	org.telegram.ui.Components.UndoView	currentAccount	x
F	org.telegram.ui.Components.UndoView	isShown	P
F	org.telegram.ui.Components.UndoView	parentFragment	s
F	org.telegram.ui.Components.UndoView	resourcesProvider	U
F	org.telegram.ui.Components.a00	alpha	c
F	org.telegram.ui.Components.a00	color	a
F	org.telegram.ui.Components.a00	resourcesProvider	d
F	org.telegram.ui.Components.a8	instance	S0
F	org.telegram.ui.Components.a8	listAdapter	s
F	org.telegram.ui.Components.a8	parentActivity	F0
F	org.telegram.ui.Components.ac0	x	a
F	org.telegram.ui.Components.ac0	y	b
F	org.telegram.ui.Components.ad	imageView	a
F	org.telegram.ui.Components.ad	space	c
F	org.telegram.ui.Components.ad	textView	b
F	org.telegram.ui.Components.ai	resourcesProvider	a
F	org.telegram.ui.Components.ak0	alpha	h
F	org.telegram.ui.Components.ak0	paint	b
F	org.telegram.ui.Components.ak0	text	e
F	org.telegram.ui.Components.ay0	alpha	v
F	org.telegram.ui.Components.ay0	linearLayout	a
F	org.telegram.ui.Components.b6	layout	b
F	org.telegram.ui.Components.b6	left	e
F	org.telegram.ui.Components.b6	offset	c
F	org.telegram.ui.Components.b6	width	f
F	org.telegram.ui.Components.b8	current	d
F	org.telegram.ui.Components.b8	rotation	r
F	org.telegram.ui.Components.b9	alpha	i
F	org.telegram.ui.Components.bc0	commands	a
F	org.telegram.ui.Components.bc0	time	b
F	org.telegram.ui.Components.bq	delegate	a
F	org.telegram.ui.Components.bq	resourcesProvider	c0
F	org.telegram.ui.Components.br	paint	c
F	org.telegram.ui.Components.br	progress	g
F	org.telegram.ui.Components.c21	end	b
F	org.telegram.ui.Components.c21	start	a
F	org.telegram.ui.Components.c5	currentAccount	e
F	org.telegram.ui.Components.ca	bounds	q
F	org.telegram.ui.Components.ca	manager	a
F	org.telegram.ui.Components.ca	matrix	p
F	org.telegram.ui.Components.ca	paint	h
F	org.telegram.ui.Components.ca	type	i
F	org.telegram.ui.Components.ca	view	b
F	org.telegram.ui.Components.cc0	x	a
F	org.telegram.ui.Components.cc0	y	b
F	org.telegram.ui.Components.cg0	bitmap	b
F	org.telegram.ui.Components.cj0	padding	c
F	org.telegram.ui.Components.cj0	parent	b
F	org.telegram.ui.Components.d00	applied	d
F	org.telegram.ui.Components.d00	originalText	a
F	org.telegram.ui.Components.d00	style	c
F	org.telegram.ui.Components.da	invalidate	e
F	org.telegram.ui.Components.da	padding	d
F	org.telegram.ui.Components.da0	drawable	c
F	org.telegram.ui.Components.da0	w	g
F	org.telegram.ui.Components.db0	resourcesProvider	F
F	org.telegram.ui.Components.dc0	x	a
F	org.telegram.ui.Components.dc0	y	b
F	org.telegram.ui.Components.df0	resourcesProvider	H
F	org.telegram.ui.Components.dg	p	x
F	org.telegram.ui.Components.dg	path	w
F	org.telegram.ui.Components.dk0	context	a
F	org.telegram.ui.Components.dk0	resourcesProvider	b
F	org.telegram.ui.Components.dr	progress	c
F	org.telegram.ui.Components.dy0	context	c
F	org.telegram.ui.Components.e21	context	e
F	org.telegram.ui.Components.e21	currentAccount	f
F	org.telegram.ui.Components.e21	dialog	n
F	org.telegram.ui.Components.e21	fillItems	s
F	org.telegram.ui.Components.e21	items	x
F	org.telegram.ui.Components.e21	listView	d
F	org.telegram.ui.Components.e21	resourcesProvider	v
F	org.telegram.ui.Components.e5	account	x
F	org.telegram.ui.Components.e5	alpha	v
F	org.telegram.ui.Components.e5	attached	w
F	org.telegram.ui.Components.e6	alpha	w
F	org.telegram.ui.Components.e6	animator	o
F	org.telegram.ui.Components.e6	bounds	x
F	org.telegram.ui.Components.e6	currentText	g
F	org.telegram.ui.Components.e6	t	m
F	org.telegram.ui.Components.e60	container	a
F	org.telegram.ui.Components.e60	context	e
F	org.telegram.ui.Components.e60	layout	A
F	org.telegram.ui.Components.e60	linearLayout	B
F	org.telegram.ui.Components.e60	point	o
F	org.telegram.ui.Components.e60	resourcesProvider	d
F	org.telegram.ui.Components.ea	bitmap	p
F	org.telegram.ui.Components.ea	buffer	o
F	org.telegram.ui.Components.ea	height	b
F	org.telegram.ui.Components.ea	matrix	j
F	org.telegram.ui.Components.ea	padding	c
F	org.telegram.ui.Components.ea	width	a
F	org.telegram.ui.Components.ec	layout	e
F	org.telegram.ui.Components.ec	loaded	n
F	org.telegram.ui.Components.ec	tag	a
F	org.telegram.ui.Components.eg0	backgroundColor	F
F	org.telegram.ui.Components.eg0	icon	r
F	org.telegram.ui.Components.eg0	resourcesProvider	a
F	org.telegram.ui.Components.eg0	title	e
F	org.telegram.ui.Components.eo0	closeButton	r
F	org.telegram.ui.Components.eo0	container	a
F	org.telegram.ui.Components.eo0	icon	b
F	org.telegram.ui.Components.eo0	images	h
F	org.telegram.ui.Components.eo0	name	c
F	org.telegram.ui.Components.eo0	obj	d
F	org.telegram.ui.Components.eq	background	a
F	org.telegram.ui.Components.eq	icon	b
F	org.telegram.ui.Components.eq	left	c
F	org.telegram.ui.Components.eq	top	d
F	org.telegram.ui.Components.er	DEFAULT	f
F	org.telegram.ui.Components.et0	backgroundColor	c
F	org.telegram.ui.Components.ey	currentAccount	b1
F	org.telegram.ui.Components.ey	info	I1
F	org.telegram.ui.Components.ey	premiumTabNum	H1
F	org.telegram.ui.Components.f6	drawable	c
F	org.telegram.ui.Components.f6	first	r
F	org.telegram.ui.Components.f6	maxWidth	e
F	org.telegram.ui.Components.f8	callback	c
F	org.telegram.ui.Components.fa0	alpha	L
F	org.telegram.ui.Components.fa0	colors	a
F	org.telegram.ui.Components.fa0	matrix	A
F	org.telegram.ui.Components.fa0	paint	n
F	org.telegram.ui.Components.fa0	parentView	c
F	org.telegram.ui.Components.fc0	chatId	n
F	org.telegram.ui.Components.fh0	height	c
F	org.telegram.ui.Components.fh0	scaleX	d0
F	org.telegram.ui.Components.fh0	scaleY	e0
F	org.telegram.ui.Components.fh0	width	b
F	org.telegram.ui.Components.fi	this$0	I
F	org.telegram.ui.Components.fs0	getter	a
F	org.telegram.ui.Components.fv	id	a
F	org.telegram.ui.Components.fv	imageView	d
F	org.telegram.ui.Components.fv	selected	G
F	org.telegram.ui.Components.fx0	end	c
F	org.telegram.ui.Components.fx0	flags	a
F	org.telegram.ui.Components.fx0	header	e
F	org.telegram.ui.Components.fx0	start	b
F	org.telegram.ui.Components.g30	accent	h
F	org.telegram.ui.Components.g30	linearLayout	d
F	org.telegram.ui.Components.g30	resourcesProvider	a
F	org.telegram.ui.Components.g31	height	c
F	org.telegram.ui.Components.g31	original	a
F	org.telegram.ui.Components.g31	width	b
F	org.telegram.ui.Components.g40	buffer	a
F	org.telegram.ui.Components.g40	last	f
F	org.telegram.ui.Components.g40	offset	b
F	org.telegram.ui.Components.g40	read	c
F	org.telegram.ui.Components.g5	alpha	l
F	org.telegram.ui.Components.g5	currentAccount	h
F	org.telegram.ui.Components.g5	document	e
F	org.telegram.ui.Components.g5	views	b
F	org.telegram.ui.Components.g80	paint	b
F	org.telegram.ui.Components.g80	scale	h
F	org.telegram.ui.Components.gh0	drawable	b
F	org.telegram.ui.Components.gh0	playing	f
F	org.telegram.ui.Components.gm0	height	h
F	org.telegram.ui.Components.gm0	isUnread	u
F	org.telegram.ui.Components.gm0	loading	z
F	org.telegram.ui.Components.gm0	messageObject	m
F	org.telegram.ui.Components.gm0	progress	c
F	org.telegram.ui.Components.gm0	selected	o
F	org.telegram.ui.Components.gm0	width	g
F	org.telegram.ui.Components.go0	currentAccount	c
F	org.telegram.ui.Components.gt0	colors	b
F	org.telegram.ui.Components.gt0	drawable	a
F	org.telegram.ui.Components.gv0	currentAccount	a
F	org.telegram.ui.Components.gv0	show	s
F	org.telegram.ui.Components.gx0	style	b
F	org.telegram.ui.Components.gy	textView	b
F	org.telegram.ui.Components.hg0	height	e
F	org.telegram.ui.Components.hg0	width	d
F	org.telegram.ui.Components.hh0	parent	i
F	org.telegram.ui.Components.hj	currentAccount	r
F	org.telegram.ui.Components.hj	this$0	v
F	org.telegram.ui.Components.hk	emojiView	n
F	org.telegram.ui.Components.hk	sticker	w
F	org.telegram.ui.Components.ho	active	n
F	org.telegram.ui.Components.ho	icon	b
F	org.telegram.ui.Components.ho	name	c
F	org.telegram.ui.Components.ho	obj	d
F	org.telegram.ui.Components.ho	resourcesProvider	a
F	org.telegram.ui.Components.hv	id	h
F	org.telegram.ui.Components.hv	shown	n
F	org.telegram.ui.Components.i31	currentAccount	a
F	org.telegram.ui.Components.i31	document	g
F	org.telegram.ui.Components.i31	height	j
F	org.telegram.ui.Components.i31	original	b
F	org.telegram.ui.Components.i31	size	k
F	org.telegram.ui.Components.i31	uri	d
F	org.telegram.ui.Components.i31	width	i
F	org.telegram.ui.Components.i51	delegate	K
F	org.telegram.ui.Components.ia0	paint	a
F	org.telegram.ui.Components.ii	currentAccount	I1
F	org.telegram.ui.Components.ii	delegate	Y1
F	org.telegram.ui.Components.ii	dialogId	Y
F	org.telegram.ui.Components.ii	paint	K0
F	org.telegram.ui.Components.ii	sent	r2
F	org.telegram.ui.Components.im0	invalidate	b
F	org.telegram.ui.Components.im0	shown	j
F	org.telegram.ui.Components.iw0	path	b
F	org.telegram.ui.Components.iw0	resourcesProvider	a
F	org.telegram.ui.Components.iw0	w	f
F	org.telegram.ui.Components.j0	animation	c
F	org.telegram.ui.Components.j01	textView	E
F	org.telegram.ui.Components.j20	colors	E
F	org.telegram.ui.Components.j20	key	c
F	org.telegram.ui.Components.j20	progress	x
F	org.telegram.ui.Components.j20	resourcesProvider	F
F	org.telegram.ui.Components.j20	small	G
F	org.telegram.ui.Components.j20	uid	b
F	org.telegram.ui.Components.ja0	bitmap	e
F	org.telegram.ui.Components.jf0	bounds	h
F	org.telegram.ui.Components.jf0	from	g
F	org.telegram.ui.Components.jf0	key	a
F	org.telegram.ui.Components.jf0	to	f
F	org.telegram.ui.Components.jg	left	D
F	org.telegram.ui.Components.jg	this$0	E
F	org.telegram.ui.Components.jo	maxHeight	d
F	org.telegram.ui.Components.jp	radius	g
F	org.telegram.ui.Components.jq	recycled	g
F	org.telegram.ui.Components.jr	editText	b
F	org.telegram.ui.Components.jr	views	c
F	org.telegram.ui.Components.jv	accentColor	P
F	org.telegram.ui.Components.jv	first	b0
F	org.telegram.ui.Components.jv	resourcesProvider	v
F	org.telegram.ui.Components.jv	selected	L
F	org.telegram.ui.Components.k31	delegate	I
F	org.telegram.ui.Components.k5	drawable	f
F	org.telegram.ui.Components.k5	layout	c
F	org.telegram.ui.Components.k5	view	a
F	org.telegram.ui.Components.kc	icon	d
F	org.telegram.ui.Components.kn	this$0	d
F	org.telegram.ui.Components.kp	bounds	g
F	org.telegram.ui.Components.kp	paint	e
F	org.telegram.ui.Components.kp	size	a
F	org.telegram.ui.Components.kp	start	c
F	org.telegram.ui.Components.kq	parent	H
F	org.telegram.ui.Components.kq	radius	C
F	org.telegram.ui.Components.kq	resourcesProvider	J
F	org.telegram.ui.Components.kq	type	I
F	org.telegram.ui.Components.kq	width	y
F	org.telegram.ui.Components.kq	x	B
F	org.telegram.ui.Components.ky	bounds	h
F	org.telegram.ui.Components.ky	tabs	f
F	org.telegram.ui.Components.kz0	TOP	a
F	org.telegram.ui.Components.lc	fragment	a
F	org.telegram.ui.Components.lc	resourcesProvider	c
F	org.telegram.ui.Components.lg0	isEnabled	i
F	org.telegram.ui.Components.li0	currentAccount	I
F	org.telegram.ui.Components.li0	delegate	f0
F	org.telegram.ui.Components.li0	fragment	s0
F	org.telegram.ui.Components.li0	messageObject	G
F	org.telegram.ui.Components.li0	resourcesProvider	j0
F	org.telegram.ui.Components.li0	type	L0
F	org.telegram.ui.Components.lm	header	x
F	org.telegram.ui.Components.lm	shown	P
F	org.telegram.ui.Components.lz	started	c
F	org.telegram.ui.Components.m10	bounds	h
F	org.telegram.ui.Components.m10	colors	l
F	org.telegram.ui.Components.m10	matrix	j
F	org.telegram.ui.Components.m10	paint	c
F	org.telegram.ui.Components.m31	height	i
F	org.telegram.ui.Components.m31	paint	Q
F	org.telegram.ui.Components.m31	parentView	v
F	org.telegram.ui.Components.m31	progress	a
F	org.telegram.ui.Components.m31	timestamps	F
F	org.telegram.ui.Components.m31	width	h
F	org.telegram.ui.Components.m41	delegate	y
F	org.telegram.ui.Components.m41	tabs	h
F	org.telegram.ui.Components.m6	paint	c
F	org.telegram.ui.Components.m9	attached	n
F	org.telegram.ui.Components.m9	height	d
F	org.telegram.ui.Components.m9	width	c
F	org.telegram.ui.Components.mc	animator	g
F	org.telegram.ui.Components.mc	view	a
F	org.telegram.ui.Components.mf0	color	P
F	org.telegram.ui.Components.mf0	downTime	b0
F	org.telegram.ui.Components.mf0	matrix	S
F	org.telegram.ui.Components.mf0	mode	G
F	org.telegram.ui.Components.mf0	paint	b
F	org.telegram.ui.Components.mf0	targetHeight	y
F	org.telegram.ui.Components.mf0	top	O
F	org.telegram.ui.Components.mg	resource	c
F	org.telegram.ui.Components.mi0	left	s
F	org.telegram.ui.Components.mi0	player	n
F	org.telegram.ui.Components.mi0	resourcesProvider	a
F	org.telegram.ui.Components.mi0	right	v
F	org.telegram.ui.Components.mi0	text	h
F	org.telegram.ui.Components.mj	currentAccount	x
F	org.telegram.ui.Components.mj	currentUser	f
F	org.telegram.ui.Components.mn	emojiView	D
F	org.telegram.ui.Components.mn	listAdapter	r
F	org.telegram.ui.Components.mr0	max_id	j
F	org.telegram.ui.Components.mr0	messages	a
F	org.telegram.ui.Components.mr0	min_id	k
F	org.telegram.ui.Components.mr0	sections	c
F	org.telegram.ui.Components.n21	adapter	U2
F	org.telegram.ui.Components.n30	isVideo	e
F	org.telegram.ui.Components.n30	object	a
F	org.telegram.ui.Components.n30	self	d
F	org.telegram.ui.Components.n30	type	c
F	org.telegram.ui.Components.n9	inner	c
F	org.telegram.ui.Components.n9	outer	d
F	org.telegram.ui.Components.n9	text	b
F	org.telegram.ui.Components.na0	alpha	c
F	org.telegram.ui.Components.na0	paint	b
F	org.telegram.ui.Components.nb	imageView	a
F	org.telegram.ui.Components.nb	textView	b
F	org.telegram.ui.Components.ni0	height	d
F	org.telegram.ui.Components.ni0	width	c
F	org.telegram.ui.Components.ni0	x	a
F	org.telegram.ui.Components.ni0	y	b
F	org.telegram.ui.Components.nj	listAdapter	D
F	org.telegram.ui.Components.nn	id	s
F	org.telegram.ui.Components.nn	listView	r
F	org.telegram.ui.Components.ns0	delegate	n
F	org.telegram.ui.Components.ns0	delegates	r
F	org.telegram.ui.Components.ns0	matrix	T
F	org.telegram.ui.Components.ns0	views	s0
F	org.telegram.ui.Components.ny0	context	i
F	org.telegram.ui.Components.ny0	paint	b
F	org.telegram.ui.Components.ny0	resourcesProvider	j
F	org.telegram.ui.Components.ny0	time	f
F	org.telegram.ui.Components.ny0	timeWidth	d
F	org.telegram.ui.Components.o11	started	g
F	org.telegram.ui.Components.o41	colors	E
F	org.telegram.ui.Components.o41	currentText	f
F	org.telegram.ui.Components.o41	drawBitmap	w
F	org.telegram.ui.Components.o41	parentView	D
F	org.telegram.ui.Components.o41	progress	x
F	org.telegram.ui.Components.o41	resourcesProvider	a
F	org.telegram.ui.Components.o5	stack	c
F	org.telegram.ui.Components.oe0	alpha	g
F	org.telegram.ui.Components.oe0	paint	a
F	org.telegram.ui.Components.oe0	parent	f
F	org.telegram.ui.Components.oe0	pause	c
F	org.telegram.ui.Components.oe0	progress	d
F	org.telegram.ui.Components.oe0	size	b
F	org.telegram.ui.Components.of0	lock	b
F	org.telegram.ui.Components.of0	offset	x
F	org.telegram.ui.Components.of0	size	r
F	org.telegram.ui.Components.og0	isOut	Y
F	org.telegram.ui.Components.og0	listView	I
F	org.telegram.ui.Components.oj0	attributes	M2
F	org.telegram.ui.Components.oj0	isHidden	e1
F	org.telegram.ui.Components.oj0	resourcesProvider	l2
F	org.telegram.ui.Components.os0	activity	v0
F	org.telegram.ui.Components.oz	matrix	h
F	org.telegram.ui.Components.oz	paint	c
F	org.telegram.ui.Components.oz	resourcesProvider	K
F	org.telegram.ui.Components.oz0	currentAccount	b
F	org.telegram.ui.Components.p30	canceled	S
F	org.telegram.ui.Components.p30	delegate	b
F	org.telegram.ui.Components.p30	isVideo	s
F	org.telegram.ui.Components.p30	parentFragment	a
F	org.telegram.ui.Components.p30	user	K
F	org.telegram.ui.Components.pd0	resourcesProvider	H0
F	org.telegram.ui.Components.pk0	contentView	b
F	org.telegram.ui.Components.pk0	touching	a
F	org.telegram.ui.Components.pr0	delegates	x
F	org.telegram.ui.Components.pr0	parentFragment	w
F	org.telegram.ui.Components.pr0	topicId	s
F	org.telegram.ui.Components.ps	p	a
F	org.telegram.ui.Components.ps	size	c
F	org.telegram.ui.Components.q10	currentChat	c
F	org.telegram.ui.Components.q10	currentUser	b
F	org.telegram.ui.Components.q10	name	x
F	org.telegram.ui.Components.q10	peerId	e
F	org.telegram.ui.Components.q10	progress	s
F	org.telegram.ui.Components.q10	selected	G
F	org.telegram.ui.Components.q11	accent	q
F	org.telegram.ui.Components.q11	checked	e
F	org.telegram.ui.Components.q11	collapsed	f
F	org.telegram.ui.Components.q11	enabled	g
F	org.telegram.ui.Components.q11	id	d
F	org.telegram.ui.Components.q11	intValue	z
F	org.telegram.ui.Components.q11	longValue	B
F	org.telegram.ui.Components.q11	object	G
F	org.telegram.ui.Components.q11	red	r
F	org.telegram.ui.Components.q11	subtext	m
F	org.telegram.ui.Components.q11	text	l
F	org.telegram.ui.Components.q11	view	c
F	org.telegram.ui.Components.q21	measuredHeight	r
F	org.telegram.ui.Components.q21	measuredWidth	q
F	org.telegram.ui.Components.q41	enabled	h
F	org.telegram.ui.Components.q5	bitmap	b
F	org.telegram.ui.Components.q5	height	d
F	org.telegram.ui.Components.q5	time	e
F	org.telegram.ui.Components.q5	width	c
F	org.telegram.ui.Components.q70	editor	y
F	org.telegram.ui.Components.q70	mEditor	H
F	org.telegram.ui.Components.q70	maxWidth	w
F	org.telegram.ui.Components.q70	resourcesProvider	c
F	org.telegram.ui.Components.q70	stack	d
F	org.telegram.ui.Components.qd0	button	b
F	org.telegram.ui.Components.qd0	close	r
F	org.telegram.ui.Components.qd0	time	e
F	org.telegram.ui.Components.r11	enabled	h
F	org.telegram.ui.Components.r11	style	f
F	org.telegram.ui.Components.r20	scroll	M
F	org.telegram.ui.Components.r70	color	b
F	org.telegram.ui.Components.r9	L	o
F	org.telegram.ui.Components.r9	m	q
F	org.telegram.ui.Components.r9	paint	d
F	org.telegram.ui.Components.r9	path	c
F	org.telegram.ui.Components.r9	progress	i
F	org.telegram.ui.Components.ra0	canvas	a
F	org.telegram.ui.Components.rs0	callback	M
F	org.telegram.ui.Components.rs0	paint	b
F	org.telegram.ui.Components.rs0	resourcesProvider	N
F	org.telegram.ui.Components.rw0	size	b
F	org.telegram.ui.Components.s00	matrix	h
F	org.telegram.ui.Components.s11	style	a
F	org.telegram.ui.Components.s70	icon	a
F	org.telegram.ui.Components.s70	value	e
F	org.telegram.ui.Components.sc	delegate	h
F	org.telegram.ui.Components.sc	paint	g
F	org.telegram.ui.Components.sc	rounded	n
F	org.telegram.ui.Components.t00	states	a
F	org.telegram.ui.Components.t5	scaleX	W
F	org.telegram.ui.Components.t5	scaleY	X
F	org.telegram.ui.Components.t5	stream	t0
F	org.telegram.ui.Components.t5	sync	P
F	org.telegram.ui.Components.tg0	bottom	d
F	org.telegram.ui.Components.tg0	first	e
F	org.telegram.ui.Components.tg0	last	f
F	org.telegram.ui.Components.tg0	left	a
F	org.telegram.ui.Components.tg0	right	b
F	org.telegram.ui.Components.tg0	top	c
F	org.telegram.ui.Components.tj0	animation	f
F	org.telegram.ui.Components.tj0	colorFilter	b
F	org.telegram.ui.Components.tj0	context	a
F	org.telegram.ui.Components.tj0	progress	h
F	org.telegram.ui.Components.ty	isVideo	g1
F	org.telegram.ui.Components.ty0	cell	b
F	org.telegram.ui.Components.ty0	currentAccount	a
F	org.telegram.ui.Components.ty0	image	g
F	org.telegram.ui.Components.ty0	path	i
F	org.telegram.ui.Components.ty0	resourcesProvider	c
F	org.telegram.ui.Components.ty0	text	e
F	org.telegram.ui.Components.ty0	topicId	s
F	org.telegram.ui.Components.u11	label	d
F	org.telegram.ui.Components.u11	style	b
F	org.telegram.ui.Components.u21	currentAccount	s
F	org.telegram.ui.Components.u21	type	b
F	org.telegram.ui.Components.u5	invalidate	b
F	org.telegram.ui.Components.u5	parent	a
F	org.telegram.ui.Components.u5	transition	i
F	org.telegram.ui.Components.u5	value	c
F	org.telegram.ui.Components.u70	gradient	d
F	org.telegram.ui.Components.u70	paint	v
F	org.telegram.ui.Components.u70	path	y
F	org.telegram.ui.Components.u70	resourcesProvider	a
F	org.telegram.ui.Components.u70	start	b
F	org.telegram.ui.Components.uc	color	h
F	org.telegram.ui.Components.uc	depth	k
F	org.telegram.ui.Components.uc	n	x
F	org.telegram.ui.Components.uc	offset	m
F	org.telegram.ui.Components.uc	paint	i
F	org.telegram.ui.Components.uc	progress	o
F	org.telegram.ui.Components.ug0	cell	a
F	org.telegram.ui.Components.ug0	end	d
F	org.telegram.ui.Components.ug0	id	b
F	org.telegram.ui.Components.ug0	paint	i
F	org.telegram.ui.Components.ug0	path	j
F	org.telegram.ui.Components.ug0	poll	f
F	org.telegram.ui.Components.ug0	start	c
F	org.telegram.ui.Components.ug0	t	k
F	org.telegram.ui.Components.ui0	listView	a
F	org.telegram.ui.Components.uj0	a	d
F	org.telegram.ui.Components.uj0	s	c
F	org.telegram.ui.Components.uj0	x	a
F	org.telegram.ui.Components.uj0	y	b
F	org.telegram.ui.Components.un	currentAccount	I
F	org.telegram.ui.Components.uv0	after	b
F	org.telegram.ui.Components.uv0	before	a
F	org.telegram.ui.Components.uw	documents	c
F	org.telegram.ui.Components.uw	expanded	h
F	org.telegram.ui.Components.uw	free	e
F	org.telegram.ui.Components.uw	installed	f
F	org.telegram.ui.Components.uw	set	b
F	org.telegram.ui.Components.v00	imageView	c
F	org.telegram.ui.Components.v5	view	a
F	org.telegram.ui.Components.vc	radius	j
F	org.telegram.ui.Components.vc	running	u
F	org.telegram.ui.Components.vc	small	r
F	org.telegram.ui.Components.vh0	count	s
F	org.telegram.ui.Components.vh0	radius	c
F	org.telegram.ui.Components.vh0	reaction	v
F	org.telegram.ui.Components.vj0	backgroundColor	x
F	org.telegram.ui.Components.vj0	emoji	t
F	org.telegram.ui.Components.vj0	loading	S
F	org.telegram.ui.Components.vj0	parentView	D
F	org.telegram.ui.Components.vj0	sponsored	s
F	org.telegram.ui.Components.vj0	sticker	u
F	org.telegram.ui.Components.vk	this$0	b
F	org.telegram.ui.Components.vk	views	a
F	org.telegram.ui.Components.voip.h	matrix	i
F	org.telegram.ui.Components.voip.h	progress	g
F	org.telegram.ui.Components.voip.h	size	e
F	org.telegram.ui.Components.voip.l	attached	e
F	org.telegram.ui.Components.voip.l2	currentAccount	K
F	org.telegram.ui.Components.voip.l2	instance	T
F	org.telegram.ui.Components.voip.r2	imageView	f
F	org.telegram.ui.Components.voip.s1	active	Q
F	org.telegram.ui.Components.voip.s1	path	s
F	org.telegram.ui.Components.voip.v	attached	v
F	org.telegram.ui.Components.voip.v	call	E
F	org.telegram.ui.Components.vr	color	d
F	org.telegram.ui.Components.vr	text	c
F	org.telegram.ui.Components.vr	width	e
F	org.telegram.ui.Components.vt	parentFragment	h
F	org.telegram.ui.Components.vt	resourcesProvider	L
F	org.telegram.ui.Components.vt0	currentAccount	w
F	org.telegram.ui.Components.vt0	subtitle	e
F	org.telegram.ui.Components.vt0	title	d
F	org.telegram.ui.Components.vz0	a	F
F	org.telegram.ui.Components.vz0	b	G
F	org.telegram.ui.Components.vz0	bounds	u
F	org.telegram.ui.Components.vz0	loading	k
F	org.telegram.ui.Components.vz0	parent	r
F	org.telegram.ui.Components.vz0	radius	D
F	org.telegram.ui.Components.vz0	start	t
F	org.telegram.ui.Components.w11	style	a
F	org.telegram.ui.Components.w21	disabled	f
F	org.telegram.ui.Components.w21	sizes	n
F	org.telegram.ui.Components.w8	alpha	y
F	org.telegram.ui.Components.w8	color	d
F	org.telegram.ui.Components.w8	gradient	v
F	org.telegram.ui.Components.w8	resourcesProvider	z
F	org.telegram.ui.Components.wk0	this$0	c
F	org.telegram.ui.Components.wl0	actionMode	E0
F	org.telegram.ui.Components.wl0	attached	d0
F	org.telegram.ui.Components.wl0	currentAccount	G0
F	org.telegram.ui.Components.wl0	deleteItem	D0
F	org.telegram.ui.Components.wl0	selectedFiles	y0
F	org.telegram.ui.Components.wr	tags	c
F	org.telegram.ui.Components.wt0	currentAccount	F
F	org.telegram.ui.Components.wv0	cell	c
F	org.telegram.ui.Components.wv0	layoutParams	a
F	org.telegram.ui.Components.wv0	measuredHeight	l
F	org.telegram.ui.Components.wv0	y	q
F	org.telegram.ui.Components.wz0	progress	a
F	org.telegram.ui.Components.x11	style	f
F	org.telegram.ui.Components.x31	scale	h
F	org.telegram.ui.Components.x31	show	n
F	org.telegram.ui.Components.x4	invalidate	b
F	org.telegram.ui.Components.x4	parent	a
F	org.telegram.ui.Components.x4	transition	h
F	org.telegram.ui.Components.x4	value	c
F	org.telegram.ui.Components.x90	first	c
F	org.telegram.ui.Components.xi0	paint	c
F	org.telegram.ui.Components.xi0	path	I
F	org.telegram.ui.Components.xi0	progress	e
F	org.telegram.ui.Components.xi0	this$0	n0
F	org.telegram.ui.Components.xi0	type	Q
F	org.telegram.ui.Components.xk0	rowCount	r
F	org.telegram.ui.Components.xu	currentAccount	d
F	org.telegram.ui.Components.xu	data	c
F	org.telegram.ui.Components.xv0	max	b
F	org.telegram.ui.Components.xv0	min	a
F	org.telegram.ui.Components.xw0	layout	b
F	org.telegram.ui.Components.xw0	left	d
F	org.telegram.ui.Components.xw0	maxLines	f
F	org.telegram.ui.Components.xw0	maxWidth	e
F	org.telegram.ui.Components.xw0	paint	a
F	org.telegram.ui.Components.xw0	parentView	j
F	org.telegram.ui.Components.xw0	width	c
F	org.telegram.ui.Components.y21	delegate	h
F	org.telegram.ui.Components.y8	count	n
F	org.telegram.ui.Components.y8	height	o
F	org.telegram.ui.Components.y8	paint	h
F	org.telegram.ui.Components.y8	parent	r
F	org.telegram.ui.Components.y8	width	p
F	org.telegram.ui.Components.y9	context	g
F	org.telegram.ui.Components.y9	i	p
F	org.telegram.ui.Components.y9	padding	a
F	org.telegram.ui.Components.y9	view	b
F	org.telegram.ui.Components.yk	dialogId	b0
F	org.telegram.ui.Components.yk	searching	k0
F	org.telegram.ui.Components.yr	matrix	b
F	org.telegram.ui.Components.yr	paint	a
F	org.telegram.ui.Components.ys0	color	n
F	org.telegram.ui.Components.yw0	depth	e
F	org.telegram.ui.Components.yw0	height	c
F	org.telegram.ui.Components.yw0	width	b
F	org.telegram.ui.Components.z31	delegate	s
F	org.telegram.ui.Components.z31	frames	v
F	org.telegram.ui.Components.z31	path	P
F	org.telegram.ui.Components.z31	sync	S
F	org.telegram.ui.Components.z7	context	c
F	org.telegram.ui.Components.z7	this$0	n
F	org.telegram.ui.Components.zb	imageView	a
F	org.telegram.ui.Components.zb	subtitleTextView	c
F	org.telegram.ui.Components.zc	buttons	a
F	org.telegram.ui.Components.ze0	TAG	J
F	org.telegram.ui.Components.ze0	buttonState	y
F	org.telegram.ui.Components.ze0	currentAccount	n
F	org.telegram.ui.Components.ze0	currentMessageObject	h
F	org.telegram.ui.Components.ze0	timeWidth	I
F	org.telegram.ui.Components.zg0	color	H
F	org.telegram.ui.Components.zg0	edit	a
F	org.telegram.ui.Components.zg0	end	d
F	org.telegram.ui.Components.zg0	last	n
F	org.telegram.ui.Components.zg0	start	c
F	org.telegram.ui.Components.zl0	backgroundColor	i
F	org.telegram.ui.Components.zl0	height	g
F	org.telegram.ui.Components.zl0	paint	D
F	org.telegram.ui.Components.zl0	selected	p
F	org.telegram.ui.Components.zl0	timestamps	u
F	org.telegram.ui.Components.zl0	width	f
F	org.telegram.ui.Components.zs	listeners	b
F	org.telegram.ui.Components.zs0	paint	a
F	org.telegram.ui.Components.zs0	path	b
F	org.telegram.ui.ContactsActivity	channelId	R
F	org.telegram.ui.ContactsActivity	chatId	S
F	org.telegram.ui.ContactsActivity	floatingButton	w
F	org.telegram.ui.ContactsActivity	listView	f
F	org.telegram.ui.ContactsActivity	searching	E
F	org.telegram.ui.DataAutoDownloadActivity	key	I
F	org.telegram.ui.DataAutoDownloadActivity	listAdapter	a
F	org.telegram.ui.DataAutoDownloadActivity	listView	b
F	org.telegram.ui.DataAutoDownloadActivity	presets	c
F	org.telegram.ui.DataSettingsActivity	listAdapter	a
F	org.telegram.ui.DataSettingsActivity	rowCount	T
F	org.telegram.ui.FiltersSetupActivity	adapter	b
F	org.telegram.ui.LanguageSelectActivity	listAdapter	a
F	org.telegram.ui.LanguageSelectActivity	listView	b
F	org.telegram.ui.LaunchActivity	instance	D1
F	org.telegram.ui.LaunchActivity	isActive	z1
F	org.telegram.ui.NotificationsCustomSettingsActivity	adapter	b
F	org.telegram.ui.NotificationsCustomSettingsActivity	expanded	F
F	org.telegram.ui.NotificationsCustomSettingsActivity	listView	a
F	org.telegram.ui.NotificationsSettingsActivity	adapter	c
F	org.telegram.ui.NotificationsSettingsActivity	listView	a
F	org.telegram.ui.PasscodeActivity	listView	c
F	org.telegram.ui.PasscodeActivity	type	x
F	org.telegram.ui.PasskeysActivity	listView	a
F	org.telegram.ui.PhotoViewer	currentAccount	S
F	org.telegram.ui.PhotoViewer	currentMessageObject	S4
F	org.telegram.ui.PhotoViewer	deleteItem	D0
F	org.telegram.ui.PhotoViewer	insets	r2
F	org.telegram.ui.PhotoViewer	isPlaying	O3
F	org.telegram.ui.PhotoViewer	menu	z0
F	org.telegram.ui.PhotoViewer	menuItem	n0
F	org.telegram.ui.PhotoViewer	originalHeight	b8
F	org.telegram.ui.PhotoViewer	parentActivity	y
F	org.telegram.ui.PhotoViewer	parentFragment	l4
F	org.telegram.ui.PhotoViewer	resourcesProvider	u2
F	org.telegram.ui.PhotoViewer	scale	Z5
F	org.telegram.ui.PhotoViewer	topicId	C5
F	org.telegram.ui.PhotoViewer	visibleDialog	O1
F	org.telegram.ui.PhotoViewer$BackgroundDrawable	paint	c
F	org.telegram.ui.PhotoViewer$CounterView	height	e
F	org.telegram.ui.PhotoViewer$CounterView	paint	c
F	org.telegram.ui.PhotoViewer$CounterView	rotation	n
F	org.telegram.ui.PhotoViewer$CounterView	width	d
F	org.telegram.ui.PopupNotificationActivity	actionBar	a
F	org.telegram.ui.PopupNotificationActivity	avatarContainer	f
F	org.telegram.ui.PopupNotificationActivity	chatActivityEnterView	b
F	org.telegram.ui.PopupNotificationActivity	currentMessageObject	P
F	org.telegram.ui.PopupNotificationActivity	finished	N
F	org.telegram.ui.PopupNotificationActivity	nameTextView	d
F	org.telegram.ui.PopupNotificationActivity	onlineTextView	e
F	org.telegram.ui.PremiumPreviewFragment	insets	n0
F	org.telegram.ui.PremiumPreviewFragment	listView	a
F	org.telegram.ui.PremiumPreviewFragment	matrix	R
F	org.telegram.ui.PremiumPreviewFragment	source	h0
F	org.telegram.ui.PremiumPreviewFragment	type	f0
F	org.telegram.ui.PrivacyControlActivity	listAdapter	a
F	org.telegram.ui.PrivacyControlActivity	listView	d
F	org.telegram.ui.PrivacyControlActivity	rowCount	q0
F	org.telegram.ui.PrivacySettingsActivity	listAdapter	a
F	org.telegram.ui.PrivacySettingsActivity	listView	b
F	org.telegram.ui.PrivacySettingsActivity	rowCount	N
F	org.telegram.ui.ProfileActivity	chatId	e1
F	org.telegram.ui.ProfileActivity	chatRow	i3
F	org.telegram.ui.ProfileActivity	contentView	l5
F	org.telegram.ui.ProfileActivity	currentChat	D2
F	org.telegram.ui.ProfileActivity	dialogId	h1
F	org.telegram.ui.ProfileActivity	listAdapter	d
F	org.telegram.ui.ProfileActivity	nameTextView	f
F	org.telegram.ui.ProfileActivity	onlineTextView	r
F	org.telegram.ui.ProfileActivity	otherItem	S0
F	org.telegram.ui.ProfileActivity	peerColor	P5
F	org.telegram.ui.ProfileActivity	phoneRow	F3
F	org.telegram.ui.ProfileActivity	resourcesProvider	y0
F	org.telegram.ui.ProfileActivity	rowCount	M2
F	org.telegram.ui.ProfileActivity	topicId	f1
F	org.telegram.ui.ProfileActivity	userId	d1
F	org.telegram.ui.ProxyListActivity	listAdapter	a
F	org.telegram.ui.ProxyListActivity	listView	b
F	org.telegram.ui.ProxyListActivity	rowCount	f
F	org.telegram.ui.SaveToGallerySettingsActivity	dialogId	b
F	org.telegram.ui.SaveToGallerySettingsActivity	items	s
F	org.telegram.ui.SaveToGallerySettingsActivity	type	a
F	org.telegram.ui.SecretMediaViewer	currentAccount	a
F	org.telegram.ui.SecretMediaViewer	currentMessageObject	g0
F	org.telegram.ui.SecretMediaViewer	isVideo	I
F	org.telegram.ui.SecretMediaViewer	parentActivity	b
F	org.telegram.ui.SecretMediaViewer	scale	x0
F	org.telegram.ui.SecretMediaViewer$PhotoBackgroundDrawable	frame	b
F	org.telegram.ui.SessionsActivity	listAdapter	a
F	org.telegram.ui.SessionsActivity	loading	r
F	org.telegram.ui.SessionsActivity	sessions	e
F	org.telegram.ui.StickersActivity	listView	a
F	org.telegram.ui.Stories.ProfileStoriesView	avatarContainer	f
F	org.telegram.ui.Stories.ProfileStoriesView	count	s
F	org.telegram.ui.Stories.ProfileStoriesView	dialogId	d
F	org.telegram.ui.Stories.ProfileStoriesView	left	e0
F	org.telegram.ui.Stories.ProfileStoriesView	right	f0
F	org.telegram.ui.Stories.ProfileStoriesView	unreadCount	r
F	org.telegram.ui.Stories.recorder.StoryUploadingService	builder	a
F	org.telegram.ui.Stories.recorder.StoryUploadingService	currentAccount	d
F	org.telegram.ui.Stories.recorder.StoryUploadingService	path	b
F	org.telegram.ui.ThemeActivity	listAdapter	a
F	org.telegram.ui.ThemeActivity	listView	b
F	org.telegram.ui.ThemeActivity	menuItem	s
F	org.telegram.ui.ThemeActivity	rowCount	I0
F	org.telegram.ui.ThemeActivity$InnerAccentView	checked	f
F	org.telegram.ui.ThemeActivity$InnerAccentView	paint	a
F	org.telegram.ui.TwoStepVerificationActivity	delegate	a0
F	org.telegram.ui.TwoStepVerificationActivity	floatingButton	D
F	org.telegram.ui.TwoStepVerificationActivity	listAdapter	a
F	org.telegram.ui.TwoStepVerificationActivity	listView	b
F	org.telegram.ui.TwoStepVerificationActivity	loading	F
F	org.telegram.ui.TwoStepVerificationActivity	scrollView	y
F	org.telegram.ui.TwoStepVerificationActivity	subtitleTextView	e
F	org.telegram.ui.UserInfoActivity	channel	J
F	org.telegram.ui.UsersSelectActivity	floatingButton	r
F	org.telegram.ui.UsersSelectActivity	listView	d
F	org.telegram.ui.UsersSelectActivity	searching	L
F	org.telegram.ui.UsersSelectActivity	selectedCount	w
F	org.telegram.ui.UsersSelectActivity	type	x
F	org.telegram.ui.WallpapersListActivity	listAdapter	H
F	org.telegram.ui.WallpapersListActivity	listView	G
F	org.telegram.ui.a91	subtext	b
F	org.telegram.ui.a91	text	a
F	org.telegram.ui.a91	this$0	r
F	org.telegram.ui.ai0	this$0	e
F	org.telegram.ui.aq	chatId	M
F	org.telegram.ui.aq	contacts	G
F	org.telegram.ui.aq	currentChat	r
F	org.telegram.ui.aq	info	s
F	org.telegram.ui.aq	profiles	v1
F	org.telegram.ui.aq	searching	n1
F	org.telegram.ui.ay0	attached	f
F	org.telegram.ui.ay0	isPlaying	r
F	org.telegram.ui.ay0	t	h
F	org.telegram.ui.b	shown	a
F	org.telegram.ui.b51	avatarContainer	y
F	org.telegram.ui.b51	listView	c
F	org.telegram.ui.b51	otherItem	f
F	org.telegram.ui.bd1	this$0	f
F	org.telegram.ui.bs0	paint	a
F	org.telegram.ui.bs0	this$0	s
F	org.telegram.ui.c91	dialogs	d
F	org.telegram.ui.ca0	contentView	a
F	org.telegram.ui.ca0	listView	b
F	org.telegram.ui.cd1	fragment	a
F	org.telegram.ui.ci0	this$0	n
F	org.telegram.ui.cp	chatId	s
F	org.telegram.ui.cp	currentChat	w
F	org.telegram.ui.cp	currentUser	v
F	org.telegram.ui.cp	loading	G
F	org.telegram.ui.d91	messages	d
F	org.telegram.ui.db1	items	a
F	org.telegram.ui.e40	call	Z0
F	org.telegram.ui.e40	currentChat	Y0
F	org.telegram.ui.e40	parentActivity	h0
F	org.telegram.ui.eb1	recyclerView	T
F	org.telegram.ui.eb1	this$0	s0
F	org.telegram.ui.ei0	this$0	d
F	org.telegram.ui.eq	resourcesProvider	a
F	org.telegram.ui.f3	adapter	c
F	org.telegram.ui.f3	type	a
F	org.telegram.ui.fb1	attached	a5
F	org.telegram.ui.fb1	closed	c5
F	org.telegram.ui.fb1	position	W4
F	org.telegram.ui.fi0	did	d
F	org.telegram.ui.fi0	story	e
F	org.telegram.ui.fs0	paint	U2
F	org.telegram.ui.g00	gradient	b
F	org.telegram.ui.g00	matrix	c
F	org.telegram.ui.g00	paint	a
F	org.telegram.ui.g4	time	e
F	org.telegram.ui.g91	backgroundColor	Y0
F	org.telegram.ui.g91	dialogId	I1
F	org.telegram.ui.g91	floatingButton	o0
F	org.telegram.ui.g91	listView	m0
F	org.telegram.ui.g91	self	J1
F	org.telegram.ui.gh0	finished	n
F	org.telegram.ui.gh0	running	h
F	org.telegram.ui.gs0	progress	a
F	org.telegram.ui.h	colors	s
F	org.telegram.ui.h	imageView	a
F	org.telegram.ui.h	subtitleTextView	d
F	org.telegram.ui.h61	title	j
F	org.telegram.ui.he1	color	b
F	org.telegram.ui.he1	path	i
F	org.telegram.ui.i6	index	f
F	org.telegram.ui.i6	size	g
F	org.telegram.ui.i6	text	e
F	org.telegram.ui.ib1	adapter	r
F	org.telegram.ui.ib1	avatarContainer	f
F	org.telegram.ui.ib1	chatId	a
F	org.telegram.ui.ib1	deleteItem	f0
F	org.telegram.ui.ib1	other	p0
F	org.telegram.ui.ib1	otherItem	l0
F	org.telegram.ui.ib1	searching	r0
F	org.telegram.ui.im	end	c
F	org.telegram.ui.im	message	a
F	org.telegram.ui.im	poll	h
F	org.telegram.ui.im	start	b
F	org.telegram.ui.im	task	k
F	org.telegram.ui.is	this$0	d
F	org.telegram.ui.je1	this$0	d
F	org.telegram.ui.kl	rowCount	r
F	org.telegram.ui.kr0	active	o0
F	org.telegram.ui.kr0	path	n0
F	org.telegram.ui.kt0	data	f
F	org.telegram.ui.kt0	description	b
F	org.telegram.ui.kt0	imageView	c
F	org.telegram.ui.kt0	title	a
F	org.telegram.ui.kx0	alpha	F
F	org.telegram.ui.kx0	animator	h
F	org.telegram.ui.l11	destroyTime	f
F	org.telegram.ui.l11	once	e
F	org.telegram.ui.l6	this$0	e
F	org.telegram.ui.l60	search	d
F	org.telegram.ui.l60	this$0	e
F	org.telegram.ui.lc1	floatingButton	b0
F	org.telegram.ui.lc1	hint	P
F	org.telegram.ui.lc1	imageView	a
F	org.telegram.ui.m00	listView	c
F	org.telegram.ui.m00	progress	n
F	org.telegram.ui.m11	progress	a
F	org.telegram.ui.m3	clipRect	D0
F	org.telegram.ui.mq	alpha	h
F	org.telegram.ui.mq	background	a
F	org.telegram.ui.mq	icon	b
F	org.telegram.ui.mq	views	c
F	org.telegram.ui.mx0	adapter	f
F	org.telegram.ui.mx0	animator	d
F	org.telegram.ui.mx0	this$0	n
F	org.telegram.ui.n3	dialog	e
F	org.telegram.ui.n41	this$0	d
F	org.telegram.ui.n6	actionMode	b0
F	org.telegram.ui.n6	cacheSize	h
F	org.telegram.ui.n6	canceled	j0
F	org.telegram.ui.n6	collapsed	L
F	org.telegram.ui.n6	listAdapter	a
F	org.telegram.ui.n6	photoSize	y
F	org.telegram.ui.nc1	paint	a
F	org.telegram.ui.ns	this$0	d
F	org.telegram.ui.nw	paint	f3
F	org.telegram.ui.o01	search	d
F	org.telegram.ui.o01	this$0	e
F	org.telegram.ui.om	dst	T
F	org.telegram.ui.om	paint	w
F	org.telegram.ui.om	this$0	U
F	org.telegram.ui.or0	alpha	b
F	org.telegram.ui.or0	container	d
F	org.telegram.ui.or0	scrollView	c
F	org.telegram.ui.ou0	cell	b
F	org.telegram.ui.p01	listAdapter	a
F	org.telegram.ui.p01	listView	b
F	org.telegram.ui.p30	loading	h
F	org.telegram.ui.p31	accentColor	l1
F	org.telegram.ui.p31	currentAccount	U
F	org.telegram.ui.p31	paint	W1
F	org.telegram.ui.p31	resourcesProvider	Y0
F	org.telegram.ui.p31	stickers	I0
F	org.telegram.ui.p31	type	V
F	org.telegram.ui.q3	blockItem	p
F	org.telegram.ui.q3	checked	n
F	org.telegram.ui.q3	index	t
F	org.telegram.ui.q3	parent	o
F	org.telegram.ui.qa0	id	a
F	org.telegram.ui.qa0	marker	e
F	org.telegram.ui.qa0	object	b
F	org.telegram.ui.qe1	currentMessageObject	n
F	org.telegram.ui.ql	x	E0
F	org.telegram.ui.ql	y	F0
F	org.telegram.ui.qm	chatListView	w0
F	org.telegram.ui.qm	chatMode	Q3
F	org.telegram.ui.qm	contentView	W0
F	org.telegram.ui.qm	currentChat	e
F	org.telegram.ui.qm	currentUser	f
F	org.telegram.ui.qm	dialog_id	S5
F	org.telegram.ui.qm	headerItem	g0
F	org.telegram.ui.qm	loading	F6
F	org.telegram.ui.qm	maxDate	z6
F	org.telegram.ui.qm	messages	t6
F	org.telegram.ui.qm	minDate	A6
F	org.telegram.ui.qm	polls	v6
F	org.telegram.ui.qm	reversed	Oa
F	org.telegram.ui.qm	selectedMessagesIds	V5
F	org.telegram.ui.qm	selectedObject	c5
F	org.telegram.ui.qm	themeDelegate	da
F	org.telegram.ui.qw	listView	a
F	org.telegram.ui.qy0	this$0	d
F	org.telegram.ui.r3	items	n
F	org.telegram.ui.r3	level	r
F	org.telegram.ui.rd	actionBar	k1
F	org.telegram.ui.rd	currentAccount	x0
F	org.telegram.ui.rd	dialogId	y0
F	org.telegram.ui.rd	instance	w1
F	org.telegram.ui.rd	listView	Z0
F	org.telegram.ui.rd	progress	b1
F	org.telegram.ui.rf0	isVoice	h
F	org.telegram.ui.rf0	users	c
F	org.telegram.ui.rl	chatActivity	w0
F	org.telegram.ui.rw	animateToHasStories	L
F	org.telegram.ui.rw	delegate	B2
F	org.telegram.ui.rw	dialogStoriesCell	D0
F	org.telegram.ui.rw	dialogStoriesCellVisible	F0
F	org.telegram.ui.rw	downloadsItem	f0
F	org.telegram.ui.rw	downloadsItemVisible	h0
F	org.telegram.ui.rw	floatingButton3	s0
F	org.telegram.ui.rw	floatingButtonStories	t0
F	org.telegram.ui.rw	hasOnlySlefStories	K
F	org.telegram.ui.rw	hasStories	J
F	org.telegram.ui.rw	progressToDialogStoriesCell	G0
F	org.telegram.ui.rw	scrollAdditionalOffset	w3
F	org.telegram.ui.rw	scrollYOffset	M
F	org.telegram.ui.rw	searching	i2
F	org.telegram.ui.rw	selectedDialogs	H2
F	org.telegram.ui.rw	storiesVisibilityAnimator	H
F	org.telegram.ui.rw	storiesVisibilityAnimator2	I
F	org.telegram.ui.rw	viewPages	d0
F	org.telegram.ui.ry0	color	r
F	org.telegram.ui.ry0	textView	a
F	org.telegram.ui.ry0	this$0	s
F	org.telegram.ui.s3	blockItem	p
F	org.telegram.ui.s3	checked	n
F	org.telegram.ui.s3	index	t
F	org.telegram.ui.s3	parent	o
F	org.telegram.ui.s8	calls	c
F	org.telegram.ui.s8	type	d
F	org.telegram.ui.s8	users	b
F	org.telegram.ui.s8	video	e
F	org.telegram.ui.sm	alpha	c
F	org.telegram.ui.sm0	tabs	K
F	org.telegram.ui.sm0	this$0	o0
F	org.telegram.ui.sm0	type	l0
F	org.telegram.ui.sx0	path	d
F	org.telegram.ui.t2	x	s
F	org.telegram.ui.t2	y	v
F	org.telegram.ui.t21	textView	a
F	org.telegram.ui.t3	items	m
F	org.telegram.ui.t3	level	q
F	org.telegram.ui.t8	imageView	d
F	org.telegram.ui.ta0	this$0	b
F	org.telegram.ui.ta0	views	a
F	org.telegram.ui.te0	dialogsActivity	I
F	org.telegram.ui.te0	tabs	J
F	org.telegram.ui.te0	tabsView	E
F	org.telegram.ui.tm0	emoji	i
F	org.telegram.ui.tm0	radius	a
F	org.telegram.ui.tr	currentAccount	r
F	org.telegram.ui.tr	parentActivity	w
F	org.telegram.ui.tr	parentObject	b0
F	org.telegram.ui.tr	resourcesProvider	c0
F	org.telegram.ui.tx0	fragment	e
F	org.telegram.ui.u90	activity	a
F	org.telegram.ui.u90	currentAccount	b
F	org.telegram.ui.u90	progress	c
F	org.telegram.ui.um0	bounds	p
F	org.telegram.ui.um0	id	o
F	org.telegram.ui.ur0	left	b
F	org.telegram.ui.ur0	paint	c
F	org.telegram.ui.ur0	right	h
F	org.telegram.ui.ur0	shown	r
F	org.telegram.ui.ux0	alpha	d
F	org.telegram.ui.va1	this$0	c3
F	org.telegram.ui.vm0	buttons	f
F	org.telegram.ui.vm0	currentAccount	d
F	org.telegram.ui.vm0	order	h
F	org.telegram.ui.vm0	resourcesProvider	a
F	org.telegram.ui.vm0	type	c
F	org.telegram.ui.vr0	parent	i
F	org.telegram.ui.vr0	scale	o
F	org.telegram.ui.vr0	size	j
F	org.telegram.ui.w0	TAG	I
F	org.telegram.ui.w0	buttonState	G
F	org.telegram.ui.w0	currentMessageObject	L
F	org.telegram.ui.w40	contacts	r
F	org.telegram.ui.w40	context	c
F	org.telegram.ui.w40	searching	n
F	org.telegram.ui.w8	calls	F
F	org.telegram.ui.w8	listView	d
F	org.telegram.ui.w8	loading	G
F	org.telegram.ui.w8	otherItem	E
F	org.telegram.ui.w8	selectedIds	K
F	org.telegram.ui.wa0	dialogId	d0
F	org.telegram.ui.wa0	listView	T
F	org.telegram.ui.wa0	map	H
F	org.telegram.ui.wa0	markers	f0
F	org.telegram.ui.wa0	messageObject	A0
F	org.telegram.ui.wa0	otherItem	Y
F	org.telegram.ui.wa0	searching	q0
F	org.telegram.ui.wd1	activity	b
F	org.telegram.ui.wd1	currentAccount	a
F	org.telegram.ui.wd1	instance	m1
F	org.telegram.ui.web.BotWebViewContainer$WebViewProxy	container	a
F	org.telegram.ui.web.d1	currentAccount	L
F	org.telegram.ui.web.d1	parentActivity	V
F	org.telegram.ui.web.d1	resourcesProvider	e
F	org.telegram.ui.web.j2	url	o
F	org.telegram.ui.web.o1	name	a
F	org.telegram.ui.web.z0	tag	a
F	org.telegram.ui.wx0	emoji	H
F	org.telegram.ui.wx0	paint	b
F	org.telegram.ui.x3	padding	G
F	org.telegram.ui.x3	this$0	K
F	org.telegram.ui.x4	currentAccount	L
F	org.telegram.ui.xb1	this$0	d
F	org.telegram.ui.xt0	this$0	n
F	org.telegram.ui.xx0	callbacks	h
F	org.telegram.ui.xx0	currentAccount	a
F	org.telegram.ui.xx0	loaded	b
F	org.telegram.ui.xx0	views	j
F	org.telegram.ui.xz	filter	d
F	org.telegram.ui.xz	text	c
F	org.telegram.ui.y21	attached	G
F	org.telegram.ui.y21	document	d
F	org.telegram.ui.y21	drawable	D
F	org.telegram.ui.y21	empty	a
F	org.telegram.ui.y21	reaction	x
F	org.telegram.ui.y21	selected	K
F	org.telegram.ui.y21	this$0	U
F	org.telegram.ui.y40	adapter	v
F	org.telegram.ui.y40	channelId	G
F	org.telegram.ui.y40	chatId	F
F	org.telegram.ui.y40	floatingButton	y
F	org.telegram.ui.y40	listView	n
F	org.telegram.ui.y40	searching	S
F	org.telegram.ui.y71	first	d
F	org.telegram.ui.ya1	this$0	d
F	org.telegram.ui.ym0	backButton	I
F	org.telegram.ui.ym0	tabsView	L
F	org.telegram.ui.yt0	description	d
F	org.telegram.ui.yt0	icon	b
F	org.telegram.ui.yt0	title	c
F	org.telegram.ui.yt0	type	a
F	org.telegram.ui.z3	currentAccount	W
F	org.telegram.ui.z3	pages	t0
F	org.telegram.ui.z3	parentActivity	K
F	org.telegram.ui.z3	parentFragment	L
F	org.telegram.ui.z81	background	F
F	org.telegram.ui.zh0	checked	i
F	org.telegram.ui.zh0	color	h
F	org.telegram.ui.zh0	exception	g
F	org.telegram.ui.zh0	id	c
F	org.telegram.ui.zh0	text	e
F	org.telegram.ui.zp	this$0	y
F	org.telegram.ui.zr0	dialogId	f
F	org.telegram.ui.zr0	parentView	d
F	org.telegram.ui.zr0	scale	k
F	org.telegram.ui.zr0	size	g
F	org.telegram.ui.zz	this$0	e
F	pg.b	alpha	i
F	pg.b	left	g
F	pg.b	top	h
F	qg.g	instance	n
F	qg.o	editor	M
F	qg.o	mEditor	N
F	qg.o	resourcesProvider	v
F	rf.a	chats	f
F	rf.a	measuredHeight	k
F	rf.a	measuredWidth	l
F	rf.a	messageObject	T
F	rf.a	parentView	c
F	rf.c	measuredHeight	l
F	rf.c	measuredWidth	m
F	rf.c	messageObject	M
F	rf.c	users	g
F	rg.e	currentAccount	c
F	rg.e	currentChat	b
F	rg.e	delegate	m
F	rg.e	fragment	a
F	rg.e	root	d
F	sg.b1	gradient	j
F	sg.b1	r	s
F	sg.b1	resourcesProvider	b
F	sg.b1	selected	p
F	sg.i0	bubble	a
F	sg.i0	message	m
F	sg.i0	parentView	r
F	sg.l	dialogId	a
F	sg.l	message	c
F	te.a	bitmap	b
F	te.a	mode	a
F	te.c	matrix	b
F	tg.a	currentAccount	a
F	tg.a	resourcesProvider	b
F	tg.c0	mode	d
F	tg.d0	bounds	l
F	tg.d0	color	d
F	tg.d0	document	b
F	tg.d0	id	a
F	tg.e0	active	d
F	tg.e0	avatarContainer	c
F	tg.e0	currentAccount	a
F	tg.e0	dialogId	b
F	tg.e8	start	f
F	tg.e8	x	a
F	tg.e8	y	b
F	tg.f8	b	d
F	tg.f8	bounds	c
F	tg.f8	type	a
F	tg.i	avatarContainer	d
F	tg.i	listView	e
F	tg.i	self	c
F	tg.i	type	a
F	tg.j5	currentAccount	a
F	tg.j5	dialogId	b
F	tg.j5	loading	i
F	tg.j5	shown	o
F	tg.j7	adapter	d0
F	tg.j7	expanded	e0
F	tg.l5	did	a
F	tg.l5	mid	b
F	tg.n	count	c
F	tg.n	currentAccount	a
F	tg.n	dialogId	b
F	tg.n	error	h
F	tg.n	loading	g
F	tg.o	count	c
F	tg.o	currentAccount	a
F	tg.o	dialogId	b
F	tg.o	error	i
F	tg.o	loading	h
F	tg.q	currentAccount	a
F	tg.q5	message	a
F	tg.q5	messageObject	b
F	tg.q5	peer	n
F	tg.q5	this$0	q
F	tg.r5	currentAccount	a
F	tg.r5	loading	t
F	tg.r5	offset	s
F	tg.r7	context	a
F	tg.r7	currentAccount	b
F	tg.r7	items	g
F	tg.r7	resourcesProvider	e
F	tg.s7	adapter	c
F	tg.s7	currentAccount	a
F	tg.t	imageView	a
F	tg.u3	action	N
F	tg.u3	attached	P
F	tg.u3	buttonText	C
F	tg.u3	currentAccount	a
F	tg.u3	currentMessageObject	O
F	tg.u3	height	M
F	tg.u3	matrix	i
F	tg.u3	model	m
F	tg.u3	pattern	l
F	tg.u3	resourcesProvider	c
F	tg.u3	subtitle	t
F	tg.u3	table	w
F	tg.u3	title	r
F	tg.u3	view	b
F	tg.u3	width	L
F	tg.w3	cell	b
F	tg.w3	chatActivity	a
F	tg.w3	effects	I
F	tg.w3	hidden	H
F	tg.w3	messageId	c
F	tg.w3	pos	d
F	u4.c	object	a
F	u4.c	offset	e
F	u4.c	position	b
F	uf.b0	type	y
F	uf.d	parentView	d
F	uf.m0	attached	e0
F	uf.m0	backgroundColor	J
F	uf.m0	count	w
F	uf.m0	height	B
F	uf.m0	parentView	W
F	uf.m0	reaction	r
F	uf.m0	top	z
F	uf.m0	width	A
F	uf.o0	hash	h
F	uf.o0	premium	d
F	uf.o0	sticker	e
F	uf.p0	attached	G
F	uf.p0	currentAccount	n
F	uf.p0	height	o
F	uf.p0	isEmpty	s
F	uf.p0	messageObject	A
F	uf.p0	resourcesProvider	B
F	uf.p0	tags	M
F	uf.p0	width	q
F	uf.p0	x	c
F	uf.p0	y	d
F	uf.t	parentFragment	a
F	uf.t	pos	y
F	uf.t	selectedMessages	c
F	ug.a	file	a
F	ug.a	type	d
F	ug.b	documents	e
F	ug.b	media	d
F	ug.b	selectedDialogs	l
F	ug.b	selectedFiles	j
F	ug.b	stories	h
F	ug.b	voice	g
F	vf.a	parent	e
F	vf.a	source	a
F	vf.b	alpha	q
F	vf.b	drawable	b
F	vf.b	matrix	c
F	vf.c	scaleX	e
F	vf.c	scaleY	f
F	vf.c	this$0	j
F	vf.d	position	d
F	vf.i	alpha	d
F	vf.i	padding	f
F	vf.i	radius	k
F	vf.k	listView	c
F	vg.b3	index	c
F	vg.b3	live	l
F	vg.b3	read	d
F	vg.b3	scale	e
F	vg.d4	storyItems	E
F	vg.d5	canceled	v
F	vg.d5	dialogId	I
F	vg.d5	edit	b
F	vg.d5	failed	H
F	vg.d5	isVideo	s
F	vg.d5	messageObject	D
F	vg.d5	path	e
F	vg.d5	progress	h
F	vg.e5	currentAccount	a
F	vg.e5	state	o
F	vg.i7	this$0	b
F	vg.j7	currentAccount	h
F	vg.j7	fragment	f
F	vg.j7	storiesList	N0
F	vg.o3	reaction	c
F	vg.o3	view	b
F	vg.o4	list	N
F	vg.r5	currentAccount	a
F	vg.r5	storage	b
F	vg.s3	items	c
F	vg.u0	call	v
F	vg.u0	context	d
F	vg.u0	currentAccount	e
F	vg.u0	dialogId	b
F	vg.u0	instance	D
F	vg.u0	recording	V
F	vg.v3	currentAccount	d
F	vg.v3	loading	e
F	vg.v3	offset	n
F	vg.v3	reactions	i
F	vg.v3	state	s
F	vg.v3	views	g
F	vg.w3	currentAccount	v
F	vg.w3	dialogId	V
F	vg.w3	listAdapter	w
F	vg.x4	currentAccount	c
F	vg.x4	dialogId	d
F	vg.x4	loading	u
F	vg.x4	type	e
F	vg.y2	count	z1
F	vg.y2	currentAccount	B2
F	vg.y2	day	y1
F	vg.y2	delegate	P1
F	vg.y2	dialogId	A1
F	vg.y2	isActive	J1
F	vg.y2	storyItems	u1
F	vg.y3	this$0	w0
F	w1.k0	entries	a
F	w1.l	data	e
F	w1.l	hashCode	a
F	w1.l	mimeType	d
F	w1.m	hashCode	b
F	w1.p	hashCode	T
F	w1.p	id	a
F	w1.p	label	b
F	w1.p	language	d
F	w1.p	metadata	l
F	xe.a0	flags	a
F	xe.a1	flags	a
F	xe.a1	hash	f
F	xe.a2	signature	c
F	xe.a6	documents	f
F	xe.a6	flags	a
F	xe.a6	users	g
F	xe.a7	cover	m
F	xe.a8	language	m
F	xe.ad	call	b
F	xe.ad	source	c
F	xe.ag	amount	f
F	xe.ag	flags	a
F	xe.an	call	a
F	xe.aq	flags	a
F	xe.aq	peer	c
F	xe.aq	pending	b
F	xe.aq	text	f
F	xe.b3	flags	a
F	xe.b3	format	b
F	xe.b3	settings	g
F	xe.b3	title	e
F	xe.b4	button	b
F	xe.b5	collapsed	c
F	xe.b5	flags	b
F	xe.b7	flags	m
F	xe.b7	open	n
F	xe.b7	title	p
F	xe.b8	caption	m
F	xe.b9	date	o
F	xe.b9	flags	g
F	xe.ba	flags	a
F	xe.ba	icon	e
F	xe.bc	flags	a
F	xe.bc	peer	b
F	xe.bd	call	a
F	xe.bd	limit	d
F	xe.bd	offset	c
F	xe.bi	error	b
F	xe.bk	id	b
F	xe.bm	channel_id	a
F	xe.bm	messages	b
F	xe.bn	flags	a
F	xe.bn	params	c
F	xe.bo	peer	b
F	xe.bo	reaction	c
F	xe.bq	user_id	a
F	xe.c0	date	f
F	xe.c0	device	e
F	xe.c0	flags	a
F	xe.c0	location	g
F	xe.c3	username	a
F	xe.c5	flags	b
F	xe.c5	peer	e
F	xe.c8	title	m
F	xe.c9	text	g
F	xe.ca	flags	a
F	xe.ca	style	c
F	xe.ca	text	b
F	xe.ca	type	d
F	xe.cc	chats	c
F	xe.cc	users	b
F	xe.cd	call	a
F	xe.cd	ids	b
F	xe.cd	limit	e
F	xe.cd	offset	d
F	xe.cd	sources	c
F	xe.ci	deleted	b
F	xe.ci	user_id	a
F	xe.ck	area	c
F	xe.ck	flags	a
F	xe.ck	limit	f
F	xe.ck	offset	e
F	xe.ck	peer	d
F	xe.cm	ids	b
F	xe.cm	peer	a
F	xe.cn	call	a
F	xe.cn	from_id	b
F	xe.co	peer	a
F	xe.cp	flags	a
F	xe.cp	max_id	e
F	xe.cp	peer	c
F	xe.cq	user_id	a
F	xe.d	hash	a
F	xe.d1	chats	d
F	xe.d1	flags	a
F	xe.d1	hash	b
F	xe.d1	users	e
F	xe.d2	options	a
F	xe.d4	date	a
F	xe.d4	media	b
F	xe.d5	deleted	d
F	xe.d5	flags	a
F	xe.d5	hidden	c
F	xe.d5	peer	f
F	xe.d5	visible	b
F	xe.d8	items	m
F	xe.da	flags	a
F	xe.da	style	d
F	xe.da	text	b
F	xe.da	type	c
F	xe.dd	call	a
F	xe.dd	chats	d
F	xe.dd	users	e
F	xe.dh	document	e
F	xe.di	user_id	a
F	xe.dk	caption	i
F	xe.dk	flags	a
F	xe.dk	media	f
F	xe.dk	peer	e
F	xe.dk	pinned	b
F	xe.dl	commands	c
F	xe.dl	peer	a
F	xe.dm	call	a
F	xe.dm	messages	b
F	xe.dn	call	a
F	xe.dn	message	b
F	xe.dp	max_id	b
F	xe.dp	peer	a
F	xe.dq	first_name	b
F	xe.dq	last_name	c
F	xe.dq	user_id	a
F	xe.e2	options	a
F	xe.e4	description	c
F	xe.e4	icon	b
F	xe.e5	date	l
F	xe.e5	flags	a
F	xe.e5	from_id	g
F	xe.e5	id	f
F	xe.e5	media	o
F	xe.e5	message	m
F	xe.e5	out	b
F	xe.e5	peer_id	i
F	xe.e5	reply_markup	p
F	xe.e7	flags	m
F	xe.e7	h	t
F	xe.e7	url	p
F	xe.e7	w	s
F	xe.ea	flags	a
F	xe.ea	link	e
F	xe.ec	date	d
F	xe.ec	flags	a
F	xe.ec	url	c
F	xe.ed	flags	a
F	xe.ed	my	c
F	xe.ed	peer_id	e
F	xe.ed	top	b
F	xe.ee	date	a
F	xe.ei	messages	b
F	xe.ei	user_id	a
F	xe.ek	chats	e
F	xe.ek	count	b
F	xe.ek	flags	a
F	xe.ek	stories	c
F	xe.ek	users	f
F	xe.el	payload	b
F	xe.el	user_id	a
F	xe.em	messages	a
F	xe.en	call	a
F	xe.en	version	c
F	xe.eo	privacy	a
F	xe.ep	date	e
F	xe.ep	flags	a
F	xe.ep	messages	b
F	xe.eq	phone	b
F	xe.eq	user_id	a
F	xe.f	date	d
F	xe.f	flags	a
F	xe.f	id	b
F	xe.f	name	c
F	xe.f2	flags	a
F	xe.f2	hint	d
F	xe.f3	users	b
F	xe.f4	flags	a
F	xe.f4	icon	c
F	xe.f5	flags	n
F	xe.f6	text	e
F	xe.f7	date	q
F	xe.f7	url	m
F	xe.fc	count	a
F	xe.fc	users	c
F	xe.fd	chats	c
F	xe.fd	users	d
F	xe.ff	version	a
F	xe.fh	date	i
F	xe.fh	flags	e
F	xe.fh	message	j
F	xe.fh	sender_id	f
F	xe.fi	part	a
F	xe.fi	total	b
F	xe.fj	url	f
F	xe.fl	payload	b
F	xe.fl	user_id	a
F	xe.fo	blocked	b
F	xe.fo	flags	a
F	xe.fo	peer_id	d
F	xe.fp	channel_id	a
F	xe.fq	date	b
F	xe.fq	photo	c
F	xe.fq	previous	d
F	xe.fq	user_id	a
F	xe.g2	flags	a
F	xe.g3	chats	b
F	xe.g3	media	a
F	xe.g3	users	c
F	xe.g4	flags	a
F	xe.g4	name	c
F	xe.g4	username	d
F	xe.gc	flags	a
F	xe.gc	limit	e
F	xe.gc	offset_date	c
F	xe.gc	peer	b
F	xe.ge	amount	a
F	xe.gf	flags	a
F	xe.gj	address	i
F	xe.gj	provider	j
F	xe.gj	title	g
F	xe.gk	users	b
F	xe.gk	views	a
F	xe.gl	channel_id	a
F	xe.gm	messages	b
F	xe.gn	peer	a
F	xe.gn	result	c
F	xe.go	flags	a
F	xe.go	peer	b
F	xe.gp	channel_id	a
F	xe.gq	status	b
F	xe.gq	user_id	a
F	xe.h	flags	a
F	xe.h	hint	i
F	xe.h1	flags	a
F	xe.h1	title	d
F	xe.h1	url	c
F	xe.h2	chats	b
F	xe.h2	rules	a
F	xe.h2	users	c
F	xe.h3	title	a
F	xe.h4	order	d
F	xe.h8	flags	m
F	xe.h8	rows	r
F	xe.h8	title	q
F	xe.h9	h	k
F	xe.h9	w	j
F	xe.ha	flags	a
F	xe.hc	flags	a
F	xe.he	amount	v
F	xe.he	date	x
F	xe.he	description	A
F	xe.he	failed	d
F	xe.he	flags	a
F	xe.he	id	u
F	xe.he	peer	y
F	xe.he	pending	c
F	xe.he	photo	B
F	xe.he	reaction	f
F	xe.he	title	z
F	xe.hh	document	e
F	xe.hi	hash	b
F	xe.hj	emoji	f
F	xe.hk	title	b
F	xe.hl	channel_id	a
F	xe.hm	flags	a
F	xe.hm	messages	c
F	xe.hm	peer	b
F	xe.hq	action	d
F	xe.hq	flags	a
F	xe.hq	user_id	b
F	xe.i1	scope	b
F	xe.i3	access_hash	f
F	xe.i3	flags	c
F	xe.i3	id	e
F	xe.i4	flags	a
F	xe.i4	users	c
F	xe.ic	count	b
F	xe.ic	flags	a
F	xe.ic	users	d
F	xe.id	key	b
F	xe.id	url	a
F	xe.ie	peer	a
F	xe.ii	date	i
F	xe.ii	flags	a
F	xe.ii	id	e
F	xe.ii	user_id	f
F	xe.il	channel_id	a
F	xe.il	id	b
F	xe.im	filter	c
F	xe.im	flags	a
F	xe.im	id	b
F	xe.io	peer	a
F	xe.io	settings	b
F	xe.iq	delete	b
F	xe.iq	exception	d
F	xe.iq	flags	a
F	xe.j0	contacts	d
F	xe.j0	flags	a
F	xe.j0	users	g
F	xe.j1	errors	d
F	xe.j1	flags	a
F	xe.j1	users	e
F	xe.j1	values	c
F	xe.j4	media	a
F	xe.j6	text	g
F	xe.ja	flags	a
F	xe.jc	access_hash	d
F	xe.jc	date	e
F	xe.jc	flags	a
F	xe.jc	id	c
F	xe.jc	reason	r
F	xe.jc	video	p
F	xe.jd	chats	d
F	xe.jd	count	a
F	xe.jd	users	e
F	xe.jd	version	f
F	xe.je	amount	b
F	xe.je	date	c
F	xe.je	pos	a
F	xe.jh	attributes	a
F	xe.ji	flags	c
F	xe.ji	reaction	b
F	xe.jj	emoji	f
F	xe.jl	channel_id	a
F	xe.jl	id	b
F	xe.jl	views	c
F	xe.jm	order	a
F	xe.jo	flags	a
F	xe.jo	peer	c
F	xe.jq	flags	a
F	xe.k0	contacts	d
F	xe.k0	flags	a
F	xe.k0	users	g
F	xe.k3	hash	b
F	xe.k4	flags	b
F	xe.k5	flags	a
F	xe.k5	media	i
F	xe.k5	message	f
F	xe.k5	peer	d
F	xe.k9	bitmap	l
F	xe.k9	depth	k
F	xe.k9	h	i
F	xe.k9	source	j
F	xe.k9	tried	m
F	xe.k9	w	g
F	xe.ka	url	a
F	xe.kc	channel	a
F	xe.kc	scale	b
F	xe.kd	call	a
F	xe.kd	users	b
F	xe.ke	state	b
F	xe.kf	flags	a
F	xe.kf	hash	f
F	xe.kf	icon	d
F	xe.kf	title	c
F	xe.ki	flags	a
F	xe.ki	peer	b
F	xe.ki	stories	d
F	xe.kj	date	d
F	xe.kj	flags	a
F	xe.kj	peer	c
F	xe.kj	slot	b
F	xe.kl	channel_id	b
F	xe.kl	date	c
F	xe.kl	flags	a
F	xe.kl	user_id	e
F	xe.kn	user_id	a
F	xe.ko	peer	a
F	xe.kp	flags	a
F	xe.kp	peer	c
F	xe.kp	pinned	b
F	xe.l	ids	a
F	xe.l1	high	c
F	xe.l1	low	a
F	xe.l1	medium	b
F	xe.l4	chats	f
F	xe.l4	flags	a
F	xe.l4	title	c
F	xe.l4	users	g
F	xe.l8	flags	m
F	xe.ld	chats	b
F	xe.ld	users	c
F	xe.le	date	d
F	xe.le	flags	a
F	xe.le	message	j
F	xe.le	peer	c
F	xe.le	pos	g
F	xe.le	round	f
F	xe.lg	flags	a
F	xe.lg	level	b
F	xe.lh	url	a
F	xe.li	date	c
F	xe.li	id	a
F	xe.ll	channel_id	b
F	xe.ll	flags	a
F	xe.ll	messages	e
F	xe.lm	flags	a
F	xe.lm	peer	d
F	xe.lm	pinned	b
F	xe.ln	peer	a
F	xe.m3	users	a
F	xe.m4	chats	d
F	xe.m4	users	e
F	xe.m9	user_id	g
F	xe.ma	data	c
F	xe.ma	flags	a
F	xe.md	block	i
F	xe.md	call	d
F	xe.md	flags	a
F	xe.md	muted	b
F	xe.md	params	j
F	xe.me	flags	a
F	xe.me	peer	f
F	xe.me	returned	b
F	xe.mg	flags	a
F	xe.mg	value	e
F	xe.mh	flags	a
F	xe.mh	order	g
F	xe.mh	peer	b
F	xe.mh	title	d
F	xe.mi	attachPath	B
F	xe.mi	caption	p
F	xe.mi	contacts	e
F	xe.mi	date	l
F	xe.mi	dialogId	D
F	xe.mi	edited	q
F	xe.mi	flags	a
F	xe.mi	from_id	m
F	xe.mi	id	k
F	xe.mi	media	s
F	xe.mi	messageId	F
F	xe.mi	min	i
F	xe.mi	out	j
F	xe.mi	pinned	b
F	xe.mi	privacy	u
F	xe.ml	channel_id	b
F	xe.ml	flags	a
F	xe.mm	flags	a
F	xe.mm	peer	c
F	xe.mm	unread	b
F	xe.mn	id	a
F	xe.mo	data	b
F	xe.n1	chats	b
F	xe.n1	users	c
F	xe.n3	from	a
F	xe.n3	to	b
F	xe.n5	hash	a
F	xe.n5	messages	b
F	xe.n6	h	p
F	xe.n6	w	o
F	xe.n8	description	e
F	xe.n8	flags	a
F	xe.n8	title	d
F	xe.n8	url	b
F	xe.n9	phone	g
F	xe.ne	peer	a
F	xe.ng	reason	a
F	xe.ni	message	c
F	xe.ni	peer_id	a
F	xe.ni	story	b
F	xe.nk	date	e
F	xe.nk	reaction	f
F	xe.nl	action	e
F	xe.nl	channel_id	b
F	xe.nl	flags	a
F	xe.nl	from_id	d
F	xe.nm	flags	a
F	xe.nm	peer	b
F	xe.nn	flags	a
F	xe.nn	peer	f
F	xe.nn	poll	c
F	xe.no	channel_id	c
F	xe.no	flags	a
F	xe.no	messages	d
F	xe.no	pinned	b
F	xe.o	day	b
F	xe.o	flags	a
F	xe.o1	confirmed	b
F	xe.o1	flags	a
F	xe.o1	hash	c
F	xe.o4	chats	b
F	xe.o4	users	c
F	xe.o5	flags	a
F	xe.o5	peer	c
F	xe.o5	title	d
F	xe.o6	name	m
F	xe.o8	flags	a
F	xe.o8	header	b
F	xe.o8	text	g
F	xe.o9	text	g
F	xe.od	flags	a
F	xe.od	protocol	f
F	xe.od	user_id	c
F	xe.oi	blocked	b
F	xe.oi	date	e
F	xe.oi	flags	a
F	xe.oi	message	g
F	xe.oi	peer_id	i
F	xe.oi	reaction	f
F	xe.oi	story	j
F	xe.oi	user_id	d
F	xe.oj	flags	a
F	xe.oj	level	c
F	xe.ol	channel_id	a
F	xe.ol	enabled	b
F	xe.om	message	a
F	xe.on	options	c
F	xe.on	peer	b
F	xe.on	positions	d
F	xe.oo	flags	a
F	xe.oo	order	c
F	xe.p	flags	a
F	xe.p	schedule	d
F	xe.p0	flags	a
F	xe.p2	chats	e
F	xe.p2	flags	a
F	xe.p2	message	c
F	xe.p2	peer	b
F	xe.p2	users	f
F	xe.p4	flags	a
F	xe.p4	title	e
F	xe.p5	closed	f
F	xe.p5	flags	a
F	xe.p5	hidden	g
F	xe.p5	peer	b
F	xe.p5	title	d
F	xe.p8	cells	a
F	xe.pd	debug	b
F	xe.pd	peer	a
F	xe.pj	chats	b
F	xe.pj	users	c
F	xe.pl	channel_id	a
F	xe.pn	flags	a
F	xe.pn	peer	b
F	xe.pn	reactions	f
F	xe.po	peer	b
F	xe.po	pinned	a
F	xe.pp	peer	a
F	xe.pp	reaction	c
F	xe.q2	value	a
F	xe.q3	access_hash	c
F	xe.q3	id	b
F	xe.q4	filter	a
F	xe.q5	limit	e
F	xe.q5	offset_date	b
F	xe.q5	offset_id	c
F	xe.q5	peer	a
F	xe.q8	name	g
F	xe.qa	flags	a
F	xe.qa	query	c
F	xe.qd	call	b
F	xe.qd	flags	a
F	xe.qd	message	d
F	xe.qf	chats	c
F	xe.qf	hash	a
F	xe.qf	users	d
F	xe.qg	attributes	i
F	xe.qg	flags	a
F	xe.qg	limit	k
F	xe.qg	offset	j
F	xe.qk	chats	d
F	xe.qk	count	b
F	xe.qk	flags	a
F	xe.qk	reactions	c
F	xe.qk	users	e
F	xe.ql	chat_id	a
F	xe.qm	message	a
F	xe.qn	channel_id	c
F	xe.qn	exception	b
F	xe.qn	flags	a
F	xe.qo	flags	a
F	xe.qo	order	c
F	xe.qo	peer	b
F	xe.qp	flags	a
F	xe.qp	media	f
F	xe.qp	message	e
F	xe.qp	popup	b
F	xe.qp	type	d
F	xe.r1	users	b
F	xe.r2	settings	b
F	xe.r4	chats	b
F	xe.r4	users	c
F	xe.r5	id	c
F	xe.r5	peer	b
F	xe.r5	pinned	d
F	xe.r7	items	n
F	xe.r7	ordered	m
F	xe.ra	url	a
F	xe.rd	call	d
F	xe.rd	flags	a
F	xe.rd	start	b
F	xe.rd	title	e
F	xe.rd	video	c
F	xe.rg	flags	a
F	xe.rg	limit	n
F	xe.rg	offset	m
F	xe.rg	peer	l
F	xe.rh	members	b
F	xe.rh	messages	c
F	xe.rh	users	r
F	xe.rl	peer	a
F	xe.rl	version	c
F	xe.rm	info	a
F	xe.rn	flags	a
F	xe.ro	flags	a
F	xe.ro	messages	d
F	xe.ro	peer	c
F	xe.ro	pinned	b
F	xe.rp	state	b
F	xe.s1	contacts	a
F	xe.s1	users	b
F	xe.s2	hash	a
F	xe.s2	settings	b
F	xe.s5	amount	c
F	xe.s5	url	f
F	xe.sa	flags	a
F	xe.sa	url	c
F	xe.sc	users	b
F	xe.sd	call	b
F	xe.se	chats	f
F	xe.se	count	b
F	xe.se	flags	a
F	xe.se	users	g
F	xe.sj	peer	b
F	xe.sj	story	c
F	xe.sl	chat_id	a
F	xe.sl	date	d
F	xe.sl	user_id	b
F	xe.sl	version	e
F	xe.sm	chat_id	a
F	xe.sn	date	d
F	xe.sn	device	e
F	xe.sn	flags	a
F	xe.sn	hash	c
F	xe.sn	location	f
F	xe.so	flags	a
F	xe.so	order	b
F	xe.t	contacts	d
F	xe.t	flags	a
F	xe.t	users	g
F	xe.t0	document	a
F	xe.t1	flags	a
F	xe.t2	length	b
F	xe.t3	flags	a
F	xe.t3	title	e
F	xe.t6	caption	o
F	xe.t6	collapsed	n
F	xe.t6	flags	m
F	xe.t7	h	p
F	xe.t7	w	o
F	xe.ta	user_id	a
F	xe.tc	call	a
F	xe.tc	sources	b
F	xe.tf	amount	f
F	xe.tf	flags	a
F	xe.th	reactions	e
F	xe.th	views	c
F	xe.ti	link	a
F	xe.tj	flags	a
F	xe.tj	peer	d
F	xe.tl	chat_id	a
F	xe.tl	user_id	b
F	xe.tl	version	d
F	xe.tm	chat_id	a
F	xe.tm	date	c
F	xe.tn	confirmed	b
F	xe.tn	date	d
F	xe.tn	device	e
F	xe.tn	flags	a
F	xe.tn	location	f
F	xe.to	key	a
F	xe.to	rules	b
F	xe.u	flags	a
F	xe.u0	hash	a
F	xe.u1	flags	a
F	xe.u3	commands	c
F	xe.u3	description	b
F	xe.u3	user_id	a
F	xe.u3	version	d
F	xe.u4	flags	a
F	xe.u4	title	c
F	xe.u4	url	d
F	xe.u5	bottom	d
F	xe.u5	caption	b
F	xe.u5	level	e
F	xe.u5	text	a
F	xe.u6	caption	n
F	xe.u7	source	m
F	xe.ua	url	a
F	xe.uc	block	f
F	xe.uc	call	d
F	xe.uc	flags	a
F	xe.uc	ids	e
F	xe.uf	amount	i
F	xe.uf	flags	a
F	xe.uh	reactions	e
F	xe.uh	views	c
F	xe.ui	chats	e
F	xe.ui	count	b
F	xe.ui	flags	a
F	xe.ui	stories	c
F	xe.ui	users	f
F	xe.ul	chat_id	a
F	xe.ul	user_id	b
F	xe.ul	version	c
F	xe.um	chat	a
F	xe.um	date	b
F	xe.un	message	a
F	xe.up	peer	a
F	xe.up	status	b
F	xe.v	flags	a
F	xe.v	link	b
F	xe.v	message	c
F	xe.v	title	e
F	xe.v	views	f
F	xe.v1	scope	b
F	xe.v2	hidden	c
F	xe.v2	peer	b
F	xe.v5	text	a
F	xe.v7	flags	m
F	xe.v7	items	o
F	xe.v7	reversed	n
F	xe.v7	start	p
F	xe.v7	type	q
F	xe.va	flags	a
F	xe.vc	flags	a
F	xe.vc	peer	c
F	xe.vc	reason	e
F	xe.ve	chats	b
F	xe.ve	users	c
F	xe.vf	flags	a
F	xe.vf	users	c
F	xe.vg	attributes	e
F	xe.vg	chats	g
F	xe.vg	count	b
F	xe.vg	flags	a
F	xe.vg	users	j
F	xe.vh	message	b
F	xe.vi	peer	a
F	xe.vj	flags	a
F	xe.vl	chat_id	a
F	xe.vl	user_id	b
F	xe.vl	version	d
F	xe.vn	message	a
F	xe.vo	message	a
F	xe.vp	flags	a
F	xe.w0	hash	a
F	xe.w2	flags	a
F	xe.w2	user_id	e
F	xe.w4	flags	a
F	xe.w4	peer	d
F	xe.w4	visible	c
F	xe.w5	checked	c
F	xe.w5	flags	a
F	xe.w6	buttons	q
F	xe.w6	flags	m
F	xe.wa	flags	a
F	xe.wa	url	d
F	xe.wd	peer	a
F	xe.wg	flags	b
F	xe.wh	chats	e
F	xe.wh	count	b
F	xe.wh	flags	a
F	xe.wh	users	f
F	xe.wi	flags	a
F	xe.wi	state	c
F	xe.wj	chats	f
F	xe.wj	count	c
F	xe.wj	flags	a
F	xe.wj	state	d
F	xe.wj	users	g
F	xe.wk	max_id	b
F	xe.wk	peer	a
F	xe.wn	message	a
F	xe.wo	channel_id	b
F	xe.wo	flags	a
F	xe.wp	flags	a
F	xe.wp	order	d
F	xe.x	description	c
F	xe.x	flags	a
F	xe.x	sticker	d
F	xe.x	title	b
F	xe.x2	delete	c
F	xe.x2	flags	a
F	xe.x2	url	d
F	xe.x4	date	e
F	xe.x4	flags	a
F	xe.x4	peer	c
F	xe.x4	visible	b
F	xe.x5	checked	c
F	xe.x5	flags	a
F	xe.x5	type	f
F	xe.x5	value	e
F	xe.x6	channel	m
F	xe.x8	flags	g
F	xe.x8	style	j
F	xe.x8	type	i
F	xe.xa	user_id	a
F	xe.xc	flags	b
F	xe.xc	peer	f
F	xe.xd	date	j
F	xe.xd	flags	a
F	xe.xd	from_id	i
F	xe.xd	message	l
F	xe.xf	amount	b
F	xe.xh	current	a
F	xe.xh	previous	b
F	xe.xi	channel	f
F	xe.xj	flags	a
F	xe.xj	state	b
F	xe.xl	action	c
F	xe.xl	chat_id	a
F	xe.xl	from_id	b
F	xe.xn	message	a
F	xe.xo	channel_id	a
F	xe.xp	id	a
F	xe.y	contacts	d
F	xe.y	flags	a
F	xe.y	users	g
F	xe.y0	hash	a
F	xe.y4	chats	c
F	xe.y4	users	d
F	xe.y5	documents	f
F	xe.y5	flags	a
F	xe.y5	part	c
F	xe.y6	items	m
F	xe.y7	flags	m
F	xe.y7	url	p
F	xe.yb	chats	c
F	xe.yb	users	b
F	xe.yc	call	c
F	xe.yc	flags	a
F	xe.yd	attributes	N
F	xe.yd	background	a0
F	xe.yd	flags	a
F	xe.yd	id	o
F	xe.yd	limited	b
F	xe.yd	sticker	q
F	xe.yd	title	H
F	xe.yj	caption	f
F	xe.yj	flags	a
F	xe.yj	id	c
F	xe.yj	media	d
F	xe.yj	peer	b
F	xe.yk	peer	a
F	xe.yk	story	b
F	xe.ym	peer	a
F	xe.yo	channel_id	c
F	xe.yo	flags	a
F	xe.yo	max_id	d
F	xe.z2	flags	b
F	xe.z3	text	a
F	xe.z3	url	b
F	xe.z4	chats	e
F	xe.z4	flags	a
F	xe.z4	requests	c
F	xe.z4	users	f
F	xe.z5	text	d
F	xe.z5	url	a
F	xe.zb	chats	f
F	xe.zb	state	b
F	xe.zb	users	e
F	xe.zc	link	a
F	xe.zd	flags	b
F	xe.zd	name	c
F	xe.zh	flags	b
F	xe.zh	json	c
F	xe.zi	channel_id	f
F	xe.zj	limit	d
F	xe.zj	offset	c
F	xe.zj	peer	a
F	xe.zm	call	d
F	xe.zm	flags	a
F	xe.zm	peer	c
F	xe.zn	message	a
F	xe.zo	channel_id	a
F	xe.zo	max_id	b
F	xe.zp	flags	a
F	xe.zp	text	d
F	xf.a	bounds	a
F	xf.a	path	k
F	xf.b	alpha	j
F	xf.b	backgroundColor	e
F	xf.d	source	E
F	xg.a3	bounds	q0
F	xg.a3	closeButton	r
F	xg.a3	path	s0
F	xg.a3	show	V
F	xg.a3	shown	U
F	xg.c3	listener	c
F	xg.c3	rootView	a
F	xg.d	backgroundColor	y
F	xg.d	loading	M
F	xg.d	resourcesProvider	a
F	xg.d	subText	e
F	xg.d	text	d
F	xg.ga	emoji	c
F	xg.i	strokeColor	l
F	xg.i6	caption	C0
F	xg.i6	cover	e0
F	xg.i6	currentAccount	a
F	xg.i6	error	x
F	xg.i6	file	L
F	xg.i6	height	l0
F	xg.i6	isVideo	K
F	xg.i6	left	Z
F	xg.i6	muted	Y
F	xg.i6	peer	v0
F	xg.i6	pinned	G0
F	xg.i6	privacy	E0
F	xg.i6	right	a0
F	xg.i6	round	o0
F	xg.i6	stickers	U0
F	xg.i6	width	k0
F	xg.j	bounds	z0
F	xg.j	currentAccount	T
F	xg.j	dialogId	x
F	xg.j	matrix	E
F	xg.j	resourcesProvider	a
F	xg.j	rootView	I
F	xg.j5	delegate	a
F	xg.j5	recording	q0
F	xg.l9	activity	b
F	xg.l9	currentAccount	c
F	xg.l9	entries	G1
F	xg.l9	instance	E2
F	xg.l9	mode	N1
F	xg.n0	deleted	N
F	xg.n0	preparing	F
F	xg.n0	progress	G
F	xg.n0	shown	D
F	xg.n0	t	H
F	xg.o9	count	b
F	xg.o9	data	d
F	xg.o9	loaded	c
F	xg.o9	lock	i
F	xg.o9	max	e
F	xg.o9	stop	j
F	xg.o9	this$0	l
F	xg.p	layout	a
F	xg.p	x	b
F	xg.p	y	c
F	xg.p7	rules	b
F	xg.p7	type	a
F	xg.q	h	c
F	xg.q	w	b
F	xg.q7	dialogId	x
F	xg.q7	imageView	c
F	xg.q7	resourcesProvider	a
F	xg.q7	subtitleTextView	e
F	xg.q9	bounds	j
F	xg.q9	index	a
F	xg.q9	left	g
F	xg.q9	offset	f
F	xg.q9	path	d
F	xg.q9	right	h
F	xg.s9	bitmap	a
F	xg.t9	frames	d
F	xg.t9	loading	k
F	xg.v9	delegate	a
F	xg.v9	h	v1
F	xg.v9	open	i0
F	xg.v9	progress	e
F	xg.v9	scroll	f
F	xg.v9	w	u1
F	yd.b	buffer	c
F	yd.b	data	a
F	zg.c3	dialogId	O
F	zg.f0	resourcesProvider	a
F	zg.n2	this$0	z0
F	zg.o2	attached	U0
F	zg.o2	currentAccount	F
F	zg.o2	errorCode	S0
F	zg.o2	insets	h
F	zg.o2	peerId	H
F	zg.o2	resourcesProvider	D
F	zg.p	context	a
F	zg.p	currentAccount	b
F	zg.q0	context	a
F	zg.q0	currentAccount	b
F	zg.q0	listeners	f
F	zg.z3	currentAccount	a
F	zg.z3	flags	n
F	zg.z3	peerId	b
F	zg.z3	response	q
F	zg.z3	type	g
M	af.g3	clear	b	()V
M	af.g3	filter	d	(Lorg/telegram/tgnet/a0;)Z
M	af.h2	set	a	(ILjava/lang/String;Lorg/telegram/tgnet/n0;)V
M	af.j2	isEnabled	D	(Ln4/g1;)Z
M	af.j2	getItemCount	h	()I
M	af.j2	notifyDataSetChanged	l	()V
M	af.j2	onBindViewHolder	v	(Ln4/g1;I)V
M	af.q2	isEnabled	D	(Ln4/g1;)Z
M	af.q2	getItemCount	h	()I
M	af.q2	notifyDataSetChanged	l	()V
M	af.q2	onBindViewHolder	v	(Ln4/g1;I)V
M	af.w	isEnabled	D	(Ln4/g1;)Z
M	af.w	getItemCount	h	()I
M	af.w	getItemId	i	(I)J
M	af.w	notifyDataSetChanged	l	()V
M	af.w	onBindViewHolder	v	(Ln4/g1;I)V
M	af.w	onViewAttachedToWindow	y	(Ln4/g1;)V
M	ag.a	draw	I	(Landroid/graphics/Canvas;FFFF)V
M	ag.b	draw	I	(Landroid/graphics/Canvas;FFFF)V
M	ag.c	draw	I	(Landroid/graphics/Canvas;FFFF)V
M	ag.c	setColor	a	(I)V
M	ag.d	draw	I	(Landroid/graphics/Canvas;FFFF)V
M	androidx.biometric.e	get	q	(Landroid/graphics/Bitmap;)Ljava/lang/Object;
M	androidx.emoji2.text.x	isInstance	m	(Ljava/lang/Object;[Ljava/lang/Class;)Z
M	androidx.recyclerview.widget.RecyclerView	getChildViewHolder	T	(Landroid/view/View;)Ln4/g1;
M	be.c	getString	c	(I)Ljava/lang/String;
M	bf.g	getInstance	a	(I)Lbf/g;
M	bf.g	load	c	(Lorg/telegram/messenger/Utilities$Callback;)V
M	bf.g0	getInstance	d	(I)Lbf/g0;
M	bf.g0	load	e	(ZZ)V
M	bf.u2	getInstance	f	(I)Lbf/u2;
M	bf.u2	load	h	()V
M	bf.z2	getInstance	b	(I)Lbf/z2;
M	bf.z2	load	g	()V
M	bh.j	set	a	(IIILjava/lang/CharSequence;Ljava/lang/CharSequence;Z)V
M	c1.f	check	b	(I)V
M	c1.f	getContext	f	()Landroid/content/Context;
M	c1.f	isActive	u	()Z
M	cg.a	filter	a	(Lorg/telegram/messenger/MessageObject;)Z
M	com.google.firebase.messaging.j	removeView	t	(Landroid/view/View;)V
M	com.google.firebase.messaging.j	wrap	x	(Landroid/text/SpannableString;I)V
M	d0.m0	cancel	b	(I)V
M	d0.m0	from	c	(Landroid/content/Context;)Ld0/m0;
M	d0.n0	build	a	()Ld0/o0;
M	d0.o0	getName	b	()Ljava/lang/CharSequence;
M	d0.s	build	b	()Landroid/app/Notification;
M	da.l	add	j	(Ljava/lang/String;Lda/i;)V
M	dd.h	getVisibility	c	()F
M	dd.k	reset	m	(Ljava/util/List;Z)V
M	dd.m	replace	f	(Ljava/lang/Object;Z)V
M	dd.n	set	d	(F)V
M	df.b	measure	e	()V
M	dh.k4	isSupported	c	(Lxe/x9;)Z
M	dh.u	create	a	(Ljava/lang/String;IF)Ldh/u;
M	dh.y5	append	a	(Landroid/text/SpannableStringBuilder;Lxe/z5;ILxe/u5;Z)V
M	dh.y5	isEmpty	j	(Lxe/z5;)Z
M	dh.y5	wrap	s	(Ljava/lang/String;Ldh/x5;)Lxe/z5;
M	e2.e	m	f	()Ljava/lang/Class;
M	e4.w	active	a	(II)Z
M	e6.f	setViewVisible	h	(IZZ)V
M	f0.a	draw	b	(Landroid/graphics/Canvas;Ld0/h0;ILandroid/graphics/Paint;)V
M	f0.c	getId	b	()Ljava/lang/String;
M	f2.x	invalidate	b	()V
M	fa.n	find	a	(Ljava/lang/Object;Z)Lfa/m;
M	fe.e	cancel	a	(Z)V
M	fe.e	end	b	()V
M	fe.e	end	c	(Z)V
M	fe.e	init	d	()V
M	fe.f	replace	v	(Landroid/net/Uri;Ljava/lang/String;Ljava/lang/String;Ljava/lang/String;Ljava/lang/String;)Ljava/lang/String;
M	h0.b	max	a	(Lh0/b;Lh0/b;)Lh0/b;
M	he.e	build	a	()Lhe/f;
M	hf.a	setColor	b	(I)V
M	hf.c	setColor	a	(I)V
M	j1.h	cancel	c	()V
M	j1.i	getValue	a	(Ljava/lang/Object;)F
M	jb.b	get	a	(II)B
M	jb.b	set	b	(III)V
M	jf.b	setItems	E	(Ljava/util/ArrayList;Ljava/util/ArrayList;)V
M	k4.a0	getInstance	d	(Landroid/content/Context;)Lk4/a0;
M	k4.b	post	b	(ILjava/lang/Object;)V
M	k4.t	isEmpty	d	()Z
M	k4.y	select	l	()V
M	ke.b	build	a	()Landroid/app/PictureInPictureParams$Builder;
M	ke.b	isValid	b	()Z
M	kf.m0	get	c	()Ljava/util/List;
M	kf.w0	cleanup	a	()V
M	kf.w0	getColor	b	(I)I
M	kf.w0	getInstance	e	(I)Lkf/w0;
M	kg.j	getInsets	e	(I)Lh0/b;
M	le.d	getDocument	c	(J)Lorg/telegram/tgnet/d1;
M	le.d	getSharedPreferences	d	()Landroid/content/SharedPreferences;
M	lf.a1	set	b	(ILlf/z0;Z)V
M	lf.a1	setType	c	(II)V
M	lf.b3	clean	b	()V
M	lf.e1	setType	e	(II)V
M	lg.f	attach	a	(Landroid/view/View;)V
M	lg.f	detach	b	()V
M	lg.f	draw	c	(Landroid/graphics/Canvas;II)V
M	lg.g	attach	a	()V
M	m1.g	getMimeType	g	(Ljava/io/BufferedInputStream;)I
M	mf.a2	setChecked	c	(ZZ)V
M	mf.f2	draw	a	(Landroid/graphics/Canvas;JF)V
M	mf.g2	init	c	()V
M	mf.i1	getColor	b	(I)I
M	mf.j1	getInstance	d	()Lmf/j1;
M	mf.p0	getChat	s1	()Lorg/telegram/tgnet/n0;
M	mg.b	draw	c	(Landroid/graphics/Canvas;II)V
M	mg.c	draw	c	(Landroid/graphics/Canvas;II)V
M	n4.c0	select	p	(Ln4/g1;I)V
M	n4.g0	setOrientation	j1	(I)V
M	n4.l0	getItemCount	h	()I
M	n4.l0	notifyDataSetChanged	l	()V
M	n4.l0	onBindViewHolder	v	(Ln4/g1;I)V
M	n4.y0	clear	a	()V
M	oe.h	getInstance	c	()Loe/h;
M	oe.p	setBounds	c	(Landroid/graphics/Rect;FFIII)V
M	oe.p	setBounds	d	(Landroid/graphics/drawable/Drawable;FFI)V
M	oe.p	setBounds	e	(Landroid/graphics/drawable/Drawable;FFIII)V
M	oe.r	apply	a	(Lxe/cm;)V
M	oe.t	getInstance	g	(I)Loe/t;
M	oe.z	reset	b	()V
M	of.s	attach	N	(Landroid/view/View;)Lof/s;
M	org.telegram.messenger.ResLottieMeta	build	load	()[J
M	org.telegram.messenger.b	m	e	(Ljava/nio/file/Path;)Lj$/util/stream/Stream;
M	org.telegram.tgnet.a1	TLdeserialize	a	(Lorg/telegram/tgnet/r;IZ)Lorg/telegram/tgnet/a1;
M	org.telegram.tgnet.a2	TLdeserialize	a	(Lorg/telegram/tgnet/r;IZ)Lorg/telegram/tgnet/a2;
M	org.telegram.tgnet.a3	TLdeserialize	a	(Lorg/telegram/tgnet/r;IZ)Lorg/telegram/tgnet/i00;
M	org.telegram.tgnet.a4	TLdeserialize	a	(Lorg/telegram/tgnet/r;IZ)Lorg/telegram/tgnet/a4;
M	org.telegram.tgnet.ac0	TLdeserialize	a	(Lorg/telegram/tgnet/r;IZ)Lorg/telegram/tgnet/ac0;
M	org.telegram.tgnet.ak	TLdeserialize	a	(Lorg/telegram/tgnet/r;IZ)Lorg/telegram/tgnet/ak;
M	org.telegram.tgnet.an0	TLdeserialize	a	(Lorg/telegram/tgnet/r;IZ)Lorg/telegram/tgnet/an0;
M	org.telegram.tgnet.ao0	TLdeserialize	a	(Lorg/telegram/tgnet/r;IZ)Lorg/telegram/tgnet/ao0;
M	org.telegram.tgnet.b1	TLdeserialize	a	(Lorg/telegram/tgnet/r;IZ)Lorg/telegram/tgnet/b1;
M	org.telegram.tgnet.b3	TLdeserialize	a	(Lorg/telegram/tgnet/r;IZ)Lorg/telegram/tgnet/b3;
M	org.telegram.tgnet.ba	TLdeserialize	a	(Lorg/telegram/tgnet/r;IZ)Lorg/telegram/tgnet/ba;
M	org.telegram.tgnet.bn0	TLdeserialize	a	(Lorg/telegram/tgnet/r;IZ)Lorg/telegram/tgnet/bn0;
M	org.telegram.tgnet.bo0	TLdeserialize	a	(Lorg/telegram/tgnet/r;IZ)Lorg/telegram/tgnet/bo0;
M	org.telegram.tgnet.c1	TLdeserialize	a	(Lorg/telegram/tgnet/r;IZ)Lorg/telegram/tgnet/c1;
M	org.telegram.tgnet.c2	TLdeserialize	a	(Lorg/telegram/tgnet/r;IZ)Lorg/telegram/tgnet/c2;
M	org.telegram.tgnet.c4	TLdeserialize	a	(Lorg/telegram/tgnet/r;IZ)Lorg/telegram/tgnet/c4;
M	org.telegram.tgnet.ca	TLdeserialize	a	(Lorg/telegram/tgnet/r;IZ)Lorg/telegram/tgnet/ca;
M	org.telegram.tgnet.d0	TLdeserialize	a	(Lorg/telegram/tgnet/r;IZ)Lorg/telegram/tgnet/d0;
M	org.telegram.tgnet.d2	TLdeserialize	a	(Lorg/telegram/tgnet/r;IZ)Lorg/telegram/tgnet/d2;
M	org.telegram.tgnet.d3	TLdeserialize	a	(Lorg/telegram/tgnet/r;IZ)Lorg/telegram/tgnet/d3;
M	org.telegram.tgnet.d4	TLdeserialize	a	(Lorg/telegram/tgnet/r;IZ)Lorg/telegram/tgnet/d4;
M	org.telegram.tgnet.dm	TLdeserialize	a	(Lorg/telegram/tgnet/r;IZ)Lorg/telegram/tgnet/dm;
M	org.telegram.tgnet.dn0	TLdeserialize	a	(Lorg/telegram/tgnet/r;IZ)Lorg/telegram/tgnet/dn0;
M	org.telegram.tgnet.e1	TLdeserialize	a	(Lorg/telegram/tgnet/r;IZ)Lorg/telegram/tgnet/e1;
M	org.telegram.tgnet.e2	TLdeserialize	a	(Lorg/telegram/tgnet/r;IZ)Lorg/telegram/tgnet/e2;
M	org.telegram.tgnet.eo0	TLdeserialize	a	(Lorg/telegram/tgnet/r;IZ)Lorg/telegram/tgnet/eo0;
M	org.telegram.tgnet.f0	TLdeserialize	a	(Lorg/telegram/tgnet/r;IZ)Lorg/telegram/tgnet/f0;
M	org.telegram.tgnet.f1	TLdeserialize	a	(Lorg/telegram/tgnet/r;IZ)Lorg/telegram/tgnet/f1;
M	org.telegram.tgnet.f2	TLdeserialize	a	(Lorg/telegram/tgnet/r;IZ)Lorg/telegram/tgnet/f2;
M	org.telegram.tgnet.f3	TLdeserialize	a	(Lorg/telegram/tgnet/r;IZ)Lorg/telegram/tgnet/f3;
M	org.telegram.tgnet.f4	TLdeserialize	a	(Lorg/telegram/tgnet/r;IZ)Lorg/telegram/tgnet/f4;
M	org.telegram.tgnet.fk	TLdeserialize	a	(Lorg/telegram/tgnet/r;IZ)Lorg/telegram/tgnet/fk;
M	org.telegram.tgnet.fn0	TLdeserialize	a	(Lorg/telegram/tgnet/r;IZ)Lorg/telegram/tgnet/fn0;
M	org.telegram.tgnet.fo0	TLdeserialize	a	(Lorg/telegram/tgnet/r;IZ)Lorg/telegram/tgnet/fo0;
M	org.telegram.tgnet.fp0	deserialize	f	(Lorg/telegram/tgnet/r;IZ)Lorg/telegram/tgnet/a0;
M	org.telegram.tgnet.ft	TLdeserialize	a	(Lorg/telegram/tgnet/r;IZ)Lorg/telegram/tgnet/ft;
M	org.telegram.tgnet.g0	TLdeserialize	a	(Lorg/telegram/tgnet/r;IZ)Lorg/telegram/tgnet/g0;
M	org.telegram.tgnet.g1	TLdeserialize	a	(Lorg/telegram/tgnet/r;IZ)Lorg/telegram/tgnet/g1;
M	org.telegram.tgnet.g2	TLdeserialize	a	(Lorg/telegram/tgnet/r;IZ)Lorg/telegram/tgnet/g2;
M	org.telegram.tgnet.g4	TLdeserialize	a	(Lorg/telegram/tgnet/r;IZ)Lorg/telegram/tgnet/g4;
M	org.telegram.tgnet.gp0	deserialize	c	(Lorg/telegram/tgnet/r;Lorg/telegram/messenger/Utilities$CallbackReturn;Z)Ljava/util/ArrayList;
M	org.telegram.tgnet.gp0	deserialize	d	(Lorg/telegram/tgnet/r;Lorg/telegram/tgnet/fp0;Z)Ljava/util/ArrayList;
M	org.telegram.tgnet.gp0	serialize	i	(Lorg/telegram/tgnet/s;Ljava/util/ArrayList;)V
M	org.telegram.tgnet.h0	TLdeserialize	a	(Lorg/telegram/tgnet/r;IZ)Lorg/telegram/tgnet/h0;
M	org.telegram.tgnet.h4	TLdeserialize	a	(Lorg/telegram/tgnet/r;IZ)Lorg/telegram/tgnet/h4;
M	org.telegram.tgnet.ho0	TLdeserialize	a	(Lorg/telegram/tgnet/r;IZ)Lorg/telegram/tgnet/ho0;
M	org.telegram.tgnet.i0	TLdeserialize	a	(Lorg/telegram/tgnet/r;IZ)Lorg/telegram/tgnet/i0;
M	org.telegram.tgnet.i10	TLdeserialize	a	(Lorg/telegram/tgnet/r;IZ)Lorg/telegram/tgnet/i10;
M	org.telegram.tgnet.i2	TLdeserialize	a	(Lorg/telegram/tgnet/r;IZ)Lorg/telegram/tgnet/i2;
M	org.telegram.tgnet.i3	TLdeserialize	a	(Lorg/telegram/tgnet/r;IZ)Lorg/telegram/tgnet/i3;
M	org.telegram.tgnet.i4	TLdeserialize	a	(Lorg/telegram/tgnet/r;IZ)Lorg/telegram/tgnet/i4;
M	org.telegram.tgnet.ii0	TLdeserialize	a	(Lorg/telegram/tgnet/r;IZ)Lorg/telegram/tgnet/ii0;
M	org.telegram.tgnet.io0	TLdeserialize	a	(Lorg/telegram/tgnet/r;IZ)Lorg/telegram/tgnet/io0;
M	org.telegram.tgnet.j1	TLdeserialize	a	(Lorg/telegram/tgnet/r;IZ)Lorg/telegram/tgnet/j1;
M	org.telegram.tgnet.j10	TLdeserialize	a	(Lorg/telegram/tgnet/r;IZ)Lorg/telegram/tgnet/j10;
M	org.telegram.tgnet.j2	TLdeserialize	a	(Lorg/telegram/tgnet/r;IZ)Lorg/telegram/tgnet/j2;
M	org.telegram.tgnet.j3	TLdeserialize	a	(Lorg/telegram/tgnet/r;IZ)Lorg/telegram/tgnet/j3;
M	org.telegram.tgnet.j4	TLdeserialize	a	(Lorg/telegram/tgnet/r;IZ)Lorg/telegram/tgnet/j4;
M	org.telegram.tgnet.jm	TLdeserialize	a	(Lorg/telegram/tgnet/r;IZ)Lorg/telegram/tgnet/jm;
M	org.telegram.tgnet.jm0	TLdeserialize	a	(Lorg/telegram/tgnet/r;IZ)Lorg/telegram/tgnet/jm0;
M	org.telegram.tgnet.k0	TLdeserialize	a	(Lorg/telegram/tgnet/r;IZ)Lorg/telegram/tgnet/k0;
M	org.telegram.tgnet.k1	TLdeserialize	a	(Lorg/telegram/tgnet/r;IZ)Lorg/telegram/tgnet/k1;
M	org.telegram.tgnet.k2	TLdeserialize	a	(Lorg/telegram/tgnet/r;IZ)Lorg/telegram/tgnet/k2;
M	org.telegram.tgnet.k50	TLdeserialize	a	(Lorg/telegram/tgnet/r;IZ)Lorg/telegram/tgnet/k50;
M	org.telegram.tgnet.km0	TLdeserialize	a	(Lorg/telegram/tgnet/r;IZ)Lorg/telegram/tgnet/km0;
M	org.telegram.tgnet.ko0	TLdeserialize	a	(Lorg/telegram/tgnet/r;IZ)Lorg/telegram/tgnet/ko0;
M	org.telegram.tgnet.l0	TLdeserialize	a	(Lorg/telegram/tgnet/r;IZ)Lorg/telegram/tgnet/l0;
M	org.telegram.tgnet.l1	TLdeserialize	a	(Lorg/telegram/tgnet/r;IZ)Lorg/telegram/tgnet/l1;
M	org.telegram.tgnet.l2	TLdeserialize	a	(Lorg/telegram/tgnet/r;IZ)Lorg/telegram/tgnet/l2;
M	org.telegram.tgnet.l3	TLdeserialize	a	(Lorg/telegram/tgnet/r;IZ)Lorg/telegram/tgnet/l3;
M	org.telegram.tgnet.l4	TLdeserialize	a	(Lorg/telegram/tgnet/r;IZ)Lorg/telegram/tgnet/l4;
M	org.telegram.tgnet.lj0	TLdeserialize	a	(Lorg/telegram/tgnet/r;IZ)Lorg/telegram/tgnet/lj0;
M	org.telegram.tgnet.lo0	TLdeserialize	a	(Lorg/telegram/tgnet/r;IZ)Lorg/telegram/tgnet/lo0;
M	org.telegram.tgnet.m1	TLdeserialize	a	(Lorg/telegram/tgnet/r;IZ)Lorg/telegram/tgnet/m1;
M	org.telegram.tgnet.m2	TLdeserialize	a	(Lorg/telegram/tgnet/r;IZ)Lorg/telegram/tgnet/m2;
M	org.telegram.tgnet.m3	TLdeserialize	a	(Lorg/telegram/tgnet/r;IZ)Lorg/telegram/tgnet/m3;
M	org.telegram.tgnet.m4	TLdeserialize	a	(Lorg/telegram/tgnet/r;IZ)Lorg/telegram/tgnet/m4;
M	org.telegram.tgnet.n0	TLdeserialize	b	(Lorg/telegram/tgnet/r;IZ)Lorg/telegram/tgnet/n0;
M	org.telegram.tgnet.n1	TLdeserialize	a	(Lorg/telegram/tgnet/r;IZ)Lorg/telegram/tgnet/n1;
M	org.telegram.tgnet.n3	TLdeserialize	a	(Lorg/telegram/tgnet/r;IZ)Lorg/telegram/tgnet/n3;
M	org.telegram.tgnet.n4	TLdeserialize	a	(Lorg/telegram/tgnet/r;IZ)Lorg/telegram/tgnet/n4;
M	org.telegram.tgnet.ne0	TLdeserialize	a	(Lorg/telegram/tgnet/r;IZ)Lorg/telegram/tgnet/ne0;
M	org.telegram.tgnet.nf	TLdeserialize	a	(Lorg/telegram/tgnet/r;IZ)Lorg/telegram/tgnet/nf;
M	org.telegram.tgnet.nn0	TLdeserialize	a	(Lorg/telegram/tgnet/r;IZ)Lorg/telegram/tgnet/nn0;
M	org.telegram.tgnet.no0	TLdeserialize	a	(Lorg/telegram/tgnet/r;IZ)Lorg/telegram/tgnet/no0;
M	org.telegram.tgnet.o0	TLdeserialize	a	(Lorg/telegram/tgnet/r;IZ)Lorg/telegram/tgnet/o0;
M	org.telegram.tgnet.o1	TLdeserialize	a	(Lorg/telegram/tgnet/r;IZ)Lorg/telegram/tgnet/o1;
M	org.telegram.tgnet.o3	TLdeserialize	a	(Lorg/telegram/tgnet/r;IZ)Lorg/telegram/tgnet/o3;
M	org.telegram.tgnet.o4	TLdeserialize	a	(Lorg/telegram/tgnet/r;IZ)Lorg/telegram/tgnet/o4;
M	org.telegram.tgnet.p0	TLdeserialize	a	(Lorg/telegram/tgnet/r;IZ)Lorg/telegram/tgnet/p0;
M	org.telegram.tgnet.p1	TLdeserialize	a	(Lorg/telegram/tgnet/r;IZ)Lorg/telegram/tgnet/p1;
M	org.telegram.tgnet.p2	TLdeserialize	a	(Lorg/telegram/tgnet/r;IZ)Lorg/telegram/tgnet/p2;
M	org.telegram.tgnet.p3	TLdeserialize	a	(Lorg/telegram/tgnet/r;IZ)Lorg/telegram/tgnet/p3;
M	org.telegram.tgnet.p4	TLdeserialize	a	(Lorg/telegram/tgnet/r;IZ)Lorg/telegram/tgnet/p4;
M	org.telegram.tgnet.pc0	TLdeserialize	a	(Lorg/telegram/tgnet/r;IZ)Lorg/telegram/tgnet/pc0;
M	org.telegram.tgnet.po0	TLdeserialize	a	(Lorg/telegram/tgnet/r;IZ)Lorg/telegram/tgnet/po0;
M	org.telegram.tgnet.q1	TLdeserialize	a	(Lorg/telegram/tgnet/r;IZ)Lorg/telegram/tgnet/q1;
M	org.telegram.tgnet.q90	TLdeserialize	a	(Lorg/telegram/tgnet/r;IZ)Lorg/telegram/tgnet/q90;
M	org.telegram.tgnet.qo0	TLdeserialize	a	(Lorg/telegram/tgnet/r;IZ)Lorg/telegram/tgnet/qo0;
M	org.telegram.tgnet.r0	TLdeserialize	a	(Lorg/telegram/tgnet/r;IZ)Lorg/telegram/tgnet/r0;
M	org.telegram.tgnet.r1	TLdeserialize	a	(Lorg/telegram/tgnet/r;IZ)Lorg/telegram/tgnet/r1;
M	org.telegram.tgnet.r2	TLdeserialize	a	(Lorg/telegram/tgnet/r;IZ)Lorg/telegram/tgnet/r2;
M	org.telegram.tgnet.r3	TLdeserialize	a	(Lorg/telegram/tgnet/r;Z)Lorg/telegram/tgnet/r3;
M	org.telegram.tgnet.r30	TLdeserialize	a	(Lorg/telegram/tgnet/r;IZ)Lorg/telegram/tgnet/r30;
M	org.telegram.tgnet.rs	TLdeserialize	a	(Lorg/telegram/tgnet/r;IZ)Lorg/telegram/tgnet/rs;
M	org.telegram.tgnet.s0	TLdeserialize	a	(Lorg/telegram/tgnet/r;IZ)Lorg/telegram/tgnet/s0;
M	org.telegram.tgnet.s2	TLdeserialize	a	(Lorg/telegram/tgnet/r;IZ)Lorg/telegram/tgnet/s2;
M	org.telegram.tgnet.s3	TLdeserialize	a	(Lorg/telegram/tgnet/r;IZ)Lorg/telegram/tgnet/s3;
M	org.telegram.tgnet.s6	TLdeserialize	a	(Lorg/telegram/tgnet/r;IZ)Lorg/telegram/tgnet/s6;
M	org.telegram.tgnet.s90	TLdeserialize	a	(Lorg/telegram/tgnet/r;IZ)Lorg/telegram/tgnet/s90;
M	org.telegram.tgnet.sm0	TLdeserialize	a	(Lorg/telegram/tgnet/r;IZ)Lorg/telegram/tgnet/sm0;
M	org.telegram.tgnet.sn0	TLdeserialize	a	(Lorg/telegram/tgnet/r;IZ)Lorg/telegram/tgnet/sn0;
M	org.telegram.tgnet.t0	TLdeserialize	a	(Lorg/telegram/tgnet/r;IZ)Lorg/telegram/tgnet/t0;
M	org.telegram.tgnet.t1	TLdeserialize	a	(Lorg/telegram/tgnet/r;IZ)Lorg/telegram/tgnet/t1;
M	org.telegram.tgnet.t10	TLdeserialize	a	(Lorg/telegram/tgnet/r;IZ)Lorg/telegram/tgnet/t10;
M	org.telegram.tgnet.t2	TLdeserialize	a	(Lorg/telegram/tgnet/r;IZ)Lorg/telegram/tgnet/t2;
M	org.telegram.tgnet.t3	TLdeserialize	a	(Lorg/telegram/tgnet/r;IZ)Lorg/telegram/tgnet/t3;
M	org.telegram.tgnet.tf0	TLdeserialize	a	(Lorg/telegram/tgnet/r;IZ)Lorg/telegram/tgnet/tf0;
M	org.telegram.tgnet.tm0	TLdeserialize	a	(Lorg/telegram/tgnet/r;IZ)Lorg/telegram/tgnet/tm0;
M	org.telegram.tgnet.tn0	TLdeserialize	a	(Lorg/telegram/tgnet/r;IZ)Lorg/telegram/tgnet/tn0;
M	org.telegram.tgnet.u0	TLdeserialize	a	(Lorg/telegram/tgnet/r;IZ)Lorg/telegram/tgnet/u0;
M	org.telegram.tgnet.u1	TLdeserialize	a	(Lorg/telegram/tgnet/r;IZ)Lorg/telegram/tgnet/u1;
M	org.telegram.tgnet.u3	TLdeserialize	a	(Lorg/telegram/tgnet/r;IZ)Lorg/telegram/tgnet/u3;
M	org.telegram.tgnet.u4	TLdeserialize	a	(Lorg/telegram/tgnet/r;IZ)Lorg/telegram/tgnet/u4;
M	org.telegram.tgnet.u7	TLdeserialize	a	(Lorg/telegram/tgnet/r;IZ)Lorg/telegram/tgnet/u7;
M	org.telegram.tgnet.um0	TLdeserialize	a	(Lorg/telegram/tgnet/r;IZ)Lorg/telegram/tgnet/um0;
M	org.telegram.tgnet.v0	TLdeserialize	a	(Lorg/telegram/tgnet/r;IZ)Lorg/telegram/tgnet/v0;
M	org.telegram.tgnet.v1	TLdeserialize	a	(Lorg/telegram/tgnet/r;IZ)Lorg/telegram/tgnet/v1;
M	org.telegram.tgnet.v2	TLdeserialize	a	(Lorg/telegram/tgnet/r;IZ)Lorg/telegram/tgnet/v2;
M	org.telegram.tgnet.vc	TLdeserialize	a	(Lorg/telegram/tgnet/r;IZ)Lorg/telegram/tgnet/vc;
M	org.telegram.tgnet.vf	TLdeserialize	a	(Lorg/telegram/tgnet/r;IZ)Lorg/telegram/tgnet/vf;
M	org.telegram.tgnet.vh0	TLdeserialize	a	(Lorg/telegram/tgnet/r;IZ)Lorg/telegram/tgnet/vh0;
M	org.telegram.tgnet.vm0	TLdeserialize	a	(Lorg/telegram/tgnet/r;IZ)Lorg/telegram/tgnet/vm0;
M	org.telegram.tgnet.w2	TLdeserialize	a	(Lorg/telegram/tgnet/r;IZ)Lorg/telegram/tgnet/w2;
M	org.telegram.tgnet.w3	TLdeserialize	a	(Lorg/telegram/tgnet/r;IZ)Lorg/telegram/tgnet/w3;
M	org.telegram.tgnet.w50	TLdeserialize	a	(Lorg/telegram/tgnet/r;IZ)Lorg/telegram/tgnet/w50;
M	org.telegram.tgnet.wk	TLdeserialize	a	(Lorg/telegram/tgnet/r;IZ)Lorg/telegram/tgnet/wk;
M	org.telegram.tgnet.wk0	TLdeserialize	a	(Lorg/telegram/tgnet/r;IZ)Lorg/telegram/tgnet/wk0;
M	org.telegram.tgnet.wl	TLdeserialize	a	(Lorg/telegram/tgnet/r;IZ)Lorg/telegram/tgnet/wl;
M	org.telegram.tgnet.wn0	TLdeserialize	a	(Lorg/telegram/tgnet/r;IZ)Lorg/telegram/tgnet/wn0;
M	org.telegram.tgnet.wo0	TLdeserialize	a	(Lorg/telegram/tgnet/r;IZ)Lorg/telegram/tgnet/wo0;
M	org.telegram.tgnet.x	cleanup	a	()V
M	org.telegram.tgnet.x	toByteArray	b	()[B
M	org.telegram.tgnet.x0	TLdeserialize	a	(Lorg/telegram/tgnet/r;IZ)Lorg/telegram/tgnet/x0;
M	org.telegram.tgnet.x3	TLdeserialize	a	(Lorg/telegram/tgnet/r;IZ)Lorg/telegram/tgnet/x3;
M	org.telegram.tgnet.xc	TLdeserialize	a	(Lorg/telegram/tgnet/r;IZ)Lorg/telegram/tgnet/xc;
M	org.telegram.tgnet.xc	clone	b	(Lorg/telegram/tgnet/xc;)Lorg/telegram/tgnet/xc;
M	org.telegram.tgnet.xh0	TLdeserialize	a	(Lorg/telegram/tgnet/r;IZ)Lorg/telegram/tgnet/xh0;
M	org.telegram.tgnet.xm0	TLdeserialize	a	(Lorg/telegram/tgnet/r;IZ)Lorg/telegram/tgnet/xm0;
M	org.telegram.tgnet.xn0	TLdeserialize	a	(Lorg/telegram/tgnet/r;IZ)Lorg/telegram/tgnet/xn0;
M	org.telegram.tgnet.y0	TLdeserialize	a	(Lorg/telegram/tgnet/r;IZ)Lorg/telegram/tgnet/y0;
M	org.telegram.tgnet.y1	TLdeserialize	a	(Lorg/telegram/tgnet/r;IZ)Lorg/telegram/tgnet/y1;
M	org.telegram.tgnet.y2	TLdeserialize	a	(Lorg/telegram/tgnet/r;IZ)Lorg/telegram/tgnet/y2;
M	org.telegram.tgnet.y3	TLdeserialize	a	(Lorg/telegram/tgnet/r;IZ)Lorg/telegram/tgnet/y3;
M	org.telegram.tgnet.yj	TLdeserialize	a	(Lorg/telegram/tgnet/r;IZ)Lorg/telegram/tgnet/yj;
M	org.telegram.tgnet.ym0	TLdeserialize	a	(JJLorg/telegram/tgnet/r;IZ)Lorg/telegram/tgnet/ym0;
M	org.telegram.tgnet.yn0	TLdeserialize	a	(Lorg/telegram/tgnet/r;IZ)Lorg/telegram/tgnet/yn0;
M	org.telegram.tgnet.yo0	TLdeserialize	a	(Lorg/telegram/tgnet/r;IZ)Lorg/telegram/tgnet/yo0;
M	org.telegram.tgnet.z0	TLdeserialize	a	(Lorg/telegram/tgnet/r;IZ)Lorg/telegram/tgnet/z0;
M	org.telegram.tgnet.z10	TLdeserialize	a	(Lorg/telegram/tgnet/r;IZ)Lorg/telegram/tgnet/z10;
M	org.telegram.tgnet.zd0	TLdeserialize	a	(Lorg/telegram/tgnet/r;IZ)Lorg/telegram/tgnet/zd0;
M	org.telegram.tgnet.zm0	TLdeserialize	a	(Lorg/telegram/tgnet/r;IZ)Lorg/telegram/tgnet/zm0;
M	org.telegram.ui.ActionBar.ActionBarLayout	onBackPressed	G	()V
M	org.telegram.ui.ActionBar.ActionBarLayout	onPause	L	()V
M	org.telegram.ui.ActionBar.ActionBarLayout	onResume	M	()V
M	org.telegram.ui.ActionBar.ActionBarPopupWindow$ActionBarPopupWindowLayout	addView	a	(Landroid/view/View;Landroid/widget/LinearLayout$LayoutParams;)V
M	org.telegram.ui.ActionBar.AlertDialog$Builder	show	o	()Lorg/telegram/ui/ActionBar/g2;
M	org.telegram.ui.ActionBar.a0	onItemClick	o	(I)V
M	org.telegram.ui.ActionBar.d5	isShowing	f	()Z
M	org.telegram.ui.ActionBar.g2	setBackgroundColor	i	(I)V
M	org.telegram.ui.ActionBar.g2	setFocusable	k	(Z)V
M	org.telegram.ui.ActionBar.g2	setTextColor	o	(I)V
M	org.telegram.ui.ActionBar.h6	getKey	b	()Ljava/lang/String;
M	org.telegram.ui.ActionBar.i1	setTextAndIcon	g	(Ljava/lang/CharSequence;ILandroid/graphics/drawable/Drawable;)V
M	org.telegram.ui.ActionBar.i1	updateSelectorBackground	j	(ZZ)V
M	org.telegram.ui.ActionBar.k4	getOrDefault	g	(Landroid/util/SparseIntArray;I)I
M	org.telegram.ui.ActionBar.k6	getColor	Q0	(I)I
M	org.telegram.ui.ActionBar.l	onItemClick	b	(I)V
M	org.telegram.ui.ActionBar.l2	setColor	a	(I)V
M	org.telegram.ui.ActionBar.m	onResume	N	()V
M	org.telegram.ui.ActionBar.m	createMenu	n	()Lorg/telegram/ui/ActionBar/a0;
M	org.telegram.ui.ActionBar.n5	dp	b	(F)I
M	org.telegram.ui.ActionBar.n5	draw	c	(Landroid/graphics/Canvas;Landroid/graphics/Paint;)V
M	org.telegram.ui.ActionBar.n5	getColor	g	(I)I
M	org.telegram.ui.ActionBar.n6	getKey	m	()Ljava/lang/String;
M	org.telegram.ui.ActionBar.n6	getName	n	()Ljava/lang/String;
M	org.telegram.ui.ActionBar.o6	getDefaultColor	C0	(I)I
M	org.telegram.ui.ActionBar.o6	getTheme	N0	(Ljava/lang/String;)Lorg/telegram/ui/ActionBar/n6;
M	org.telegram.ui.ActionBar.o6	getColor	u0	(I)I
M	org.telegram.ui.ActionBar.o6	setColor	u1	(IIZ)V
M	org.telegram.ui.ActionBar.o6	getColor	v0	(ILorg/telegram/ui/ActionBar/k6;)I
M	org.telegram.ui.ActionBar.q3	draw	a	(Landroid/graphics/Canvas;Landroid/graphics/RectF;FFF)V
M	org.telegram.ui.ActionBar.q3	getAlpha	b	()F
M	org.telegram.ui.ActionBar.q6	setColor	d	(IZZ)V
M	org.telegram.ui.ActionBar.r5	setText	k	(Ljava/lang/CharSequence;)Z
M	org.telegram.ui.ActionBar.r5	setText	l	(Ljava/lang/CharSequence;Z)Z
M	org.telegram.ui.ActionBar.u0	onItemClick	m	(I)V
M	org.telegram.ui.ActionBar.w0	setText	d	(Ljava/lang/CharSequence;)V
M	org.telegram.ui.ActionBar.w0	setVisibility	e	(I)V
M	org.telegram.ui.ActionBar.y0	addSubItem	d	(IILandroid/graphics/drawable/Drawable;Ljava/lang/CharSequence;ZZLorg/telegram/ui/ActionBar/k6;)Lorg/telegram/ui/ActionBar/i1;
M	org.telegram.ui.ActionBar.z	add	a	()V
M	org.telegram.ui.ActionBar.z	setVisibility	f	(I)V
M	org.telegram.ui.Cells.ThemesHorizontalListCell$InnerThemeView	blend	b	(II)I
M	org.telegram.ui.Cells.a2	isChecked	b	()Z
M	org.telegram.ui.Cells.a2	setChecked	c	(ZZ)V
M	org.telegram.ui.Cells.a2	setText	e	(Ljava/lang/CharSequence;Ljava/lang/String;ZZZ)V
M	org.telegram.ui.Cells.e2	setChecked	c	(ZZ)V
M	org.telegram.ui.Cells.e2	updateButtonState	f	(ZZ)V
M	org.telegram.ui.Cells.e4	setChecked	c	(ZZ)V
M	org.telegram.ui.Cells.e4	update	f	(I)V
M	org.telegram.ui.Cells.f6	setChecked	s	(ZZ)V
M	org.telegram.ui.Cells.f6	update	u	(I)V
M	org.telegram.ui.Cells.g9	draw	Z	(Landroid/graphics/Canvas;Lorg/telegram/ui/Cells/f9;I)V
M	org.telegram.ui.Cells.g9	getText	e0	(Lorg/telegram/ui/Cells/f9;Z)Ljava/lang/CharSequence;
M	org.telegram.ui.Cells.g9	clear	f	(Z)V
M	org.telegram.ui.Cells.g9	getText	s	(Lorg/telegram/ui/Cells/o9;Z)Ljava/lang/CharSequence;
M	org.telegram.ui.Cells.g9	invalidate	w	()V
M	org.telegram.ui.Cells.h6	setChecked	a	(ZZ)V
M	org.telegram.ui.Cells.h9	select	Z	(Lorg/telegram/ui/Cells/u1;II)V
M	org.telegram.ui.Cells.h9	clear	f	(Z)V
M	org.telegram.ui.Cells.h9	getText	s	(Lorg/telegram/ui/Cells/o9;Z)Ljava/lang/CharSequence;
M	org.telegram.ui.Cells.h9	invalidate	w	()V
M	org.telegram.ui.Cells.i4	draw	b	(Landroid/graphics/Canvas;)V
M	org.telegram.ui.Cells.j8	isChecked	b	()Z
M	org.telegram.ui.Cells.j8	setText	i	(Ljava/lang/CharSequence;Z)V
M	org.telegram.ui.Cells.j8	setTextAndIcon	n	(Ljava/lang/CharSequence;Landroid/graphics/drawable/Drawable;Z)V
M	org.telegram.ui.Cells.k4	setText	c	(Ljava/lang/CharSequence;Z)V
M	org.telegram.ui.Cells.l1	isOwner	O0	(J)Z
M	org.telegram.ui.Cells.n8	setEnabled	b	(ZZ)V
M	org.telegram.ui.Cells.o2	update	a	()Z
M	org.telegram.ui.Cells.oa	setChecked	c	(ZZ)V
M	org.telegram.ui.Cells.oa	update	j	(I)V
M	org.telegram.ui.Cells.p0	attach	a	()V
M	org.telegram.ui.Cells.q0	draw	c	(Landroid/graphics/Canvas;)V
M	org.telegram.ui.Cells.q0	setMessageObject	e	(Lorg/telegram/messenger/MessageObject;)V
M	org.telegram.ui.Cells.qa	set	b	(JLorg/telegram/tgnet/m3;)V
M	org.telegram.ui.Cells.r2	setChecked	U	(ZZ)V
M	org.telegram.ui.Cells.r2	update	a0	(IZ)Z
M	org.telegram.ui.Cells.r5	isChecked	a	()Z
M	org.telegram.ui.Cells.r5	setChecked	b	(IZZ)V
M	org.telegram.ui.Cells.s1	attach	q	()V
M	org.telegram.ui.Cells.s1	detach	r	()V
M	org.telegram.ui.Cells.s3	setText	c	(Ljava/lang/CharSequence;Ljava/lang/CharSequence;Landroid/view/View$OnClickListener;)V
M	org.telegram.ui.Cells.t2	setEnabled	a	(ZZ)V
M	org.telegram.ui.Cells.t9	clear	f	(Z)V
M	org.telegram.ui.Cells.t9	getText	s	(Lorg/telegram/ui/Cells/o9;Z)Ljava/lang/CharSequence;
M	org.telegram.ui.Cells.t9	invalidate	w	()V
M	org.telegram.ui.Cells.ta	setChecked	c	(IZZ)V
M	org.telegram.ui.Cells.u1	setChecked	L3	(ZZZ)V
M	org.telegram.ui.Cells.u1	setMessageContent	V3	(Lorg/telegram/messenger/MessageObject;Lorg/telegram/messenger/MessageObject$GroupedMessages;ZZZZ)V
M	org.telegram.ui.Cells.u1	setMessageObject	X3	(Lorg/telegram/messenger/MessageObject;Lorg/telegram/messenger/MessageObject$GroupedMessages;ZZZZ)V
M	org.telegram.ui.Cells.u1	updateButtonState	m4	(ZZZ)V
M	org.telegram.ui.Cells.u1	measureTime	x3	(Lorg/telegram/messenger/MessageObject;)V
M	org.telegram.ui.Cells.u7	set	d	(ILorg/telegram/ui/Cells/t7;Lorg/telegram/messenger/Utilities$Callback;)V
M	org.telegram.ui.Cells.u9	setText	b	(Ljava/lang/CharSequence;Z)V
M	org.telegram.ui.Cells.v0	getDialogId	a	()J
M	org.telegram.ui.Cells.w1	getColor	a	(I)I
M	org.telegram.ui.Cells.x0	setMessageObject	T	(Lorg/telegram/messenger/MessageObject;Z)V
M	org.telegram.ui.Cells.y	updateButtonState	b	(ZZ)V
M	org.telegram.ui.Cells.z2	setText	b	(Ljava/lang/CharSequence;Ljava/lang/CharSequence;)V
M	org.telegram.ui.Cells.z2	setText	c	(Ljava/lang/CharSequence;Ljava/lang/CharSequence;ZZ)V
M	org.telegram.ui.Cells.z3	draw	a	(Landroid/graphics/Canvas;FFLandroid/view/View;)V
M	org.telegram.ui.Cells.z3	setColor	d	(I)V
M	org.telegram.ui.Cells.z3	update	f	()V
M	org.telegram.ui.Cells.z4	recycle	a	()V
M	org.telegram.ui.Components.AnimatedFileNative	recycle	f	()V
M	org.telegram.ui.Components.ChatActivityEnterView	onPause	B0	()V
M	org.telegram.ui.Components.ChatActivityEnterView	onResume	C0	()V
M	org.telegram.ui.Components.ChatActivityEnterView	setRecordVideoButtonVisible	i1	(ZZ)V
M	org.telegram.ui.Components.CheckBox	setChecked	b	(ZZ)V
M	org.telegram.ui.Components.CheckBox	setColor	c	(II)V
M	org.telegram.ui.Components.CheckBoxBase	draw	a	(Landroid/graphics/Canvas;)V
M	org.telegram.ui.Components.CheckBoxBase	invalidate	b	()V
M	org.telegram.ui.Components.CheckBoxBase	setBounds	e	(IIII)V
M	org.telegram.ui.Components.CheckBoxBase	setChecked	f	(IZZ)V
M	org.telegram.ui.Components.CheckBoxBase	setChecked	g	(ZZ)V
M	org.telegram.ui.Components.CheckBoxBase	setColor	h	(III)V
M	org.telegram.ui.Components.CheckBoxSquare	setChecked	a	(ZZ)V
M	org.telegram.ui.Components.ColorPicker$RadioButton	setColor	a	(I)V
M	org.telegram.ui.Components.Crop.CropAreaView	updateSubtitle	i	()V
M	org.telegram.ui.Components.FragmentContextView	equals	i	(FF)Z
M	org.telegram.ui.Components.PipRoundVideoView	close	a	(Z)V
M	org.telegram.ui.Components.PipRoundVideoView	show	d	(Landroid/app/Activity;Ljava/lang/Runnable;)V
M	org.telegram.ui.Components.RLottieNative	recycle	d	()V
M	org.telegram.ui.Components.RadialProgress2	onAttachedToWindow	e	()V
M	org.telegram.ui.Components.RadialProgressView	draw	a	(Landroid/graphics/Canvas;FF)V
M	org.telegram.ui.Components.RadioButton	setChecked	a	(ZZ)V
M	org.telegram.ui.Components.RadioButton	setColor	b	(II)V
M	org.telegram.ui.Components.Switch	setChecked	c	(ZZ)V
M	org.telegram.ui.Components.ThemeEditorView	show	c	(Landroid/app/Activity;Lorg/telegram/ui/ActionBar/n6;)V
M	org.telegram.ui.Components.UndoView	hide	e	(ZI)V
M	org.telegram.ui.Components.ai	onPause	x	()V
M	org.telegram.ui.Components.ai	onResume	z	()V
M	org.telegram.ui.Components.ak0	setColor	b	(I)V
M	org.telegram.ui.Components.aq	setColor	K0	(IIZ)V
M	org.telegram.ui.Components.aq	getDefaultColor	S0	(I)I
M	org.telegram.ui.Components.ay0	getColor	b	()I
M	org.telegram.ui.Components.ay0	setColor	c	(I)V
M	org.telegram.ui.Components.b6	draw	a	(Landroid/graphics/Canvas;F)V
M	org.telegram.ui.Components.b8	draw	b	(Landroid/graphics/Canvas;FF)V
M	org.telegram.ui.Components.b8	draw	c	(Landroid/graphics/Canvas;FFZFLorg/telegram/ui/ActionBar/k6;)V
M	org.telegram.ui.Components.b9	set	d	(Ljava/util/List;Z)V
M	org.telegram.ui.Components.bm	isEnabled	D	(Ln4/g1;)Z
M	org.telegram.ui.Components.bm	getItemCount	h	()I
M	org.telegram.ui.Components.bm	notifyDataSetChanged	l	()V
M	org.telegram.ui.Components.bm	onBindViewHolder	v	(Ln4/g1;I)V
M	org.telegram.ui.Components.bm	onViewAttachedToWindow	y	(Ln4/g1;)V
M	org.telegram.ui.Components.bq	setColor	e	(II)V
M	org.telegram.ui.Components.ca	setBounds	e	(FFFF)V
M	org.telegram.ui.Components.cg0	recycle	a	()V
M	org.telegram.ui.Components.cj0	capture	e	(Landroid/graphics/Canvas;Landroid/graphics/RectF;)V
M	org.telegram.ui.Components.dw0	getChildAt	d	(I)Lorg/telegram/ui/Components/wv0;
M	org.telegram.ui.Components.dy0	isEnabled	D	(Ln4/g1;)Z
M	org.telegram.ui.Components.dy0	getItemCount	h	()I
M	org.telegram.ui.Components.dy0	onBindViewHolder	v	(Ln4/g1;I)V
M	org.telegram.ui.Components.e21	isEnabled	D	(Ln4/g1;)Z
M	org.telegram.ui.Components.e21	update	N	(Z)V
M	org.telegram.ui.Components.e21	getItemCount	h	()I
M	org.telegram.ui.Components.e21	onBindViewHolder	v	(Ln4/g1;I)V
M	org.telegram.ui.Components.e21	onViewAttachedToWindow	y	(Ln4/g1;)V
M	org.telegram.ui.Components.e41	createView	d	(I)Landroid/view/View;
M	org.telegram.ui.Components.e41	getItemCount	e	()I
M	org.telegram.ui.Components.e5	attach	a	()V
M	org.telegram.ui.Components.e5	detach	b	()V
M	org.telegram.ui.Components.e5	isEmpty	d	()Z
M	org.telegram.ui.Components.e5	set	g	(Landroid/graphics/drawable/Drawable;Z)V
M	org.telegram.ui.Components.e5	set	h	(Lorg/telegram/tgnet/d1;IZ)V
M	org.telegram.ui.Components.e5	set	i	(Lorg/telegram/tgnet/d1;Z)V
M	org.telegram.ui.Components.e5	set	j	(JZ)Z
M	org.telegram.ui.Components.e5	setColor	k	(Ljava/lang/Integer;)V
M	org.telegram.ui.Components.e6	getWidth	e	()F
M	org.telegram.ui.Components.e6	setBounds	l	(FFFF)V
M	org.telegram.ui.Components.e6	setBounds	m	(Landroid/graphics/RectF;)V
M	org.telegram.ui.Components.e6	setText	q	(Ljava/lang/CharSequence;ZZ)V
M	org.telegram.ui.Components.e6	setTextColor	r	(I)V
M	org.telegram.ui.Components.e6	setTextColor	s	(IZ)V
M	org.telegram.ui.Components.e6	setTextSize	t	(F)V
M	org.telegram.ui.Components.e6	setTypeface	u	(Landroid/graphics/Typeface;)V
M	org.telegram.ui.Components.e60	isShown	D	()Z
M	org.telegram.ui.Components.e60	add	d	(Lorg/telegram/ui/ActionBar/i1;)V
M	org.telegram.ui.Components.e60	dismiss	u	()V
M	org.telegram.ui.Components.ea	draw	a	([FIII)V
M	org.telegram.ui.Components.ec	hide	b	()V
M	org.telegram.ui.Components.ec	make	f	(Landroid/widget/FrameLayout;Lorg/telegram/ui/Components/kb;I)Lorg/telegram/ui/Components/ec;
M	org.telegram.ui.Components.ec	show	j	()Lorg/telegram/ui/Components/ec;
M	org.telegram.ui.Components.ec0	draw	b	(Landroid/graphics/Canvas;Landroid/graphics/Paint;F)V
M	org.telegram.ui.Components.ep	setChecked	a	(ZZ)V
M	org.telegram.ui.Components.ep	setColor	b	(III)V
M	org.telegram.ui.Components.et0	update	a	(Lorg/telegram/messenger/MessagesController$PeerColor;)V
M	org.telegram.ui.Components.ey	updateStickerTabs	Y	(Z)V
M	org.telegram.ui.Components.f6	setText	c	(Ljava/lang/CharSequence;ZZ)V
M	org.telegram.ui.Components.f6	width	d	()I
M	org.telegram.ui.Components.f8	dismiss	a	()V
M	org.telegram.ui.Components.fa0	onAttachedToWindow	k	()V
M	org.telegram.ui.Components.fh0	recycle	A	(Z)V
M	org.telegram.ui.Components.fh0	restart	F	(Z)Z
M	org.telegram.ui.Components.fi	isEnabled	D	(Ln4/g1;)Z
M	org.telegram.ui.Components.fi	getItemCount	h	()I
M	org.telegram.ui.Components.fi	notifyDataSetChanged	l	()V
M	org.telegram.ui.Components.fi	onBindViewHolder	v	(Ln4/g1;I)V
M	org.telegram.ui.Components.fi	onViewAttachedToWindow	y	(Ln4/g1;)V
M	org.telegram.ui.Components.fs0	getValue	a	(Ljava/lang/Object;)F
M	org.telegram.ui.Components.g31	p	b	()I
M	org.telegram.ui.Components.g5	addView	a	(Landroid/view/View;)V
M	org.telegram.ui.Components.g5	addView	b	(Lorg/telegram/ui/Components/m5;)V
M	org.telegram.ui.Components.g5	invalidate	k	()V
M	org.telegram.ui.Components.g5	make	m	(IILorg/telegram/tgnet/d1;)Lorg/telegram/ui/Components/g5;
M	org.telegram.ui.Components.g5	removeView	o	(Landroid/view/View;)V
M	org.telegram.ui.Components.g5	removeView	p	(Lorg/telegram/ui/Components/m5;)V
M	org.telegram.ui.Components.gh0	isPlaying	b	()Z
M	org.telegram.ui.Components.gt0	checkVisibility	a	()V
M	org.telegram.ui.Components.gx	getDialogId	a	()J
M	org.telegram.ui.Components.h21	fillItems	P	(Ljava/util/ArrayList;Lorg/telegram/ui/Components/e21;)V
M	org.telegram.ui.Components.hh0	draw	a	(Landroid/graphics/Canvas;)V
M	org.telegram.ui.Components.hh0	setBackground	d	(Landroid/graphics/drawable/Drawable;ZZ)V
M	org.telegram.ui.Components.hi	checkVisibility	a	()V
M	org.telegram.ui.Components.hj	onBindViewHolder	W	(IILn4/g1;)V
M	org.telegram.ui.Components.hj	notifyDataSetChanged	l	()V
M	org.telegram.ui.Components.hv	intercept	d	(Landroid/view/MotionEvent;)V
M	org.telegram.ui.Components.i01	getItemCount	h	()I
M	org.telegram.ui.Components.i01	onBindViewHolder	v	(Ln4/g1;I)V
M	org.telegram.ui.Components.i31	of	d	(ILorg/telegram/tgnet/d1;Lorg/telegram/tgnet/d1;IZ)Lorg/telegram/ui/Components/i31;
M	org.telegram.ui.Components.ii	getChat	k1	()Lorg/telegram/tgnet/n0;
M	org.telegram.ui.Components.ii	getDialogId	n1	()J
M	org.telegram.ui.Components.ii	onPause	x1	()V
M	org.telegram.ui.Components.ii	onResume	y1	()V
M	org.telegram.ui.Components.im0	isShown	a	()Z
M	org.telegram.ui.Components.it0	setColor	b	(I)V
M	org.telegram.ui.Components.it0	stop	e	()V
M	org.telegram.ui.Components.ja0	setup	b	(Landroid/graphics/Bitmap;)Z
M	org.telegram.ui.Components.jg	start	a	(J)V
M	org.telegram.ui.Components.jg	stop	b	()V
M	org.telegram.ui.Components.jp	draw	a	(FFLandroid/graphics/Canvas;Landroid/graphics/Paint;)V
M	org.telegram.ui.Components.jv	isInstalled	g	(Lorg/telegram/ui/Components/uw;)Z
M	org.telegram.ui.Components.jv	select	j	(IZ)V
M	org.telegram.ui.Components.k31	setMute	O	(Z)V
M	org.telegram.ui.Components.k31	isPlaying	y	()Z
M	org.telegram.ui.Components.kb0	reset	a	()V
M	org.telegram.ui.Components.kg0	dismiss	a	()V
M	org.telegram.ui.Components.kn	isEnabled	D	(Ln4/g1;)Z
M	org.telegram.ui.Components.kn	getItemCount	h	()I
M	org.telegram.ui.Components.kn	onBindViewHolder	v	(Ln4/g1;I)V
M	org.telegram.ui.Components.kp	setColor	b	(I)V
M	org.telegram.ui.Components.kq	draw	a	(Landroid/graphics/Canvas;)V
M	org.telegram.ui.Components.l5	remove	b	(I)V
M	org.telegram.ui.Components.l9	dispose	b	()V
M	org.telegram.ui.Components.lc	getContext	W	()Landroid/content/Context;
M	org.telegram.ui.Components.lc	global	X	()Lorg/telegram/ui/Components/lc;
M	org.telegram.ui.Components.lc	of	Z	(Landroid/widget/FrameLayout;Lorg/telegram/ui/ActionBar/k6;)Lorg/telegram/ui/Components/lc;
M	org.telegram.ui.Components.lc	of	a0	(Lorg/telegram/ui/ActionBar/s2;)Lorg/telegram/ui/Components/lc;
M	org.telegram.ui.Components.lg0	setBounds	a	(Landroid/graphics/drawable/Drawable;)V
M	org.telegram.ui.Components.li0	reset	n	()V
M	org.telegram.ui.Components.li0	setMessage	p	(Lorg/telegram/messenger/MessageObject;Lorg/telegram/tgnet/o0;Z)V
M	org.telegram.ui.Components.lm	onBackPressed	i	()Z
M	org.telegram.ui.Components.lz	start	c	(Z)V
M	org.telegram.ui.Components.m10	setBounds	b	(FFFF)V
M	org.telegram.ui.Components.m10	setBounds	c	(Landroid/graphics/RectF;)V
M	org.telegram.ui.Components.m31	draw	a	(Landroid/graphics/Canvas;Landroid/view/View;)V
M	org.telegram.ui.Components.m41	hide	b	(ZZ)V
M	org.telegram.ui.Components.m9	setOrientation	p	(IIZ)V
M	org.telegram.ui.Components.m9	setOrientation	q	(IZ)V
M	org.telegram.ui.Components.mc	invalidate	b	()V
M	org.telegram.ui.Components.md0	serializeToStream	d	(Lorg/telegram/tgnet/s;)V
M	org.telegram.ui.Components.mf0	set	o	(IZ)V
M	org.telegram.ui.Components.mi0	isPlaying	b	()Z
M	org.telegram.ui.Components.mr0	deleteMessage	b	(II)Lorg/telegram/messenger/MessageObject;
M	org.telegram.ui.Components.n6	onAttachedToWindow	c	(Lorg/telegram/messenger/ImageReceiver;)V
M	org.telegram.ui.Components.n70	clear	c	()V
M	org.telegram.ui.Components.n70	clear	d	(Z)V
M	org.telegram.ui.Components.n70	draw	f	(Landroid/graphics/Canvas;)Z
M	org.telegram.ui.Components.n70	draw	g	(Landroid/graphics/Canvas;Ljava/lang/Object;)Z
M	org.telegram.ui.Components.na0	setColor	a	(I)V
M	org.telegram.ui.Components.o11	setColor	b	(I)V
M	org.telegram.ui.Components.o11	start	d	()V
M	org.telegram.ui.Components.o11	stop	e	()V
M	org.telegram.ui.Components.o41	setChecked	a	(ZZ)V
M	org.telegram.ui.Components.o41	setColor	b	(II)V
M	org.telegram.ui.Components.og	getContentView	w	()Lorg/telegram/ui/Components/ns0;
M	org.telegram.ui.Components.og0	draw	c	(Landroid/graphics/Canvas;Z)V
M	org.telegram.ui.Components.oj0	bottom	G0	(Landroid/view/View;)F
M	org.telegram.ui.Components.oj0	hide	b1	()V
M	org.telegram.ui.Components.oj0	capture	e	(Landroid/graphics/Canvas;Landroid/graphics/RectF;)V
M	org.telegram.ui.Components.oj0	top	s1	(Landroid/view/View;)F
M	org.telegram.ui.Components.ox0	cancel	a	(Landroid/view/View;)V
M	org.telegram.ui.Components.ox0	supports	c	()Z
M	org.telegram.ui.Components.p30	cleanup	c	()V
M	org.telegram.ui.Components.p30	clear	d	()V
M	org.telegram.ui.Components.p30	onPause	i	()V
M	org.telegram.ui.Components.p30	onResume	k	()V
M	org.telegram.ui.Components.q21	measure	a	(I)I
M	org.telegram.ui.Components.q41	setEnabled	c	(Z)V
M	org.telegram.ui.Components.qd0	set	a	(Lorg/telegram/messenger/MediaController$PhotoEntry;Lorg/telegram/ui/Components/k31;Lorg/telegram/ui/ActionBar/k6;)V
M	org.telegram.ui.Components.r20	reset	d	()V
M	org.telegram.ui.Components.r70	draw	a	(Landroid/graphics/Canvas;)Z
M	org.telegram.ui.Components.r70	setColor	d	(I)V
M	org.telegram.ui.Components.r9	draw	a	(FFLandroid/graphics/Canvas;Landroid/graphics/Paint;)V
M	org.telegram.ui.Components.r9	update	e	(FF)V
M	org.telegram.ui.Components.sc	setColor	d	(I)V
M	org.telegram.ui.Components.t5	recycle	u	()V
M	org.telegram.ui.Components.ty	create	a	()Z
M	org.telegram.ui.Components.ty0	attach	a	()V
M	org.telegram.ui.Components.ty0	detach	b	()V
M	org.telegram.ui.Components.ty0	draw	c	(Landroid/graphics/Canvas;IFFFFZ)V
M	org.telegram.ui.Components.ty0	update	f	(Lorg/telegram/messenger/MessageObject;)Z
M	org.telegram.ui.Components.u4	createDeleteMessagesAlert	x	(Lorg/telegram/ui/ActionBar/s2;Lorg/telegram/tgnet/sm0;Lorg/telegram/tgnet/n0;Lorg/telegram/tgnet/l1;Lorg/telegram/tgnet/o0;JLorg/telegram/messenger/MessageObject;[Landroid/util/SparseArray;Lorg/telegram/messenger/MessageObject$GroupedMessages;II[Lorg/telegram/tgnet/l0;Ljava/lang/Runnable;Ljava/lang/Runnable;Lorg/telegram/ui/ActionBar/k6;)V
M	org.telegram.ui.Components.u5	getValue	c	()F
M	org.telegram.ui.Components.u5	set	d	(FZ)F
M	org.telegram.ui.Components.u5	set	e	(Z)F
M	org.telegram.ui.Components.u5	set	f	(ZZ)F
M	org.telegram.ui.Components.u70	disappear	a	()V
M	org.telegram.ui.Components.u70	setBounds	d	(Landroid/graphics/RectF;)V
M	org.telegram.ui.Components.uc	next	b	(I)V
M	org.telegram.ui.Components.uc	update	d	(F)V
M	org.telegram.ui.Components.ug0	draw	b	(Landroid/graphics/Canvas;FFLandroid/graphics/Rect;F)V
M	org.telegram.ui.Components.un	updateSubtitle	n	(Z)V
M	org.telegram.ui.Components.uv0	reset	c	()V
M	org.telegram.ui.Components.uv0	size	d	(Z)I
M	org.telegram.ui.Components.vc0	setBounds	a	(III)V
M	org.telegram.ui.Components.vj0	check	a	(Lorg/telegram/messenger/MessageObject;Lorg/telegram/tgnet/sm0;Lorg/telegram/tgnet/n0;Lorg/telegram/ui/ActionBar/k6;I)I
M	org.telegram.ui.Components.vj0	getColor	h	()I
M	org.telegram.ui.Components.voip.h	update	c	(Landroid/view/View;)V
M	org.telegram.ui.Components.voip.l2	finish	i	()V
M	org.telegram.ui.Components.voip.l2	getInstance	k	()Lorg/telegram/ui/Components/voip/l2;
M	org.telegram.ui.Components.voip.l2	show	l	(Landroid/app/Activity;IIII)V
M	org.telegram.ui.Components.voip.r0	draw	a	(Landroid/graphics/Canvas;FFLandroid/view/View;)V
M	org.telegram.ui.Components.voip.r0	update	c	()V
M	org.telegram.ui.Components.voip.s0	setMute	b	(ZZ)V
M	org.telegram.ui.Components.vr	draw	a	(Landroid/graphics/Canvas;)V
M	org.telegram.ui.Components.vt	length	n	()I
M	org.telegram.ui.Components.vt	onPause	r	()V
M	org.telegram.ui.Components.vt	setSelection	w	(II)V
M	org.telegram.ui.Components.vt0	setVisibility	d	(IZ)V
M	org.telegram.ui.Components.vz0	draw	f	(Landroid/graphics/Canvas;F)V
M	org.telegram.ui.Components.vz0	height	i	()I
M	org.telegram.ui.Components.vz0	setBounds	p	(IIIII)V
M	org.telegram.ui.Components.vz0	width	x	()I
M	org.telegram.ui.Components.w5	isViewVisible	d	(Landroid/view/View;)Z
M	org.telegram.ui.Components.w5	setViewVisible	i	(Landroid/view/View;ZZ)V
M	org.telegram.ui.Components.w8	getColor	b	()I
M	org.telegram.ui.Components.w8	setColor	h	(I)V
M	org.telegram.ui.Components.w8	setColor	i	(II)V
M	org.telegram.ui.Components.w8	setTextSize	u	(I)V
M	org.telegram.ui.Components.wk0	getMessage	E	(I)Lorg/telegram/messenger/MessageObject;
M	org.telegram.ui.Components.wk0	getItemCount	h	()I
M	org.telegram.ui.Components.wl0	clear	J	()V
M	org.telegram.ui.Components.wl0	showActionMode	Q	(Z)V
M	org.telegram.ui.Components.wl0	toggleItemSelection	d	(Lorg/telegram/messenger/MessageObject;Landroid/view/View;I)V
M	org.telegram.ui.Components.wl0	actionModeShowing	f	()Z
M	org.telegram.ui.Components.wl0	onResume	s	()V
M	org.telegram.ui.Components.wr	draw	a	(Landroid/graphics/Canvas;I)V
M	org.telegram.ui.Components.wr	isEmpty	b	()Z
M	org.telegram.ui.Components.wv0	draw	a	(Landroid/graphics/Canvas;Landroid/view/View;Z)V
M	org.telegram.ui.Components.wv0	measure	d	(IIZ)V
M	org.telegram.ui.Components.x31	show	a	(Z)V
M	org.telegram.ui.Components.x4	set	a	(IZ)I
M	org.telegram.ui.Components.x9	capture	e	(Landroid/graphics/Canvas;Landroid/graphics/RectF;)V
M	org.telegram.ui.Components.xa0	cancel	a	()V
M	org.telegram.ui.Components.xk0	update	d	(Z)V
M	org.telegram.ui.Components.xw0	detach	a	()V
M	org.telegram.ui.Components.xw0	draw	d	(Landroid/graphics/Canvas;)V
M	org.telegram.ui.Components.xw0	draw	e	(Landroid/graphics/Canvas;FF)V
M	org.telegram.ui.Components.xw0	draw	f	(Landroid/graphics/Canvas;FFF)V
M	org.telegram.ui.Components.xw0	getHeight	j	()F
M	org.telegram.ui.Components.xw0	getText	k	()Ljava/lang/CharSequence;
M	org.telegram.ui.Components.xw0	getWidth	l	()F
M	org.telegram.ui.Components.xw0	setText	r	(Ljava/lang/CharSequence;)V
M	org.telegram.ui.Components.y8	invalidate	f	()V
M	org.telegram.ui.Components.y8	onAttachedToWindow	g	()V
M	org.telegram.ui.Components.ya0	getContentDescription	d	(I)Ljava/lang/CharSequence;
M	org.telegram.ui.Components.ya0	makeMeasureSpec	g	(II)I
M	org.telegram.ui.Components.yk	onPause	x	()V
M	org.telegram.ui.Components.yk	onResume	z	()V
M	org.telegram.ui.Components.z7	isEnabled	D	(Ln4/g1;)Z
M	org.telegram.ui.Components.z7	getItemCount	h	()I
M	org.telegram.ui.Components.z7	notifyDataSetChanged	l	()V
M	org.telegram.ui.Components.z7	onBindViewHolder	v	(Ln4/g1;I)V
M	org.telegram.ui.Components.ze0	updateButtonState	r	()V
M	org.telegram.ui.Components.zf	onTextChanged	i1	(Ljava/lang/CharSequence;ZZ)V
M	org.telegram.ui.Components.zl0	draw	b	(Landroid/graphics/Canvas;)V
M	org.telegram.ui.Components.zl0	getWidth	d	()I
M	org.telegram.ui.DataSettingsActivity	rebind	j0	(I)V
M	org.telegram.ui.LaunchActivity	getLastFragment	Q	()Lorg/telegram/ui/ActionBar/s2;
M	org.telegram.ui.LaunchActivity	getSafeLastFragment	T	()Lorg/telegram/ui/ActionBar/s2;
M	org.telegram.ui.LaunchActivity	onBackPressed	b0	(Z)Z
M	org.telegram.ui.PasskeysActivity	added	T	(Lxe/f;)V
M	org.telegram.ui.PhotoViewer	updateSelectedCount	A3	()V
M	org.telegram.ui.PhotoViewer	isPlayingMessage	J1	(Lorg/telegram/messenger/MessageObject;)Z
M	org.telegram.ui.PhotoViewer	setParentActivity	K2	(Landroid/app/Activity;Lorg/telegram/ui/ActionBar/s2;Lorg/telegram/ui/ActionBar/k6;)V
M	org.telegram.ui.PhotoViewer	format	Y0	(II)Ljava/lang/String;
M	org.telegram.ui.PhotoViewer	format	Z0	(III)Ljava/lang/String;
M	org.telegram.ui.PhotoViewer	getInstance	t1	()Lorg/telegram/ui/PhotoViewer;
M	org.telegram.ui.ProfileActivity	createActionBarMenu	D3	(Z)V
M	org.telegram.ui.ProfileActivity	getDialogId	a	()J
M	org.telegram.ui.ProfileActivity	isSettings	h4	()Z
M	org.telegram.ui.ProfileActivity	updateProfileData	i5	(Z)V
M	org.telegram.ui.ProfileActivity	updateRowsIds	j5	()V
M	org.telegram.ui.ProfileActivity	of	m4	(J)Lorg/telegram/ui/ProfileActivity;
M	org.telegram.ui.SecretMediaViewer	getInstance	f	()Lorg/telegram/ui/SecretMediaViewer;
M	org.telegram.ui.Stories.recorder.FfmpegAudioWaveformLoader	init	lambda$new$0	(Ljava/lang/String;I)V
M	org.telegram.ui.UserInfoActivity	fillItems	P	(Ljava/util/ArrayList;Lorg/telegram/ui/Components/e21;)V
M	org.telegram.ui.a91	getText	b	()Ljava/lang/CharSequence;
M	org.telegram.ui.a91	setText	d	(Ljava/lang/CharSequence;)V
M	org.telegram.ui.ai0	isEnabled	D	(Ln4/g1;)Z
M	org.telegram.ui.ai0	getItemCount	h	()I
M	org.telegram.ui.ai0	onBindViewHolder	v	(Ln4/g1;I)V
M	org.telegram.ui.ai0	onViewAttachedToWindow	y	(Ln4/g1;)V
M	org.telegram.ui.ay0	start	a	()Z
M	org.telegram.ui.b	show	b	(I)V
M	org.telegram.ui.b	show	c	(Landroid/content/Context;ILorg/telegram/ui/ActionBar/k6;)V
M	org.telegram.ui.bp	isEnabled	D	(Ln4/g1;)Z
M	org.telegram.ui.bp	getItemCount	h	()I
M	org.telegram.ui.bp	getItemId	i	(I)J
M	org.telegram.ui.bp	onBindViewHolder	v	(Ln4/g1;I)V
M	org.telegram.ui.c91	isEnabled	D	(Ln4/g1;)Z
M	org.telegram.ui.c91	getItemCount	h	()I
M	org.telegram.ui.c91	onBindViewHolder	v	(Ln4/g1;I)V
M	org.telegram.ui.ci0	isEnabled	D	(Ln4/g1;)Z
M	org.telegram.ui.ci0	getItemCount	h	()I
M	org.telegram.ui.ci0	onBindViewHolder	v	(Ln4/g1;I)V
M	org.telegram.ui.d91	isEnabled	D	(Ln4/g1;)Z
M	org.telegram.ui.d91	getItemCount	h	()I
M	org.telegram.ui.d91	onBindViewHolder	v	(Ln4/g1;I)V
M	org.telegram.ui.db1	createView	d	(I)Landroid/view/View;
M	org.telegram.ui.db1	getItemCount	e	()I
M	org.telegram.ui.e40	create	c1	(Lorg/telegram/ui/LaunchActivity;Lorg/telegram/messenger/AccountInstance;Lorg/telegram/tgnet/n0;Lorg/telegram/tgnet/f2;ZLjava/lang/String;)V
M	org.telegram.ui.e91	isEnabled	D	(Ln4/g1;)Z
M	org.telegram.ui.e91	getItemCount	h	()I
M	org.telegram.ui.e91	onBindViewHolder	v	(Ln4/g1;I)V
M	org.telegram.ui.eb1	search	K	(Landroid/view/View;ILjava/lang/String;Z)V
M	org.telegram.ui.eb1	toggleItemSelection	d	(Lorg/telegram/messenger/MessageObject;Landroid/view/View;I)V
M	org.telegram.ui.eb1	actionModeShowing	f	()Z
M	org.telegram.ui.ed1	getCurrentVisibleFragment	S	()Lorg/telegram/ui/ActionBar/s2;
M	org.telegram.ui.ei0	isEnabled	D	(Ln4/g1;)Z
M	org.telegram.ui.ei0	getItemCount	h	()I
M	org.telegram.ui.ei0	onBindViewHolder	v	(Ln4/g1;I)V
M	org.telegram.ui.fh0	draw	a	(Landroid/graphics/Canvas;)V
M	org.telegram.ui.g00	draw	b	(Landroid/graphics/Canvas;Landroid/graphics/RectF;IF)V
M	org.telegram.ui.gh0	indexOf	d	(Lorg/telegram/ui/eh0;)I
M	org.telegram.ui.h61	load	a	(IIILorg/telegram/messenger/Utilities$Callback0Return;)V
M	org.telegram.ui.ib1	getDialogId	a	()J
M	org.telegram.ui.ib1	getContentView	w	()Lorg/telegram/ui/Components/ns0;
M	org.telegram.ui.im	from	c	(Lorg/telegram/messenger/MessageObject;)Lorg/telegram/ui/im;
M	org.telegram.ui.im	isValid	d	()Z
M	org.telegram.ui.is	isEnabled	D	(Ln4/g1;)Z
M	org.telegram.ui.is	getItemCount	h	()I
M	org.telegram.ui.is	onBindViewHolder	v	(Ln4/g1;I)V
M	org.telegram.ui.je1	isEnabled	D	(Ln4/g1;)Z
M	org.telegram.ui.je1	getItemCount	h	()I
M	org.telegram.ui.je1	onBindViewHolder	v	(Ln4/g1;I)V
M	org.telegram.ui.ju0	put	g	(IILandroid/util/SparseIntArray;)V
M	org.telegram.ui.jx0	isEnabled	D	(Ln4/g1;)Z
M	org.telegram.ui.jx0	getItemCount	h	()I
M	org.telegram.ui.jx0	onBindViewHolder	v	(Ln4/g1;I)V
M	org.telegram.ui.ke1	isEnabled	D	(Ln4/g1;)Z
M	org.telegram.ui.ke1	getItemCount	h	()I
M	org.telegram.ui.ke1	onBindViewHolder	v	(Ln4/g1;I)V
M	org.telegram.ui.kl	isEnabled	D	(Ln4/g1;)Z
M	org.telegram.ui.kl	notifyDataSetChanged	O	(Z)V
M	org.telegram.ui.kl	getItemCount	h	()I
M	org.telegram.ui.kl	getItemId	i	(I)J
M	org.telegram.ui.kl	notifyDataSetChanged	l	()V
M	org.telegram.ui.kl	onBindViewHolder	v	(Ln4/g1;I)V
M	org.telegram.ui.kl	onViewAttachedToWindow	y	(Ln4/g1;)V
M	org.telegram.ui.l6	isEnabled	D	(Ln4/g1;)Z
M	org.telegram.ui.l6	getItemCount	h	()I
M	org.telegram.ui.l6	onBindViewHolder	v	(Ln4/g1;I)V
M	org.telegram.ui.l60	isEnabled	D	(Ln4/g1;)Z
M	org.telegram.ui.l60	getItemCount	h	()I
M	org.telegram.ui.l60	onBindViewHolder	v	(Ln4/g1;I)V
M	org.telegram.ui.l60	onViewAttachedToWindow	y	(Ln4/g1;)V
M	org.telegram.ui.n41	isEnabled	D	(Ln4/g1;)Z
M	org.telegram.ui.n41	getItemCount	h	()I
M	org.telegram.ui.n41	getItemId	i	(I)J
M	org.telegram.ui.n41	onBindViewHolder	v	(Ln4/g1;I)V
M	org.telegram.ui.n6	size	p0	(I)J
M	org.telegram.ui.ns	isEnabled	D	(Ln4/g1;)Z
M	org.telegram.ui.ns	getItemCount	h	()I
M	org.telegram.ui.ns	onBindViewHolder	v	(Ln4/g1;I)V
M	org.telegram.ui.ns	onViewAttachedToWindow	y	(Ln4/g1;)V
M	org.telegram.ui.nu0	isEnabled	D	(Ln4/g1;)Z
M	org.telegram.ui.nu0	getItemCount	h	()I
M	org.telegram.ui.nu0	onBindViewHolder	v	(Ln4/g1;I)V
M	org.telegram.ui.o01	isEnabled	D	(Ln4/g1;)Z
M	org.telegram.ui.o01	getItemCount	h	()I
M	org.telegram.ui.o01	onBindViewHolder	v	(Ln4/g1;I)V
M	org.telegram.ui.om	getColor	Q0	(I)I
M	org.telegram.ui.or0	setVisibility	b	(IZ)V
M	org.telegram.ui.p01	rebind	U	(I)V
M	org.telegram.ui.p30	invalidate	<init>	()V
M	org.telegram.ui.p30	draw	a	(Landroid/graphics/Canvas;FF)Z
M	org.telegram.ui.p31	expand	i	(ILandroid/view/View;)V
M	org.telegram.ui.p31	search	v	(Ljava/lang/String;ZZ)V
M	org.telegram.ui.qm	copy	B7	(Lorg/telegram/tgnet/s2;)Lorg/telegram/tgnet/nt;
M	org.telegram.ui.qm	createDeleteMessagesAlert	E7	(Lorg/telegram/messenger/MessageObject;Lorg/telegram/messenger/MessageObject$GroupedMessages;Z)V
M	org.telegram.ui.qm	createMenu	H7	(Landroid/view/View;ZZFFZZZ)Z
M	org.telegram.ui.qm	of	Q9	(J)Lorg/telegram/ui/qm;
M	org.telegram.ui.qm	scrollToMessageId	Va	(IIZIZILjava/lang/Integer;[BLjava/lang/Runnable;)V
M	org.telegram.ui.qm	getValidGroupedMessage	W8	(Lorg/telegram/messenger/MessageObject;)Lorg/telegram/messenger/MessageObject$GroupedMessages;
M	org.telegram.ui.qm	getDialogId	a	()J
M	org.telegram.ui.qm	getTopicId	d	()J
M	org.telegram.ui.qm	getContentView	w	()Lorg/telegram/ui/Components/ns0;
M	org.telegram.ui.qy0	isEnabled	D	(Ln4/g1;)Z
M	org.telegram.ui.qy0	getItemCount	h	()I
M	org.telegram.ui.qy0	getItemId	i	(I)J
M	org.telegram.ui.qy0	onBindViewHolder	v	(Ln4/g1;I)V
M	org.telegram.ui.qy0	onBindViewHolder	w	(Ln4/g1;ILjava/util/List;)V
M	org.telegram.ui.qy0	onViewAttachedToWindow	y	(Ln4/g1;)V
M	org.telegram.ui.rl	canCopy	b	()Z
M	org.telegram.ui.ru0	isEnabled	D	(Ln4/g1;)Z
M	org.telegram.ui.ru0	getItemCount	h	()I
M	org.telegram.ui.ru0	onBindViewHolder	v	(Ln4/g1;I)V
M	org.telegram.ui.rw	showOrUpdateActionMode	J4	(JLandroid/view/View;)V
M	org.telegram.ui.rw	updateFloatingButtonVisibility	V4	(Z)V
M	org.telegram.ui.rw	updateProxyButton	W4	(ZZ)V
M	org.telegram.ui.rw	updateSelectedCount	X4	()V
M	org.telegram.ui.rw	updateStoriesVisibility	c5	(Z)V
M	org.telegram.ui.rw	addOrRemoveSelectedDialog	f3	(JLandroid/view/View;)Z
M	org.telegram.ui.rw	markAsRead	g4	(J)V
M	org.telegram.ui.rw	performDeleteOrClearDialogAction	n4	(IJLorg/telegram/tgnet/n0;ZZ)V
M	org.telegram.ui.rw	performSelectedDialogsAction	o4	(Ljava/util/ArrayList;IZZLjava/util/HashSet;)V
M	org.telegram.ui.rw	search	v4	(Ljava/lang/String;Z)V
M	org.telegram.ui.rw	setScrollY	z4	(F)V
M	org.telegram.ui.sm0	update	e	()V
M	org.telegram.ui.tm0	from	a	(II)Lorg/telegram/ui/tm0;
M	org.telegram.ui.tm0	from	b	(Lorg/telegram/messenger/MessagesController$PeerColor;Z)Lorg/telegram/ui/tm0;
M	org.telegram.ui.tr	getInstance	q	()Lorg/telegram/ui/tr;
M	org.telegram.ui.tr	open	t	(Lorg/telegram/tgnet/d1;Lorg/telegram/messenger/SendMessagesHelper$ImportingSticker;Ljava/lang/String;Ljava/lang/String;Lorg/telegram/tgnet/i0;IZLjava/lang/Object;Lorg/telegram/ui/ActionBar/k6;I)V
M	org.telegram.ui.tr	setParentActivity	w	(Landroid/app/Activity;)V
M	org.telegram.ui.tr0	isEnabled	D	(Ln4/g1;)Z
M	org.telegram.ui.tr0	getItemCount	h	()I
M	org.telegram.ui.tr0	onBindViewHolder	v	(Ln4/g1;I)V
M	org.telegram.ui.tx0	isEnabled	D	(Ln4/g1;)Z
M	org.telegram.ui.tx0	search	I	(Ljava/lang/String;)V
M	org.telegram.ui.tx0	getItemCount	h	()I
M	org.telegram.ui.tx0	onBindViewHolder	v	(Ln4/g1;I)V
M	org.telegram.ui.u90	getUserConfig	d	()Lorg/telegram/messenger/UserConfig;
M	org.telegram.ui.u90	handle	e	(Landroid/net/Uri;)Z
M	org.telegram.ui.um0	set	a	(Lorg/telegram/messenger/MessagesController$PeerColor;)V
M	org.telegram.ui.ur0	set	a	(II)V
M	org.telegram.ui.ur0	set	b	(IIZ)V
M	org.telegram.ui.ux0	setBackgroundColor	a	(I)V
M	org.telegram.ui.w0	updateButtonState	a	(Z)V
M	org.telegram.ui.w40	isEnabled	D	(Ln4/g1;)Z
M	org.telegram.ui.w40	getItemCount	h	()I
M	org.telegram.ui.w40	notifyDataSetChanged	l	()V
M	org.telegram.ui.w40	onBindViewHolder	v	(Ln4/g1;I)V
M	org.telegram.ui.wa0	move	k0	(Lorg/telegram/messenger/IMapsProvider$LatLng;DD)Lorg/telegram/messenger/IMapsProvider$LatLng;
M	org.telegram.ui.wa0	setMessageObject	p0	(Lorg/telegram/messenger/MessageObject;)V
M	org.telegram.ui.wd1	finish	m	()V
M	org.telegram.ui.wd1	show	v	(Landroid/app/Activity;I)V
M	org.telegram.ui.web.d1	obj	B	(Ljava/lang/String;Ljava/lang/Object;Ljava/lang/String;Ljava/lang/Object;)Lorg/json/JSONObject;
M	org.telegram.ui.web.d1	d	g	(Ljava/lang/String;)V
M	org.telegram.ui.web.k2	recycle	o	(Lorg/telegram/tgnet/bn0;)V
M	org.telegram.ui.web.z0	d	c	(Ljava/lang/String;)V
M	org.telegram.ui.wp	isEnabled	D	(Ln4/g1;)Z
M	org.telegram.ui.wp	getItemCount	h	()I
M	org.telegram.ui.wp	onBindViewHolder	v	(Ln4/g1;I)V
M	org.telegram.ui.x3	isEnabled	D	(Ln4/g1;)Z
M	org.telegram.ui.x3	notifyDataSetChanged	M	()V
M	org.telegram.ui.x3	getItemCount	h	()I
M	org.telegram.ui.x3	onBindViewHolder	v	(Ln4/g1;I)V
M	org.telegram.ui.x3	onViewAttachedToWindow	y	(Ln4/g1;)V
M	org.telegram.ui.xb1	isEnabled	D	(Ln4/g1;)Z
M	org.telegram.ui.xb1	getItemCount	h	()I
M	org.telegram.ui.xb1	onBindViewHolder	v	(Ln4/g1;I)V
M	org.telegram.ui.xr0	getDialogId	a	()J
M	org.telegram.ui.xx0	detach	b	(Z)V
M	org.telegram.ui.xx0	of	c	(ILorg/telegram/tgnet/tm0;Lorg/telegram/ui/xx0;)Lorg/telegram/ui/xx0;
M	org.telegram.ui.y40	select	l0	(Ljava/util/ArrayList;ZZ)V
M	org.telegram.ui.y71	isEnabled	D	(Ln4/g1;)Z
M	org.telegram.ui.y71	getItemCount	h	()I
M	org.telegram.ui.y71	onBindViewHolder	v	(Ln4/g1;I)V
M	org.telegram.ui.y71	onViewAttachedToWindow	y	(Ln4/g1;)V
M	org.telegram.ui.ya1	isEnabled	D	(Ln4/g1;)Z
M	org.telegram.ui.ya1	getItemCount	h	()I
M	org.telegram.ui.ya1	notifyDataSetChanged	l	()V
M	org.telegram.ui.ya1	onBindViewHolder	v	(Ln4/g1;I)V
M	org.telegram.ui.z3	getText	C	(Lorg/telegram/ui/n50;Lorg/telegram/tgnet/bn0;Landroid/view/View;Lxe/z5;Lxe/z5;Lxe/u5;I)Ljava/lang/CharSequence;
M	org.telegram.ui.z3	setParentActivity	Y	(Landroid/app/Activity;Lorg/telegram/ui/ActionBar/s2;)V
M	org.telegram.ui.z3	close	o	(ZZ)V
M	org.telegram.ui.z3	getInstance	x	()Lorg/telegram/ui/z3;
M	org.telegram.ui.zp	isEnabled	D	(Ln4/g1;)Z
M	org.telegram.ui.zp	getItemCount	h	()I
M	org.telegram.ui.zp	notifyDataSetChanged	l	()V
M	org.telegram.ui.zp	onBindViewHolder	v	(Ln4/g1;I)V
M	org.telegram.ui.zz	isEnabled	D	(Ln4/g1;)Z
M	org.telegram.ui.zz	getItemCount	h	()I
M	org.telegram.ui.zz	onBindViewHolder	v	(Ln4/g1;I)V
M	pe.a	of	l	(Lxe/ge;)Lpe/a;
M	pg.a	draw	q	(Landroid/graphics/Canvas;I)V
M	qe.a	start	e	(II)V
M	qe.b	start	e	(II)V
M	qg.g	attach	a	(Landroid/view/View;)V
M	qg.g	detach	b	(Landroid/view/View;)V
M	qg.g	draw	c	(Landroid/graphics/Canvas;Landroid/view/View;IIFZ)V
M	qg.g	getInstance	d	(ILandroid/view/View;Landroid/view/ViewGroup;)Lqg/g;
M	qg.g	getInstance	e	(Landroid/view/View;)Lqg/g;
M	qg.g	pause	f	(Z)V
M	qg.h	setColor	h	(I)V
M	rf.a	draw	b	(Landroid/graphics/Canvas;IILorg/telegram/ui/ActionBar/k6;)V
M	rf.c	draw	b	(Landroid/graphics/Canvas;IILorg/telegram/ui/ActionBar/k6;)V
M	sg.b1	draw	b	(Landroid/graphics/Canvas;F)V
M	sg.b1	invalidate	c	()V
M	t7.a8	compare	c	(Lorg/telegram/tgnet/y3;Lorg/telegram/tgnet/y3;)Z
M	t7.a8	compare	d	(Lorg/telegram/tgnet/y3;Luf/o0;)Z
M	t7.d0	isVideo	g	(Lorg/telegram/tgnet/bn0;Lxe/u5;)Z
M	t7.f6	getType	a	(Lxe/z9;Ljava/lang/Class;)Lxe/w9;
M	t7.j	clamp	a	(FFF)F
M	t7.j	clamp	b	(III)I
M	t7.w5	apply	a	(Landroid/view/View;)V
M	t7.w5	apply	b	(Landroid/view/View;FF)V
M	tg.e0	update	a	()V
M	tg.f8	draw	a	(Landroid/graphics/Canvas;I)V
M	tg.f8	draw	b	(Landroid/graphics/Canvas;IF)V
M	tg.f8	process	d	()Z
M	tg.f8	setBounds	f	(IIII)V
M	tg.f8	setBounds	g	(Landroid/graphics/RectF;)V
M	tg.j5	load	a	()V
M	tg.j5	invalidate	i	(Z)V
M	tg.j7	fillItems	Q	(Ljava/util/ArrayList;Lorg/telegram/ui/Components/e21;)V
M	tg.l5	from	b	(Lorg/telegram/messenger/MessageObject;)Ltg/l5;
M	tg.n	load	a	()V
M	tg.q	getInstance	g	(I)Ltg/q;
M	tg.r5	getContext	t	(Lorg/telegram/ui/ActionBar/s2;)Landroid/content/Context;
M	tg.r5	getInstance	w	(I)Ltg/r5;
M	tg.r5	getInstance	x	(ILpe/b;)Ltg/r5;
M	tg.r5	getInstance	y	(IZ)Ltg/r5;
M	tg.r7	createView	d	(I)Landroid/view/View;
M	tg.r7	getItemCount	e	()I
M	tg.t7	fillItems	E0	(Ljava/util/ArrayList;Lorg/telegram/ui/Components/e21;)V
M	tg.u3	has	d	()Z
M	tg.u3	set	f	(Lorg/telegram/messenger/MessageObject;Z)V
M	u4.a	notifyDataSetChanged	g	()V
M	uf.b0	dismiss	d	()V
M	uf.d	draw	b	(Landroid/graphics/Canvas;)V
M	uf.d	removeView	d	(Landroid/view/View;)V
M	uf.d	setBounds	e	(IIII)V
M	uf.m0	attach	a	()V
M	uf.m0	detach	b	()V
M	uf.m0	draw	d	(Landroid/graphics/Canvas;FFFFZZF)V
M	uf.m0	isOutOwner	m	()Z
M	uf.m0	isPlaying	n	()Z
M	uf.p0	draw	d	(Landroid/graphics/Canvas;FLjava/lang/Integer;)V
M	uf.p0	measure	p	(II)V
M	uf.p0	setMessage	s	(Lorg/telegram/messenger/MessageObject;ZZLorg/telegram/ui/ActionBar/k6;)V
M	ug.b	isEmpty	h	()Z
M	vf.a	create	a	(Landroid/view/View;)Lxf/b;
M	vf.a	create	b	(Landroid/view/View;Lyf/a;)Lxf/b;
M	vf.a	create	c	(Landroid/view/View;Lyf/a;Z)Lxf/b;
M	vf.k	capture	e	(Landroid/graphics/Canvas;Landroid/graphics/RectF;)V
M	vg.b	getColor	Q0	(I)I
M	vg.d5	cleanup	b	()V
M	vg.e5	hasStories	H	()Z
M	vg.e5	hasStories	I	(J)Z
M	vg.e5	markStoryAsRead	V	(Lxe/ki;Lxe/mi;Z)Z
M	vg.e5	cleanup	q	()V
M	vg.j7	close	q	(Z)V
M	vg.n5	of	a	(Lorg/telegram/ui/Components/oj0;)Lvg/n5;
M	vg.p4	delete	F	(Ljava/util/ArrayList;)V
M	vg.p4	edit	G	(Lorg/telegram/tgnet/e2;Lxe/d4;)V
M	vg.p4	push	I	(Lxe/d4;)V
M	vg.p4	markAsRead	r	(I)Z
M	vg.s3	isEnabled	D	(Ln4/g1;)Z
M	vg.s3	getItemCount	h	()I
M	vg.s3	onBindViewHolder	v	(Ln4/g1;I)V
M	vg.t5	setColor	c	(Lorg/telegram/messenger/MessagesController$PeerColor;Z)V
M	vg.u0	equals	f	(Lorg/telegram/tgnet/d2;)Z
M	vg.x4	day	b	(Lorg/telegram/messenger/MessageObject;)J
M	vg.x4	filter	e	(Lorg/telegram/messenger/MessageObject;ZZ)Z
M	w1.l	matches	a	(Ljava/util/UUID;)Z
M	xe.a	TLdeserialize	a	(Lorg/telegram/tgnet/r;IZ)Lxe/a;
M	xe.a0	TLdeserialize	a	(Lorg/telegram/tgnet/r;IZ)Lxe/a0;
M	xe.ba	TLdeserialize	a	(Lorg/telegram/tgnet/r;IZ)Lxe/ba;
M	xe.be	TLdeserialize	a	(Lorg/telegram/tgnet/r;IZ)Lxe/be;
M	xe.c1	TLdeserialize	a	(Lorg/telegram/tgnet/r;IZ)Lxe/c1;
M	xe.ce	TLdeserialize	a	(Lorg/telegram/tgnet/r;IZ)Lxe/ce;
M	xe.d	TLdeserialize	a	(Lorg/telegram/tgnet/r;IZ)Lxe/d;
M	xe.d4	TLdeserialize	a	(Lorg/telegram/tgnet/r;IZ)Lxe/d4;
M	xe.e4	TLdeserialize	a	(Lorg/telegram/tgnet/r;IZ)Lxe/e4;
M	xe.e5	TLdeserialize	a	(Lorg/telegram/tgnet/r;IZ)Lxe/e5;
M	xe.ek	TLdeserialize	a	(Lorg/telegram/tgnet/r;IZ)Lxe/ek;
M	xe.fc	TLdeserialize	a	(Lorg/telegram/tgnet/r;IZ)Lxe/fc;
M	xe.g1	TLdeserialize	a	(Lorg/telegram/tgnet/r;IZ)Lxe/g1;
M	xe.ge	TLdeserialize	a	(Lorg/telegram/tgnet/r;IZ)Lxe/ge;
M	xe.ge	negative	c	()Z
M	xe.ge	positive	e	()Z
M	xe.h	TLdeserialize	a	(Lorg/telegram/tgnet/r;IZ)Lxe/h;
M	xe.h1	TLdeserialize	a	(Lorg/telegram/tgnet/r;IZ)Lxe/h1;
M	xe.h2	TLdeserialize	a	(Lorg/telegram/tgnet/r;IZ)Lxe/h2;
M	xe.h3	TLdeserialize	a	(Lorg/telegram/tgnet/r;IZ)Lxe/h3;
M	xe.hc	TLdeserialize	a	(Lorg/telegram/tgnet/r;IZ)Lxe/hc;
M	xe.he	TLdeserialize	a	(Lorg/telegram/tgnet/r;IZ)Lxe/he;
M	xe.hk	TLdeserialize	a	(Lorg/telegram/tgnet/r;IZ)Lxe/hk;
M	xe.i	TLdeserialize	a	(Lorg/telegram/tgnet/r;IZ)Lxe/i;
M	xe.ie	TLdeserialize	a	(Lorg/telegram/tgnet/r;IZ)Lxe/ie;
M	xe.jc	TLdeserialize	a	(Lorg/telegram/tgnet/r;IZ)Lxe/jc;
M	xe.ji	TLdeserialize	a	(Lorg/telegram/tgnet/r;IZ)Lxe/ji;
M	xe.kf	TLdeserialize	a	(Lorg/telegram/tgnet/r;IZ)Lxe/kf;
M	xe.ki	TLdeserialize	a	(Lorg/telegram/tgnet/r;IZ)Lxe/ki;
M	xe.lg	TLdeserialize	a	(Lorg/telegram/tgnet/r;IZ)Lxe/lg;
M	xe.m3	TLdeserialize	a	(Lorg/telegram/tgnet/r;IZ)Lxe/m3;
M	xe.me	TLdeserialize	a	(Lorg/telegram/tgnet/r;IZ)Lxe/me;
M	xe.mi	TLdeserialize	a	(Lorg/telegram/tgnet/r;IZ)Lxe/mi;
M	xe.o	TLdeserialize	a	(Lorg/telegram/tgnet/r;IZ)Lxe/o;
M	xe.oi	TLdeserialize	a	(Lorg/telegram/tgnet/r;IZ)Lxe/oi;
M	xe.p	TLdeserialize	a	(Lorg/telegram/tgnet/r;IZ)Lxe/p;
M	xe.ph	TLdeserialize	a	(Lorg/telegram/tgnet/r;IZ)Lxe/ph;
M	xe.pj	TLdeserialize	a	(Lorg/telegram/tgnet/r;IZ)Lxe/pj;
M	xe.sc	TLdeserialize	a	(Lorg/telegram/tgnet/r;IZ)Lxe/sc;
M	xe.se	TLdeserialize	a	(Lorg/telegram/tgnet/r;IZ)Lxe/se;
M	xe.u3	TLdeserialize	a	(Lorg/telegram/tgnet/r;IZ)Lxe/u3;
M	xe.u4	TLdeserialize	a	(Lorg/telegram/tgnet/r;IZ)Lxe/u4;
M	xe.u5	TLdeserialize	a	(Lorg/telegram/tgnet/r;IZ)Lxe/u5;
M	xe.ud	TLdeserialize	a	(Lorg/telegram/tgnet/r;IZ)Lxe/ud;
M	xe.v	TLdeserialize	a	(Lorg/telegram/tgnet/r;IZ)Lxe/v;
M	xe.v3	TLdeserialize	a	(Lorg/telegram/tgnet/r;IZ)Lxe/v3;
M	xe.v5	TLdeserialize	a	(Lorg/telegram/tgnet/r;IZ)Lxe/v5;
M	xe.vj	TLdeserialize	a	(Lorg/telegram/tgnet/r;IZ)Lxe/vj;
M	xe.w	TLdeserialize	a	(Lorg/telegram/tgnet/r;IZ)Lxe/w;
M	xe.wd	getDialogId	a	()J
M	xe.wh	TLdeserialize	a	(Lorg/telegram/tgnet/r;IZ)Lxe/wh;
M	xe.x	TLdeserialize	a	(Lorg/telegram/tgnet/r;IZ)Lxe/x;
M	xe.x5	TLdeserialize	a	(Lorg/telegram/tgnet/r;IZ)Lxe/x5;
M	xe.x9	TLdeserialize	a	(Lorg/telegram/tgnet/r;IZ)Lxe/x9;
M	xe.xf	TLdeserialize	a	(Lorg/telegram/tgnet/r;IZ)Lxe/xf;
M	xe.xh	TLdeserialize	a	(Lorg/telegram/tgnet/r;IZ)Lxe/xh;
M	xe.y5	TLdeserialize	a	(Lorg/telegram/tgnet/r;IZ)Lxe/y5;
M	xe.yd	TLdeserialize	a	(Lorg/telegram/tgnet/r;IZ)Lxe/yd;
M	xe.z5	TLdeserialize	a	(Lorg/telegram/tgnet/r;IZ)Lxe/z5;
M	xe.zd	TLdeserialize	a	(Lorg/telegram/tgnet/r;IZ)Lxe/zd;
M	xf.a	draw	b	(Landroid/graphics/Canvas;Landroid/graphics/Paint;)V
M	xg.a3	hide	e	(Z)V
M	xg.d	setText	g	(Ljava/lang/CharSequence;ZZ)V
M	xg.i	draw	a	(Landroid/graphics/Canvas;F)V
M	xg.i	setTextSize	c	(F)V
M	xg.i6	copy	g	()Lxg/i6;
M	xg.l9	getInstance	D	(Landroid/app/Activity;I)Lxg/l9;
M	xg.l9	onBackPressed	L	()Z
M	xg.l9	close	p	(Z)V
M	xg.n0	hide	a	()V
M	xg.p	r	b	(F)F
M	xg.q7	setChecked	c	(ZZ)V
M	xg.t9	load	c	()V
M	xg.u9	check	b	(FFFFJFFFLxg/o9;)V
M	yd.b	format	b	(Ljava/lang/String;)Ljava/lang/String;
M	yd.b	getInstance	c	()Lyd/b;
M	yg.g	fillItems	z0	(Ljava/util/ArrayList;Lorg/telegram/ui/Components/e21;)V
M	z.f	clear	b	()V
M	z.f	clone	c	()Lz/f;
M	z.f	containsKey	d	(J)Z
M	z.f	delete	e	(J)V
M	z.f	get	f	(J)Ljava/lang/Object;
M	z.f	isEmpty	i	()Z
M	z.f	keyAt	j	(I)J
M	z.f	remove	l	(J)V
M	z.f	size	m	()I
M	z.f	valueAt	n	(I)Ljava/lang/Object;
M	ze.a	equals	a	(Lze/a;Lze/a;)Z
M	ze.a	isEmpty	b	()Z
M	ze.a	of	c	(Lorg/telegram/tgnet/v0;)Lze/a;
M	zf.a	mainTabs	f	(Lorg/telegram/ui/ActionBar/k6;)Lyf/d;
M	zf.a	photoViewer	i	(Lorg/telegram/ui/ActionBar/k6;)Lyf/d;
M	zg.c3	fillItems	C0	(Ljava/util/ArrayList;Lorg/telegram/ui/Components/e21;)V
M	zg.p	get	c	(Landroid/content/Context;IJ)Lzg/p;
M	zg.p	load	h	()V
M	zg.p	save	k	()V
M	zg.q0	get	e	(Landroid/content/Context;IJ)Lzg/q0;
M	zg.v0	pause	b	()V
# Verified against 70862 smali and matching upstream 12.10.2 source: changed signatures and narrowed fields.
# Verified against 70862 smali and matching upstream 12.10.2 source: changed signatures and narrowed fields.
M	org.telegram.ui.Cells.u1	didPressMiniButton	w1	()V
M	org.telegram.ui.Cells.u1	didPressButton	v1	(Z)V
M	ge.f	tryGetViewHolderForPositionByDeadline	j	(IJ)Ln4/g1;
F	ge.f	this$0	h
M	n4.l0	onViewAttachedToWindow	y	(Ln4/g1;)V
F	org.telegram.ui.qm	pinnedMessageView	w2
M	org.telegram.ui.qm	scrollToLastMessage	Ua	(ZLorg/telegram/ui/sd;)V
M	org.telegram.ui.qm	updatePinnedMessageView	xc	(IZ)V
M	org.telegram.ui.Components.u4	processError	d0	(ILorg/telegram/tgnet/vj;Lorg/telegram/ui/ActionBar/s2;Lorg/telegram/tgnet/a0;[Ljava/lang/Object;)Lorg/telegram/ui/ActionBar/g2;
M	org.telegram.ui.b51	fillItems	W	(Lorg/telegram/ui/b51;Ljava/util/ArrayList;)V
M	org.telegram.ui.b51	onClick	a0	(Lorg/telegram/ui/b51;Lorg/telegram/ui/Components/q11;)V
M	org.telegram.ui.x41	of	a	(IIIILjava/lang/CharSequence;Ljava/lang/CharSequence;Ljava/lang/CharSequence;)Lorg/telegram/ui/Components/q11;
M	org.telegram.ui.ActionBar.o6	getCurrentHolidayDrawable	y0	()Landroid/graphics/drawable/Drawable;
F	org.telegram.ui.ActionBar.o6	canStartHolidayAnimation	G1
M	org.telegram.ui.rw	checkUi_itemDownloadsVisibility	u3	()V
M	vg.t2	onCreate	b	(Lorg/telegram/ui/ActionBar/ActionBarPopupWindow$ActionBarPopupWindowLayout;)V
M	org.telegram.ui.Components.mr	dismiss	a	()V
F	vg.t2	this$0	l
M	vg.y2	saveToGallery	d0	(Lvg/y2;)V
F	org.telegram.ui.Components.un	subtitleTextView	r
F	org.telegram.ui.Components.un	animatedSubtitleTextView	s
F	org.telegram.ui.Components.un	parentFragment	F
F	org.telegram.ui.Components.wl0	downloadsContainer	F0
F	org.telegram.ui.Components.xk0	currentLoadingFiles	e
F	org.telegram.ui.Components.xk0	recentLoadingFiles	f
F	org.telegram.ui.Components.xk0	recyclerListView	b
F	org.telegram.ui.Components.xk0	adapter	c
F	org.telegram.ui.Components.xk0	parentActivity	E
F	org.telegram.ui.Components.xk0	parentFragment	F
F	org.telegram.ui.Components.xk0	currentAccount	d
F	org.telegram.ui.Components.xk0	uiCallback	H
